:020000040800F2
:1000000000400220D99A0108699B0108298601084D
:1000100000000000000000000000000000000000E0
:100020000000000000000000000000001FA3010805
:10003000000000000000000031A40108158601083E
:10004000699B0108699B0108699B0108699B01087C
:10005000699B0108699B0108699B0108699B01086C
:10006000699B0108699B0108699B0108699B01085C
:10007000699B0108699B0108699B0108699B01084C
:10008000699B0108699B0108699B0108699B01083C
:10009000699B0108699B0108699B0108699B01082C
:1000A000699B0108699B0108699B0108C5860108D5
:0C00B000F586010825870108699B0108FE
:1000C00010B5064C2378002B07D1054B002B02D02E
:1000D000044800E000BF0123237010BD200D002064
:1000E00000000000D4B10208044B10B5002B03D06F
:1000F0000349044800E000BF10BDC04600000000F6
:10010000240D0020D4B1020802780B78002A03D015
:10011000013001319A42F7D0D01A70470023C25CF7
:100120000133002AFBD1581E7047000002B471460B
:1001300049084900095C49008E4402BC7047C0462A
:1001400003B47146490840004900095A49008E44E9
:1001500003BC7047002243088B4274D303098B42CF
:100160005FD3030A8B4244D3030B8B4228D3030C87
:100170008B420DD3FF22090212BA030C8B4202D329
:100180001212090265D0030B8B4219D300E0090A51
:10019000C30B8B4201D3CB03C01A5241830B8B425A
:1001A00001D38B03C01A5241430B8B4201D34B0343
:1001B000C01A5241030B8B4201D30B03C01A5241A8
:1001C000C30A8B4201D3CB02C01A5241830A8B422D
:1001D00001D38B02C01A5241430A8B4201D34B0216
:1001E000C01A5241030A8B4201D30B02C01A52417A
:1001F000CDD2C3098B4201D3CB01C01A524183092E
:100200008B4201D38B01C01A524143098B4201D367
:100210004B01C01A524103098B4201D30B01C01A92
:100220005241C3088B4201D3CB00C01A524183080C
:100230008B4201D38B00C01A524143088B4201D339
:100240004B00C01A5241411A00D201465241104699
:100250007047FFE701B5002000F0F0F802BDC0468E
:100260000029F7D076E7704703460B437FD400227E
:1002700043088B4274D303098B425FD3030A8B423A
:1002800044D3030B8B4228D3030C8B420DD3FF22A4
:10029000090212BA030C8B4202D31212090265D072
:1002A000030B8B4219D300E0090AC30B8B4201D325
:1002B000CB03C01A5241830B8B4201D38B03C01A6C
:1002C0005241430B8B4201D34B03C01A5241030BE3
:1002D0008B4201D30B03C01A5241C30A8B4201D394
:1002E000CB02C01A5241830A8B4201D38B02C01A3F
:1002F0005241430A8B4201D34B02C01A5241030AB6
:100300008B4201D30B02C01A5241CDD2C3098B429A
:1003100001D3CB01C01A524183098B4201D38B0117
:10032000C01A524143098B4201D34B01C01A5241BA
:1003300003098B4201D30B01C01A5241C3088B42FF
:1003400001D3CB00C01A524183088B4201D38B00EA
:10035000C01A524143088B4201D34B00C01A52418C
:10036000411A00D201465241104670475DE0CA0F63
:1003700000D04942031000D34042534000229C4623
:1003800003098B422DD3030A8B4212D3FC2289012D
:1003900012BA030A8B420CD3890192118B4208D303
:1003A000890192118B4204D389013AD0921100E065
:1003B0008909C3098B4201D3CB01C01A5241830979
:1003C0008B4201D38B01C01A524143098B4201D3A6
:1003D0004B01C01A524103098B4201D30B01C01AD1
:1003E0005241C3088B4201D3CB00C01A524183084B
:1003F0008B4201D38B00C01A5241D9D243088B42A1
:1004000001D34B00C01A5241411A00D20146634643
:1004100052415B10104601D34042002B00D54942A7
:10042000704763465B1000D3404201B5002000F0E6
:1004300005F802BD0029F8D016E770477047C0469E
:100440008446100062468C461900634600E0C046B0
:100450001FB501F077FE002801D40021C8421FBD5E
:1004600010B501F0B7FD4042013010BD10B501F0EC
:1004700069FE002801DB002010BD012010BDC04630
:1004800010B501F05FFE002801DD002010BD012045
:1004900010BDC04610B501F0E1FD002801DC0020D0
:1004A00010BD012010BDC04610B501F0D7FD0028D9
:1004B00001DA002010BD012010BDC04684460800AE
:1004C0006146FFE71FB500F075FB002801D400214D
:1004D000C8421FBD10B500F0F5FA4042013010BD12
:1004E00010B500F067FB002801DB002010BD0120E3
:1004F00010BDC04610B500F05DFB002801DD0020F6
:1005000010BD012010BDC04610B500F003FB00284F
:1005100001DC002010BD012010BDC04610B500F068
:10052000F9FA002801DA002010BD012010BDC046F4
:10053000994201D1801A04D002D201204042704772
:1005400001207047002B11D1002A0FD1002900D1C2
:10055000002802D00021C943080007B4024802A1C4
:100560004018029003BDC046D5FEFFFF03B46846A5
:1005700001B5029800F0BAF8019B9E4602B00CBC8F
:100580007047C046F0B5CE469946030C9C4613040E
:1005900047461B0C1D000E0061460404240C80B568
:1005A0000700100C4B436543414360432C0CC018BB
:1005B00024188C46A34203D980235B029846C44486
:1005C000494679435643230C2D042D0C8919634465
:1005D00024046019C918C0BCB946B046F0BDC04675
:1005E0009E2110B5C905041CFFF798FF002803D110
:1005F000201C00F00FFE10BD9E21201CC90500F03C
:1006000065FC00F007FE80231B069C466044F2E771
:1006100070B500220C4B04000D00FFF745FF0028C9
:1006200004D12000290002F085FC70BD064B002299
:100630002000290002F0C0F802F07CFC80231B0699
:100640009C466044F1E7C0460000E04170B50022DE
:10065000002304000D00FFF709FF002808D1200047
:10066000290000F00FF802000B001000190070BD07
:1006700080231B06E918200000F004F80023424202
:100680008B41F2E770B500220B4B0D00040001F026
:10069000CBFDFFF7BDFF060002F0B6FC0022074BC2
:1006A00001F0C2FD02000B002000290002F084F8D6
:1006B000FFF7AEFF310070BD0000F03D0000F041DB
:1006C00070B50600080002F071FC0022064B01F034
:1006D000ABFD0D000400300002F096FC2B00220060
:1006E00000F0FAFD70BDC0460000F041F0B557467D
:1006F0004E464546DE46E0B504000D00924699465A
:1007000083B08B4230D82DD04946504602F08AFD46
:1007100029000600200002F085FD331A9846203B90
:1007200034D49B4653465A46934042461F00534694
:1007300093401E00AF423BD8AF4200D179E05B4608
:10074000A41BBD41002B00DA76E0002200230092BA
:10075000019301235A46934001930123424693405B
:10076000009329E08242CFD9002200230092019316
:100770000C9B002B01D01C605D600098019903B0B8
:10078000F0BCBB46B246A946A046F0BD42469B46D9
:1007900020239B1A5246DA40414613004A468A40BB
:1007A000170042461F43534693401E00AF42C3D931
:1007B00000220023009201934346002BD8D0FB0770
:1007C00072081A4346467B080EE0AB4201D1A242B2
:1007D0000CD8A41A9D41012024196D410021013E2D
:1007E00024184D41002E06D0AB42EED9013E24190B
:1007F0006D41002EF8D1009801995B4600196941BE
:10080000002B24DB2B005A464446D3402A00E2400A
:100810001C005B461500002B2ADB26009E4033009F
:1008200026004746BE403200801A9941009001914F
:100830009EE7A342BCD882E74246202300219B1AB0
:100840000022009101920122DA40019285E742469E
:1008500020239B1A2A0046469A402300F340444630
:1008600013432A00E2401C005B461500002BD4DA3B
:1008700042462F002023260097409B1ADE403B0073
:100880003343CDE7F0B54F464646D6464402C0B5A1
:1008900047000E1C640A3F0EC50F002F3CD0FF2FEF
:1008A00042D00023802299469A46E400D2041443A1
:1008B0007F3F73025B0A984673001B0EF60F002BF6
:1008C0001BD0FF2B13D042468021D200C904114314
:1008D000884600207F3B2900FF1A4B467140C9B271
:1008E0000F2B00D9B5E0744A9B00D3589F4643466E
:1008F000002B3FD1FF3F023303E04346002B2DD1B5
:10090000012329004A467140C9B21A430E2A38D839
:100910006A48920082589746002C13D104239946C6
:10092000033B00279A46C4E7002C05D108239946CB
:10093000063BFF279A46BCE70C239946093BFF2755
:100940009A46B6E7200002F04FFC7627431F9C40F2
:1009500000237F4299469A463F1AAAE7404602F092
:1009600043FC4246431F9A4076235B421B1A904643
:100970000020B0E703234A461A4391460320FC3384
:10098000A9E70D00FF200022C005ED071043284312
:10099000E0BCBA46B146A846F0BD0D0000200022DA
:1009A000F2E75346022BEDD0032B33D0A046012BA8
:1009B00005D100200022E7E7350003287AD03B006C
:1009C0007F33002B2DDD4246520707D00F224146D0
:1009D0000A40042A02D004229446E044424612010E
:1009E00005D54246364B1A403B0090468033FE2BDD
:1009F000C8DC42469201520AD8B2C5E780220025DF
:100A0000FF20D203C0E78022D203144202D0434623
:100A1000134249D08022D20322435202FF20520ABD
:100A2000B2E70122D31A1B2BC3DC4246DA4043460D
:100A30009E37BB40591E8B411A43530704D00F23E6
:100A40001340042B00D00432530129D50120002289
:100A50009AE7424663015501AB4215D21B200022A2
:100A6000013F01261C0052005B00002C01DB9D426F
:100A700001D85B1B324301380028F3D1581E834153
:100A8000134398460D009AE71A2001225B1BE8E702
:100A9000023B5A4253415B4235000022D8B273E711
:100AA00092010020520A6FE71A4352023500FF20DC
:100AB000520A69E74446ADE720E4020860E4020810
:100AC000FFFFFFF770B542004E024C0045026D0A71
:100AD000120EC30F760A240EC90FFF2A10D0FF2C66
:100AE0000CD00120A2420AD1B54208D18B420FD0CE
:100AF000002A04D12800431E984100E0012070BD67
:100B00000120FF2CFBD13543F9D14B401800F6E70B
:100B10000020F4E730B5420044024D02C30F480004
:100B2000640A120E6D0A000EC90FFF2A19D0FF28A1
:100B30000BD0002A1ED100280BD1002D27D0002C6D
:100B400034D100292FD0080030BD002D28D1002A33
:100B500001D1002CF5D08B4207D1002B23D01800F7
:100B6000F2E7002C1CD1FF2814D0581E0223184095
:100B70000138E9E70028F8D08B42F6D18242F4DC54
:100B8000EBDBAC42F1D80020AC42DDD2E5E7002C33
:100B9000DAD0EAE7002D03D18B42E6D10020D3E77B
:100BA00002204042D0E701204042CDE78B42E8D00E
:100BB000DBE7C04630B5420044024D02C30F480097
:100BC000640A120E6D0A000EC90FFF2A1AD0FF2800
:100BD0000ED0002A1ED100280ED1002D2AD0002CC4
:100BE0000CD08B421DD0581E02231840013810E053
:100BF000002D0DD1002A20D1002C1ED1002923D098
:100C0000080006E0002C03D1FF28ECD1002D17D0FE
:100C1000022030BD0028E6D08B42E4D18242E2DCE3
:100C200004DBAC42DFD80020AC42F2D2002B0BD068
:100C30001800EEE7002CECD0D5E78B42D3D1F5E7D6
:100C400000208B42E5D0CEE701204042E1E7C046DC
:100C5000F0B54F464646D64643025B0A4500C0B54E
:100C600099460F1C2D0EC60F002D00D188E0FF2DD8
:100C700000D18DE08022DB00D2041A43002391468C
:100C800098469A467F3D7C027B00640A1B0EFF0F4C
:100C9000002B68D0FF2B21D08022E400D204144323
:100CA00042467F3B5B1900215D1C0A2A2EDC7E40F8
:100CB0004246022A23DC013A012A00D9BDE002297A
:100CC0006ED001292CD100200022C005F607104368
:100CD0003043E0BCBA46B146A846F0BD2B00FF3316
:100CE000002C65D00322414611433200013588466D
:100CF0007A40FF350A2900DDD8E01600032140467E
:100D000001228240A620C000024220D05346022B7E
:100D100046D0032B00D1BBE051464C460129D2D02E
:100D20002B007F33002B70DD620704D00F2222409E
:100D3000042A00D00434220103D5634B1C402B004D
:100D40008033FE2B2CDCA201520AD8B2BDE79020E2
:100D50008000024227D1B938FF3810426DD03E00E2
:100D6000A1468A46D2E7002C41D1012342461A43CC
:100D700090462B00424601215D1C0A2A97DDC5E7FB
:100D8000002B26D104239846033B00259A467AE798
:100D9000002B18D108239846063BFF259A4672E798
:100DA000FF20002291E780220026FF20D2038CE75B
:100DB00041460222013511438846FF350A29A5DC48
:100DC00002217E4074E70C239846093BFF259A4692
:100DD00059E7180002F008FA4A46431F76259A4060
:100DE00000236D42914698469A462D1A4BE7200003
:100DF00002F0FAF94246431F9C402B1A763B002131
:100E00005D1C0A2A00DC52E780E70122D31A1B2B63
:100E100000DD58E79E352200AC40DA40631E9C415D
:100E20002243530704D00F231340042B00D0043275
:100E3000530137D50120002247E7210C4A462404FC
:100E4000240C2700100C1204120C4443574348434F
:100E500051433A0C09195218944203D9802149028E
:100E60008C4660443F0411043F0CC9198C01671E75
:100E7000BC41120C890E12180C439201144312014A
:100E80000ED5012362081C40144349E73E00A146E9
:100E900080224B46D2031A435202FF20520A14E723
:100EA0001D003DE792010020520A0EE70F29EDD107
:100EB00080224B46D2031342EAD01442E8D13E00CE
:100EC000FF20224301E7C046FFFFFFF7F8B5474682
:100ED000CE464E0243024500720AC40F480080B558
:100EE00094465F0A2D0E9B09000EC90FB609FF2814
:100EF00024D0012251402A1A8C420FD0002A00DC53
:100F00006AE1002835D1002E00D1A2E0511E012A4D
:100F100000D124E1FF2A21D00A002FE0002A00DCC2
:100F200067E100285ED0FF2D18D08021C9040E4350
:100F30001B2A00DC76E02A00013332E02A00FF3A67
:100F40009146002E42D08C4255D04A46002A00D10C
:100F50009CE0002D00D177E00C003300DB08002B73
:100F600000D16EE08022D20313435B02FF205B0AB4
:100F700024E0FF2DF2D08021C9040E4301211B2A59
:100F800008DC31002020D140821A96403200501EE9
:100F9000824111435B1A5A0160D407212A0019408B
:100FA00057D00F211940042900D00433590150D5DE
:100FB000501CFE2A45D09B01C0B25B0AC0051843F5
:100FC000E4072043C0BCB946B046F8BD01225140F9
:100FD0008C42BAD14A46002A10D0002D00D198E0A8
:100FE0000023BBE7002E34D0511E012A6ED0FF2A09
:100FF000B4D00A009CE7002A00D088E0FE206A1CDA
:10100000104200D092E0002D00D0A4E0002B00D1CF
:10101000CBE0002E00D0CAE00022DB085B025B0AB6
:10102000D0B2CBE731002020D140821A9640320066
:10103000501E82410A439B185A01AED56A1CFE2DF0
:101040004AD1FF200023B9E7FF22002B4BD10C002F
:101050003300DB08FF2A00D181E7DFE79F01BF09EA
:10106000380002F0C1F805388740854221DC3B009A
:101070002021421B0132D3408A1A97407A1E9741A1
:1010800000223B43590700D08BE78FE7FE206A1C04
:10109000104212D1002D52D1002B7CD0002EBBD09B
:1010A0009A1B500100D48BE001240022F31A0C405B
:1010B000E8E7564B2A1A3B40E4E79F1B7A0146D4E7
:1010C000002FCDD100240020002377E79B190125B4
:1010D0000132590100D460E701214D4819405B08F5
:1010E00003400B43CEE7571E012A5AD00C00FF2ABB
:1010F00033D001221B2F07DC2021C91B1A008B4093
:10110000FA40591E8B411A430500B31A43E7002DDC
:1011100023D1FF22002B9BD0511E012AD6D0FF2ABB
:101120001BD01B292CDD0200731C3AE7FF2A88D054
:101130009B195B08590700D033E7DB086EE7002BEB
:1011400010D1002E43D0012433000C4006E70124C7
:10115000F71A0C4084E7002B04D13300FEE601258A
:101160009B1B18E7002E00D1F8E68022D20397429D
:1011700004D3944502D2012433000C40DB08F1E68D
:101180001A002025CA40691A8B40591E8B4113430F
:1011900005009B1950E7002E94D0012433000C4029
:1011A0003AE70C000125F31AF5E6330034E79B1902
:1011B00000225901C1D5154A1340DB0801222DE751
:1011C000002A00D17EE713000022DB0826E78023F7
:1011D0000024FF20DB03F1E6002A00D156E7471B7D
:1011E0003A00002D00D130E78022D2040C001343D6
:1011F0007FE7002A00D101E7411B002D01D10A0041
:1012000088E78022D20413438BE7C046FFFFFFFB31
:10121000FFFFFF7D41024200C30F490A0020120E6A
:101220007E2A03DD9D2A02DD094A98187047802036
:1012300000040143952A07DC9620821AD1404842D7
:10124000002BF3D10800F1E7963A9140F7E7C0464A
:10125000FFFFFF7F70B5041E0ED001F0C5FF9E2377
:1012600001001B1A962B0CDC08282FD008398C4063
:101270006402640AD8B201E000200024C0052043C3
:1012800070BD992B16DC421F052800D09440220027
:1012900010480240650709D00F252C40042C05D0CA
:1012A0000432540102D59F2302405B1A9201540A72
:1012B000D8B2E3E7020020001B3290400200501E2B
:1012C00082410520401AC4401443E0E7640296209E
:1012D000640AD3E7FFFFFFFBF0B557464E4645468D
:1012E000DE46E0B583B0009001910C034F00CE0FB5
:1012F000610A009C1D03640F0C4300990092019346
:10130000C80059004B0D9946009A019B6D0AD90FF0
:10131000530F2B439A46009B7F0DDA0094464A46B2
:10132000B046BA1A8E4200D1B0E0002A00DC78E064
:101330004946002900D1E9E0C9498F4200D195E131
:101340000125382A16DC8021534609040B439A46AE
:101350001F2A00DDE7E1202155468B1A61469D409A
:10136000D1400D43614699404B1E99415346D340AD
:101370000D43E41A451BA84280414042241A23022F
:1013800000D40FE16402640A002C00D139E120008E
:1013900001F02AFF0300083B20212800CA1AD04090
:1013A0009C4002009D4022439F4200DD73E1D81B18
:1013B0000130091A2C008D40C4406B1E9D41130062
:1013C000C2408B402543002714001D436B0709D002
:1013D0000F232B40042B05D02B1DAB42AD416D429A
:1013E00064191D00230200D42DE19D4A0137974264
:1013F00000D1D3E046469B49ED0821404A072A43E5
:101400007C054D022D0B640D24052C43F607344357
:101410001000210003B0F0BCBB46B246A946A0466E
:10142000F0BD002A00D184E04A46D21B002F00D034
:101430006DE12500054300D127E1561E012A00D1A8
:101440003BE2874DAA4200D16AE20125382E12DC28
:1014500032001F2A00DDF8E120262500B61A070019
:101460005346B040D440B540D740461EB0411B1B48
:101470009A463D4305436246551BAC45924153464F
:1014800052420E004F4688469C1A78E7002A00DC3C
:101490008EE04946002975D161465346194300D173
:1014A000F6E0511E012A00D191E16D4DAA4200D112
:1014B000DCE00125382914DC0A001F2A00DDA2E146
:1014C00020215346891A8B401D006346D3401D439B
:1014D00063468B4019004B1E99415346D3400D4340
:1014E000E4182D188542804140422418230259D522
:1014F0005B4B01379F4251D001215A4B6A081C4077
:1015000029400A43E507154364085FE761465346EF
:10151000194300D1BCE0511E012A00D164E1504DB5
:10152000AA4200D16AE10125382900DD22E70A003C
:101530000EE74D4A7D1C154200D0D0E025006246E2
:10154000534605431A43002F00D037E1002D00D148
:10155000A8E1002A00D16AE16346C51A5346E21A9F
:10156000A8429B415B42D31A1A0200D403E26346AD
:101570001D1AAC459241534652421C1B0E00884630
:10158000A41A23E736498F4270D00125382AA8DCF7
:101590008021534609040B439A468EE73C00002500
:1015A000002231E707232B40002B00D010E793E007
:1015B000002A74D04A46D21B002F00D1C7E0284928
:1015C000894500D185E10125382A12DC80210904F2
:1015D0000C431F2A00DDABE120212500891A0700FA
:1015E00088408D40D740411E8841D4403D4305434B
:1015F000A2446544654592415242524414004F460C
:1016000074E7280001F0F0FD030018331F2B00DC05
:10161000C2E62A00083882409F4200DDA9E0DB1BB9
:10162000581C1F2800DCACE115001F3BDD402028C2
:1016300005D040231B1A9A40531E9A411543072395
:1016400000272B40B0E7ED08054B62072A43E4086A
:101650009F420FD02403250B7C05640DD4E6C046C1
:10166000FF070000FFFF7FFFFE070000C0086207C2
:101670000243E4081300234300D186E180252D03B3
:1016800025432D03C34C2D0BBEE6604654460E0089
:101690001700C508D8E7C04CFF1A144096E6BF4AA9
:1016A000791C11426BD122000243002F00D0DBE0F5
:1016B000002A00D12DE1624653461A4300D1B6E01C
:1016C0006346C51885428041544440422418230291
:1016D00002D50F00B04B1C403A002800D8E7624604
:1016E000851AA8429241534652429146E31A1A0083
:1016F0004B46D21A130091461A0254D44A464C461D
:101700002A4300D040E60026002400257CE6A14DB7
:10171000A94500D190E00125382A00DDABE68025FF
:101720002D042C4395E6110055462039CD40A9469D
:10173000202A06D0402153468A1A934062461A4313
:10174000944665466B1E9D414B461D4312E62100A3
:10175000014300D1C4E0511E012A00D1FBE08D4DB0
:10176000AA4200D1B5E00125382900DD41E70A0091
:101770002FE7894CFF1A14406207E4086AE7854A9C
:10178000914200D1E3E06346C218824280412300C7
:10179000404253441B18DD075C08072352081543D9
:1017A0000F002B4000E763461D1AAC45924153469B
:1017B00052421C1B0E008846A41AE5E5002D00D0FD
:1017C00091E0002A38D180240026240356E763469E
:1017D000C518854280415444404224180127230201
:1017E00000D4DFE6022787E66346C51AA842804197
:1017F00053464042E41A0127241AC0E56207C00894
:101800000243E40836E7110053462039CB4099469D
:10181000202A06D0402153468A1A934062461A4332
:10182000944665466B1E9D414B461D4359E6620733
:10183000C0080243E4080DE753465A076346D80838
:1018400053460E000243DC0814E715002600203D35
:10185000EE40202A03D04025AA1A94402043421E7D
:1018600090410500354306E6002A7CD06246534687
:10187000C0081A4300D1FAE6620710438022E40848
:101880001203144208D0D908114205D16346D80882
:1018900053460C005B071843420FC000C0085207B4
:1018A0000243E7E6002A00D12DE76346D8085346F5
:1018B0005A070E000243DC08CCE663461D1AAC450D
:1018C0009241534652421C1B0E008846A41A01370F
:1018D00055E56346D90853465A070A43DC08C9E66A
:1018E00060465446D4E6C008002A00D1BFE662072D
:1018F00010438022E40812031442CDD0DD081542C3
:10190000CAD16346D80853465B070E002C00184323
:10191000C2E76346D90853465A070A43DC0899E6EA
:101920006346D80853465A070E000243DC08A1E676
:10193000110027002039CF40202A03D040218A1AE5
:1019400094402043421E904105003D4351E60C0067
:101950000025002258E560446045924154445242BB
:101960000500A4183AE753465A076346D908534678
:101970000A43DC087EE61A001C002A4300D0ABE6CE
:10198000C1E620210025091A19E500220025014C95
:101990003AE5C046FF070000FFFF7FFFFE0700009B
:1019A000F0B5DE46454657464E46E0B587B0009254
:1019B00001930B031B0B9B46CA0F4B000400804690
:1019C0005B0D029200D16AE1D44A934200D18CE1CE
:1019D0005946420FC9000A43802109041143C2003D
:1019E0009046CF4A894692469A44002300240393A6
:1019F000009E019F3B031B0B9B467B0030005B0D51
:101A0000FD0F002B00D128E1C44A934200D177E1B9
:101A10005946720FC9000A438021090411438B46BD
:101A2000BF49F2008C4651466344CB1A9A460023C4
:101A3000029E6E400F2C27D8BA49A40009598F4640
:101A4000CB464246029E039B022B16D0032B00D1AD
:101A5000A6E2012B00D0DFE0002200230024904604
:101A60001B052343F60733434046190007B0F0BC7B
:101A7000BB46B246A946A046F0BD002200249046CF
:101A8000A64BEDE72E00DFE7CB4500D2D4E100D135
:101A9000CFE101235B429C46444648460027E2448E
:101AA0005B46150E1B021D43190C2B0412020095F8
:101AB0001D0C914602910395FEF7D2FB02006A438A
:101AC0000B04210C804619438A4209D9009D012349
:101AD000AC465B4261449C46E0448D4200D8FBE149
:101AE000881A0299FEF7BCFB039A240442430904B6
:101AF000240C03000C43A24206D90099013B8C46FA
:101B00006444A14200D8E1E1A01A424612041A43FB
:101B100093464B4659461B0C1D0004930B04494643
:101B20000904090C0C001B0C5C43120C6B43884627
:101B300051436A43250CAC465B186344994203D970
:101B4000802149028C466244190C24041B04240C95
:101B50008A181C19904202D316D1A74214D25B46B0
:101B6000009D013B4F4405934F459B41AC465B4272
:101B70006344C018854200D3A1E1824200D9F6E156
:101B800000D1F1E1059B9B463C1BA742BF41009D54
:101B9000801A7F42C01B854200D1D0E10299FEF736
:101BA0005FFB039A0B044243210C070019438A424E
:101BB00000D978E1881A0299FEF752FB039A2404AF
:101BC00042430904240C03000C43A24200D95DE106
:101BD0004146A41A3A041A43049D13041B0C5943AA
:101BE00047466B439C46100C47430B0CBC44634474
:101BF00068439F4203D980256D02AC4660441F0CA8
:101C000009041B04090C3F185B18BC4200D202E116
:101C100000D1FDE001231A43434B5344002B00DC69
:101C2000AEE0510700D098E15946C90106D55946A2
:101C30003E4B194080238B46DB0053443C498B428A
:101C400000DD1AE75946D208490711435A465B0599
:101C500054028846240B5B0D02E75A46009B1A4348
:101C600000D17EE05B46002B00D100E1584601F038
:101C7000BBFA020003000B3A1D27009EBA1A190096
:101C80005846D64008398840320002439346009AAD
:101C90008A40284953448A469A440023C8E65B4652
:101CA0000343994656D05B46002B00D1CDE0584601
:101CB00001F09AFA0B235B429C460200844466467C
:101CC0001D239B1B260011005846DE400839884022
:101CD00033000343994623008B409846164B00245B
:101CE0009B1A9A460023039382E65A460243914682
:101CF0002AD100229A46022390460824039377E6CD
:101D00005A46009B1A430D4B9C46E244002A17D1C9
:101D100002231C4300239B46023389E6FF07000091
:101D200001FCFFFF9CE40208FF030000FFFFFFFE31
:101D3000FE070000F30300000DFCFFFF01F8FFFFAA
:101D4000032332001C4373E69A460323D9460C242E
:101D500003934DE6002398469A46013304240393E7
:101D600046E601231C4300239B46013360E6002323
:101D7000802498460026924B240371E601225242A9
:101D80000121C91A382900DD66E61F2900DCABE015
:101D90001F204042C31A5846D8400300202904D0CF
:101DA00058468849514488400243511E8A411A438B
:101DB000072319000024114013420CD00F231340B5
:101DC000042B00D1F9E0111D91429B410A005B42B6
:101DD00059075B021C0BD2080A43904600233FE6DA
:101DE00080244B462403234209D05B46234206D17C
:101DF0001C4324032E009046714B240B30E68024B4
:101E00004B4624031C432403029E6D4B240B27E600
:101E1000002B00D100E70098511E844664448442A0
:101E200000D284E0BC4200D2AEE000D1C1E00A00A2
:101E3000F0E6424500D92CE64B46DC0758084346FD
:101E40005B081C434346DF072AE601F0CDF9152362
:101E50009C4684440200634620321C2B00DC2EE7A3
:101E600023000838834099460023984636E701F05E
:101E7000BBF902000300153220331C2A00DCFBE60C
:101E800000990838814000228B4602E70099013B07
:101E90008C466444A14200D99AE6A24200D897E653
:101EA000831E644494E6AC466144013F8D4200D9F0
:101EB00080E68A4200D87DE6871E61447AE6854244
:101EC00000D05FE6B94500D95CE656E6A24200D8EC
:101ED0001AE6831E644417E68A4200D800E6AC4640
:101EE000831E98466144FBE5374814005044824005
:101EF0005B4617008340CC407A1E974123433B4307
:101F00001A005B46CB40510709D00F21114004292C
:101F100005D0111D9142924152429B180A001902AC
:101F200000D455E7002201230024904698E50A00DA
:101F3000BC4200D06EE64B4500D06BE66CE6234B0E
:101F4000234A5344924500DA18E7012149420A1D09
:101F50008A42894149428B4466E60F211140042997
:101F600000D161E61100F2E7BC4200D80AE6022384
:101F70005B429C4600994F444F459B41E3448C464D
:101F80005B426344C018FFE54946009D4800484550
:101F90008941AC46494261448146023A6418C7E728
:101FA00080245B4624031C4324039046044B240BEB
:101FB00056E59945E8D30A00BDE7002308E7C04687
:101FC000FF0700003E0400001E040000FF030000A5
:101FD00002FCFFFFF0B55746DE464E464546E0B5EB
:101FE0000D000400E80F83460903D80F090B824651
:101FF00019488C461F0369005E00490D3F0B760DA2
:10200000814218D086420FD00120B1420DD1BC458B
:102010000BD1944209D1D3451CD0002905D160468B
:102020002043431E984100E00120F0BCBB46B2466D
:10203000A946A046F0BD01208E42F6D16146394343
:102040000F0017432743F0D15B465246981A431EB0
:102050009841EAE70020E8E7FF070000F0B557469F
:102060004E464546DE46E0B50D000F03390B83B002
:102070000400804601915800E90F314F400D8C4615
:102080006E00190382469146760D090BD80FBE42A9
:102090001FD0BA450FD0002E2FD15546019E344394
:1020A000002D27D10A433AD0002C45D100281AD15F
:1020B0000120404217E011433BD1002E02D1019F85
:1020C0002743F3D0844509D16346002BF0D0604606
:1020D00009E0019F27432CD1B24524D0634602205A
:1020E000013B1840013803B0F0BCBB46B246A946DC
:1020F000A046F0BD002CD9D0E4E75446002CEDD02A
:102100008445EBD15645E9DCDEDB019B8B42E5D80B
:10211000DAD1C845E2D80020C845E4D2D4E700208F
:10212000002CE0D0DAE7114303D18445D6D100205A
:10213000D9E702204042D6E78445E6D0CEE7C04644
:10214000FF070000F0B557464E464546DE46E0B56F
:102150000D000F0304008046E80F390B844683B05E
:102160005800304F400D01911E0369008246914690
:10217000490D360BD80FB94220D0BA450FD00029EF
:102180002BD101990C435146002937D1324338D025
:10219000002C44D1002819D10120404216E01643FA
:1021A00013D1002902D1019F2743F3D0844520D0C9
:1021B00063460220013B1840013807E0019F274396
:1021C00003D18A45F4D116431FD0022003B0F0BCDE
:1021D000BB46B246A946A046F0BD5446002CE7D007
:1021E0008445E5D15145E3DC03DB019BB342DFD8F5
:1021F0000FD06346002BCFD06046E7E7002CC9D054
:10220000D4E70020002CE1D0D2E78445D0D10020D3
:10221000DCE7C845CCD80020C845D7D2E9E78445DB
:10222000E3D0C5E7FF070000F0B55746DE464E464F
:102230004546E0B51F000B031B0B16009A46CA0F5C
:102240004B000400934687B05B0D00D1D5E0BB4A3C
:10225000934200D1F8E05146420FC9000A43802161
:1022600009041143C2009146B54A8A469D180023CD
:10227000984602933C037B00FA0F3000240B5B0D61
:10228000009200D196E0AD4A934231D0720FE40043
:102290002243802424041443A94AF0009446634452
:1022A0005B195A1C0192424600260A2A42DC5A4611
:1022B00000994A4093464246022A32DC013A012AFA
:1022C00000D949E1022E00D1CAE0012E3DD1002300
:1022D0000024002210005A461B052343D207134353
:1022E000190007B0F0BCBB46B246A946A046F0BDF7
:1022F000924B2643EB18002E00D1BBE0032241464F
:1023000011435A46884600994A40802109018C466B
:1023100029006144019141460A2900DD33E29346D8
:102320000326424601279740A6213A00C9000A40E9
:102330000F4231D0029E022E00D135E2032E00D191
:10234000D2E154464846012EC1D0019A7D4B9446B5
:102350006344002B00DCC0E0420709D00F2202409A
:10236000042A05D0021D82428041404224181000F8
:10237000E20106D5744B019A1C4080239446DB0091
:102380006344724A93426BDC6207C00864025B05D7
:102390000243240B5B0D9DE7902189000F4263D11E
:1023A00088223A4200D1D7E0009BA2469B46814654
:1023B0000296BFE72300334300D17FE0002C00D119
:1023C000ADE1200000F010FF020003000B3A1D20D9
:1023D0001900821A30000839D0408C400443300084
:1023E00088405B4AEB1A944663445A1C0192424669
:1023F00000260A2A00DC5AE79CE753460343994625
:1024000054D05346002B00D177E1504600F0ECFE4B
:102410000B235B429C46020084441100504608395D
:1024200088401D23804660461B1A2000D8400300C8
:10243000404603439A4623008B4099460023444D6F
:102440009846AD1A029315E752460243914626D1AB
:1024500000221D000223924608329046029309E7AB
:1024600000240022354B35E7002380249B462403BB
:10247000324B2FE70222414611438022120194463B
:102480002A006244884601920A2900DD52E75A4632
:102490000020009904004A40934602260BE70C22D4
:1024A0001D000323814690460293E3E600239A46EB
:1024B00004339846033B00250293DBE64246013392
:1024C0001A432B0090465A1C0192424600240020D9
:1024D00001260A2A00DCEAE62CE70122D21A382A71
:1024E00000DDF4E61F2A00DC2AE11F214942CB1A55
:1024F0002100D9400B00202A05D0164A019D9446A0
:102500006544AC402043421E904118430723190004
:102510000024014003420CD00F230340042B00D1C0
:1025200040E1031D8342A441180064426107640234
:10253000240BC20800230A43CCE6C046FF07000074
:1025400001FCFFFFFF030000FFFFFFFEFE0700008E
:102550000DFCFFFF3E04000049464A460904090CF1
:102560000D00160C020C0004000C4543AC4605009F
:102570007543A84615000F007543009202952A0086
:10258000009D6F4365462D0CA94647444F44B8450E
:1025900005D91500802252029046454402953D0C13
:1025A000039565462D043F042D0CAC463D00654463
:1025B0000495250C2404240CAC4625007543A8463C
:1025C00065460F006943414489466743390C4944D5
:1025D0006E43884503D980225202904646440D0C32
:1025E000A846350045440595039D3F04A8463F0C89
:1025F0000904C91988444546039555462E04360CEE
:102600002F0C35004543784381463800A8462D0CF1
:10261000AA46009A504372434A445244914503D912
:1026200080256D02A9464844150CA94645462D044F
:102630002D0CA84665467D43120448449044A946A3
:102640003200654662436E437C43170C3619BF194E
:10265000BC4203D980246402A446E144029C039E48
:10266000A446059D66448E428941AC4612043C0452
:10267000120CA2186244494254184644A4464645E6
:10268000A44182466442A046AA4292418C458941B7
:10269000E244D044494252420A43A045A441824503
:1026A0008941644249420C4341463F0CD2191219F8
:1026B000CC0D049970020843411E884141464A44AA
:1026C000F60D52023043490214430843D20135D576
:1026D0000122430802401343E0071843640834E62C
:1026E000009BA2469B4681468024534624031C43FC
:1026F00024034A462E4B240BECE500F075FD152310
:102700009C4684440200634620321C2B00DC84E695
:10271000002399462300083883409A468EE600F04D
:1027200063FD02000300153220331C2A00DC4EE654
:1027300002003400083A0020944052E6019304E677
:102740001C4B21009C460300019DD3406544A940D9
:1027500019430300AB40581E834119430800D4407D
:102760004B0709D00F230B40042B05D00B1D8B42C8
:102770008041404224181800230200D4D6E60123E9
:1027800000240022A6E50F29AAD1802352461B036C
:102790001A42A9D01C42A7D11C43009B02009B46B1
:1027A000034B97E50024C1E60024014B220091E58C
:1027B000FF0700001E040000F0B54E464546DE4609
:1027C0005746E0B585B0009001910C034F00CE0F45
:1027D000610A009CB046640F0C4300997F0DC8004D
:1027E00011001A001B039C460091019251004B0DF1
:1027F0009946019B009DD90F63466A0F5B0A1343FC
:10280000EA0094469346C14A03900293914500D151
:10281000CDE0012569404D467D1BAA468E4200D180
:1028200080E0002D00DC35E34946002900D1DFE0DF
:10283000974200D194E152460125382A19DC8022C2
:10284000029B12041343029352461F2A00DDE3E168
:10285000534620226146029DD21A9540D9400D432D
:10286000614691400A00511E8A411543029ADA409E
:10287000A41A451BA84280414042241A230200D4D6
:102880003DE16402640A002C00D147E1200000F021
:10289000ABFC0300083B20212800CA1AD0409C4012
:1028A00002009D4022439F4200DD77E1D81B0130AA
:1028B000091A2C008D40C4406B1E9D411300C2407C
:1028C0008B402543002714001D436B0709D00F23BD
:1028D0002B40042B05D02B1DAB42AD416D4264193A
:1028E0001D00230200D440E1884A0137974200D1FD
:1028F00001E1012643468649ED0821404A072A4363
:102900007C054D022D0B640D1E4024052C43F6075B
:1029100034431000210005B0F0BCBB46B246A946C6
:10292000A046F0BD002D00DCD0E24946002900D0D1
:10293000D4E06146029B194300D12BE1691E012DB1
:1029400000D1D9E1954200D10AE10125382917DCEF
:102950008A4653461F2B00DDE7E12022D21A029B54
:10296000614693401D005346D940634693401A0088
:102970000D43511E8A4153461543029ADA40A4186A
:102980002D188542804140422418230200D4B6E02D
:102990005E4B01379F4200D1ADE001215C4B6A08DC
:1029A0001C4029400A43E507154364088DE7594A4E
:1029B000029B92466246BA441A432CD08E422ED0D5
:1029C0005246002A60D0002F00D1DBE063460E00A3
:1029D000029CD80862070243E4081300234300D195
:1029E00054E280252D0325432D03484C2D0B8CE705
:1029F0006146029B194300D1CCE029000139012D29
:102A000000D188E1954200D1AAE00125382900DDF6
:102A10002FE78A4618E7012251408E42D0D1534613
:102A2000002B00D1BEE0002F00D038E1CA462200C2
:102A3000024300D1E2E15346591E012B00D10DE2C1
:102A4000324A924500D1D2E10127382913DC1F29EF
:102A500000DDEEE12022029B521A250007009A4673
:102A6000CC4090409540CF40A244421E90415346F6
:102A70002F43074302933D00654465459241029B05
:102A800052424F46D41880E7234A7D1C154200D09D
:102A9000AAE062462500029B05431A43002F00D09E
:102AA000F5E0002D00D16BE1002A00D152E1634630
:102AB000C51A029BE21AA8429B415B42D31A1A0232
:102AC00000D4D5E163461D1AAC4592410126029B14
:102AD00052421C1B8846A41A0E40F6E697423FD08D
:102AE00052460125382A00DD4AE78022029B120463
:102AF000134302932DE73C000025002205E707233E
:102B00002B40002B00D0E2E66BE0C046FF07000040
:102B1000FFFF7FFF01F8FFFFFE070000280000F025
:102B200063FB030018331F2B00DCB4E62A000838CF
:102B300082409F4200DDB9E0DB1B581C1F2800DCEF
:102B4000A0E115001F3BDD40202805D040231B1AC3
:102B50009A40531E9A411543072300272B40D0E784
:102B6000C00862070243E40837E7EA0863071A432C
:102B7000D34BE4089F4200D12FE72403250B7C05AB
:102B8000640DC2E6CA462200024358D163460E00D5
:102B9000029C0393039B5746DA08E7E7C94CFF1AE8
:102BA000144092E6C84D7A1C2A4200D084E02200EC
:102BB0000243002F00D0EFE0002A00D1E5E062469A
:102BC00002990A4300D1C5E06346C5188C46854288
:102BD0008041644440422418230202D5B94B013796
:102BE0001C40BA460395D5E76246851AA842924131
:102BF00052429146029BE31A1A004B46D21A130026
:102C000091461A026CD44A464C462A4300D03AE612
:102C100000260024002578E6029953460D00203A4C
:102C2000D540202B06D04022D21A0B00934062469A
:102C30001A4393465B465A1E93411D4319E6534679
:102C40005A1E012B00D1C6E09D4EB24500D1BDE613
:102C500088460E000125382A10DC1F2A7FDC20213F
:102C60002500891A070088408D40D740D440411E76
:102C70008841029B3D431B1B054302936246551B43
:102C8000AC459241029B52424F469C1AF6E5002DFC
:102C900000D0B7E0002A00D1F0E001260E406346E4
:102CA0000298D90842070A43C40896E6854CFF1AE1
:102CB00014406207E40860E781498A4200D1C9E014
:102CC0006346C11881428041029B4042E3181B18B1
:102CD000DD075C08072349080D4317002B4010E768
:102CE00063461D1AAC4592410126029B52421C1BB1
:102CF0008846A41A0E40C6E56346C518029B854265
:102D000080419C464042644424180127230200D499
:102D1000F5E6022741E66346C51AA8428041029BB8
:102D20004042E41A0127241AA8E5029D52462B00CE
:102D3000203AD34019005346202B06D04022D21A05
:102D40002B00934062461A4393465D466B1E9D419D
:102D50000D4315E66207C0080243E4080DE71100C1
:102D600027002039CF40202A05D040218A1A9440DC
:102D7000250005430395039D6A1E95413D437DE76C
:102D8000002A00D144E701260E406346D908029B81
:102D90005A070A43DC08F0E6002A28D06246029F60
:102DA000C0083A4300D1DCE6620710438022E40801
:102DB0001203144209D0FD08154206D163460126CC
:102DC0002C00D8087B0718430E40420FC000C008F3
:102DD0005207024301E663461D1AAC459241029B2D
:102DE00052421C1B0E0088460127A41A46E5634682
:102DF000D908029B5A070A43DC08EEE56346029CA9
:102E00000393C7E6C008002A00D1AAE66207104370
:102E10008022E40812031442D7D0029FFD08154215
:102E2000D3D163460126D8087B072C0018430E40F7
:102E3000CBE70A002700203AD740202905D04022BE
:102E4000521A9440250005430395039D6A1E95413F
:102E50002F4310E614000025002256E5029B604433
:102E60009946604592414C4452420500A4184CE7F3
:102E70001A001C002A4300D0B3E6C9E680240026CD
:102E80002403AEE520210025091A17E500220025BC
:102E90000B4C3AE5002D00D1F6E54B46DA1B924685
:102EA000002F00D16FE6382A05DC80263604344333
:102EB00088460E00D1E688460E000125DEE6C046B3
:102EC000FF070000FFFF7FFFFE070000002D00D17D
:102ED00068E64B46D91B002F01D18A46A7E501279A
:102EE000382900DDC7E5802212041443AFE5C0464F
:102EF000F0B5C6461E03360BB0460D4E0C034D0012
:102F00005F0000B5240B6D0D7F0DB5420BD0084955
:102F100000208F4204D1464616433000431E98419C
:102F200080BCB846F0BD04430120002CF8D1EEE788
:102F3000FF0700000B00020070B5164D0C0382B0B5
:102F40004900002000920193240B490DDE0FA94295
:102F500004DD1148814203DD104BF01802B070BD52
:102F60008020400320430E4C641A1F2C08DD0D4BBB
:102F70005B1AD84003005842002EEFD11800EDE74D
:102F8000094B009A9C46030061448B40E240134386
:102F9000F1E7C046FE0300001D040000FFFFFF7FB5
:102FA0003304000013040000EDFBFFFF70B50028A0
:102FB00016D0C317C5185D40C40F280000F014F9DF
:102FC000104B1B1A5B055B0D0A2814DC02002E0057
:102FD000153296400B22121AD5402D032D0B03E01B
:102FE00000240023002500261B052B43E407234370
:102FF0003000190070BD0B3885402D0300262D0BC5
:10300000F2E7C0461E04000010B5041E10D000F008
:10301000EBF80E4B1B1A5B055B0D0A280FDC0B222D
:103020002100121AD14015300A038440120B01E02E
:10303000002300221B0513432000190010BD2200AD
:103040000B38824012030024120BF3E71E04000029
:1030500070B542024300C40FFE201B0E591C550AD6
:1030600008420CD0E02189008C466D07120B6344A6
:103070001B051343E40723432800190070BD002BF0
:1030800014D1002D1BD0280000F0AEF80A281CDC5B
:103090000B232A001B1ADA40030015339D400E4B08
:1030A00012031B1A5B05120B5B0DE1E7002D09D023
:1030B000130B802212031A436D07084BD8E7002335
:1030C0000022D5E70022054BD2E703002A000B3B84
:1030D0009A400025E3E7C04689030000FF0700008F
:1030E000F0B54B000F035B0D3B4C450F83B07F0ADF
:1030F0005E1C2F4300900191CA0FC50026420BD0E1
:1031000036495C18FE2C13DDFF200023C005184350
:10311000D207104303B0F0BD002B02D100200023E2
:10312000F4E73D43F0D08023DB03FF203B43EDE792
:10313000002C14DD009BFF009B01581E8341690F8A
:103140003B430B43590741D00F211940042928D094
:103150000433590125D501340023E0B2D6E721001C
:103160001731DBDB80211E2009043943001B1F2897
:103170001BDD02267642341B0E00E6403400202878
:1031800004D017488446634499400D432B00591ED0
:103190008B412343590715D00F21002419400429DE
:1031A00017D19B015B0AE0B2B0E70E4C1C192B0053
:1031B000A540C340A140681E854129430B4300241C
:1031C0005907C1D19B0100205B0A9FE7DB08E0B2F1
:1031D0009CE70433E5E7C046FE07000080FCFFFFE4
:1031E000A2FCFFFF82FCFFFF1C2101231B0498426D
:1031F00001D3000C10391B0A984201D3000A083988
:103200001B09984201D30009043902A2105C40183E
:103210007047C046040302020101010100000000E2
:103220000000000010B5002903D1FFF7DDFF2030BA
:1032300002E00800FFF7D8FF10BDC04680B500AF20
:10324000BFF34F8FC046044B044ADA60BFF34F8F81
:10325000C046C046FDE7C04600ED00E00400FA05A8
:1032600080B582B000AF0200FB1D1A70FB1D1B78F9
:10327000112B1BD0FB1D1B78052B17D0FB1D1B78BA
:10328000192B13D0FB1D1B780F2B0FD0FB1D1B78A8
:103290001B2B0BD0FB1D1B78182B07D0FB1D1B789D
:1032A000132B03D0FB1D1B78062B01D1462300E016
:1032B00047231800BD4602B080BD000080B582B033
:1032C00000AF0200FB1D1A70FB1D1B785A1E05493A
:1032D0001300DB009B1A5B005B5ADBB21800BD4693
:1032E00002B080BD00000020F0B587B000AFB9602B
:1032F00011007B600F257B19021C1A700C26BB196C
:103300000A1C1A801523FC1828220823D318DB195D
:103310001B781800FFF7D2FF0300237017243B1916
:1033200001221A707B191B78180016F0ABFA031EE5
:103330004CD07B191A782A4B9200D3587A68110026
:10334000180016F067FC031E40D11523FB181B78EC
:103350001800FFF785FF0300472B0ED17B191B7860
:10336000180016F08FFA3C19BB191A88BB681900AF
:103370001EF018FE0300237028E01623FB1800221D
:103380001A701AE00F23FB181B78180016F07AFA4F
:103390001723FC18BB68012219001EF003FE03006E
:1033A0002370BB680133BB60022019F06BFF16214C
:1033B0007B181A787B1801321A701623FB181B78B9
:1033C0009BB20C22BA1812889A42DBD8052019F059
:1033D00059FF1723FB181B781800BD4607B0F0BD36
:1033E0001422002080B500AF00F010F800F042F881
:1033F00000F0ACF800F03AF900F046FA00F074FB87
:1034000000F0E8FCC046BD4680BD000080B582B03B
:1034100000AFFB1D00221A70BB1D01221A7019E0BB
:10342000BB1D1B789BB2013398B2BB1D1B78013BBF
:103430005A000E4BD318190012F006FCBB1D1B7866
:10344000192B02D9FB1D0A221A70BB1D1A78BB1D4D
:1034500001321A70064B1B78BA1D12789A42DFD9D6
:10346000FB1D1B781800BD4602B080BD78350020DA
:103470001001002090B583B000AFFB1C00221A7031
:10348000BB1D00221A803B0000221A807B1D0022F7
:103490001A704BE03B1D01221A7033E0BB1D1B88E4
:1034A0001C339BB23A001100180012F0CDFB3B0018
:1034B00018887B1D1A783B1D1978C4B22148130067
:1034C0009B009B185B00C318221C5A543B001B88AE
:1034D0001B0A98B27B1D1A783B1D1B78591EC4B27B
:1034E000184813009B009B185B00C318221C5A54F9
:1034F000BB1D1A88BB1D01321A803B1D3A1D127874
:1035000002321A703B1D1B78092BC7D97B1D1A7814
:103510000C4913009B009B185B00CB180933002259
:103520001A707B1D1A787B1D01321A70064B1B78AE
:103530007A1D12789A42ADD9FB1C1B781800BD4643
:1035400003B090BD841500201001002090B583B019
:1035500000AFFB1C00221A70BB1D00221A803B002A
:1035600000221A807B1D00221A707B1D00221A7017
:1035700015E0BB1D1B88CB3398B27B1D1B785A000E
:10358000374BD318190012F05FFBBB1D1A88BB1D07
:1035900001321A807B1D1A787B1D01321A70314B63
:1035A0001B787A1D12789A42E3D37B1D00221A7091
:1035B0004BE03B1D01221A7033E0BB1D1B88993381
:1035C0009BB23A001100180012F03EFB3B00188835
:1035D0007B1D1A783B1D1978C4B2234813009B0049
:1035E0009B185B00C318221C5A543B001B881B0A03
:1035F00098B27B1D1A783B1D1B78591EC4B21A481D
:1036000013009B009B185B00C318221C5A54BB1D5F
:103610001A88BB1D01321A803B1D3A1D12780232F6
:103620001A703B1D1B78092BC7D97B1D1A780E49D0
:1036300013009B009B185B00CB18093300221A7003
:103640007B1D1A787B1D01321A707B1D1B78092B9C
:10365000AFD9FB1C1B781800BD4603B090BDC04617
:10366000001600201001002008150020F0B589B0D8
:1036700002AF0B23FB1800221A703B1D00221A8098
:10368000BB1C00221A8008217B1800221A80BB1D57
:1036900000221A801726BB1900221A7000233B61F2
:1036A0000023FB600D007C183B1D1900E42012F084
:1036B000CBFA030023807B191B88002B03D13B1D11
:1036C0001A88BB191A7008257C193B1D1900E520C2
:1036D00012F0BAFA03002380BC1DBB1C1900E620BF
:1036E00012F0B2FA030023807B191B88002B0AD149
:1036F000BB1D1B88002B06D13B1D1B881B04BA1C5D
:1037000012889B183B6108257C193B1D1900E72096
:1037100012F09AFA03002380BC1DBB1C1900E8209C
:1037200012F092FA030023807B191B88002B0AD128
:10373000BB1D1B88002B06D13B1D1B881B04BA1C1C
:1037400012889B18FB6008257C193B1D1900E92095
:1037500012F07AFA030023807B191B88002B0BD10F
:103760003B1D1B881B0A9BB2DAB2414B1A703B1DF2
:103770001B88DAB23F4B1A7008257C193B1D1900D3
:10378000EA2012F061FA030023807B191B88002BCA
:103790000BD13B1D1B881B0A9BB2DAB2364B1A7049
:1037A0003B1D1B88DAB2354B1A7008257C193B1D6E
:1037B0001900EB2012F048FA030023807B191B88C4
:1037C000002B0BD13B1D1B881B0A9BB2DAB22C4B82
:1037D0001A703B1D1B88DAB22A4B1A70244B1B78D7
:1037E000002B11D0234B1B78002B0DD0204B1D78C4
:1037F000204B1B78FC6839691722BA18107800939F
:103800002B00220007F0F0FC1B4B1B78002B11D083
:103810001A4B1B78002B0DD0174B1D78174B1B78BC
:10382000FC6839691722BA18107800932B0022001F
:1038300007F0DAFC124B1B78002B11D0114B1B78D0
:10384000002B0DD00E4B1D780E4B1B78FC68396990
:103850001722BA18107800932B00220007F0C4FC3E
:103860000B23FB181B781800BD4607B0F0BDC046FF
:1038700061180020621800206318002064180020DE
:103880006518002066180020F0B585B000AF0F2342
:10389000FB1800221A700C26BC1908257A198A23F5
:1038A0005B001100180012F0CFF903002380BB1950
:1038B0001B88002B0CD17B191B88DAB2854B1A7040
:1038C0007B191B881B0A9BB2DAB2824B5A7007E045
:1038D000814B1A787F4B1A707F4B5A787D4B5A7008
:1038E0000C26BC1908257A198E235B0011001800DC
:1038F00012F0AAF903002380BB191B88002B0ED1FC
:103900007B191B881BB29BB2DB0BDAB2714B1A71AD
:103910007B191B885B089AB26E4BDA8007E06E4B0E
:103920001A796C4B1A716C4BDA886A4BDA800C2569
:103930007C190826BA191623FF331100180012F05B
:1039400083F9030023807B191B88002B04D1BB194A
:103950001A88624B1A8003E0614B1A885F4B1A8009
:103960000C257C190826BA198B235B00110018005E
:1039700012F06AF9030023807B191B88002B04D105
:10398000BB191A88554B5A8003E0554B5A88534B44
:103990005A800C26BC1908257A191823FF33110008
:1039A000180012F051F903002380BB191B88002B6B
:1039B0000CD17B191B88DAB2484B1A717B191B8812
:1039C0001B0A9BB2DAB2454B5A7107E0444B1A7995
:1039D000424B1A71424B5A79404B5A710C257C1953
:1039E0000826BA198C235B001100180012F02CF97C
:1039F000030023800A23FC18BA1D1A23FF33110089
:103A0000180012F021F9030023807B191B88002B7A
:103A10000ED10A23FB181B88002B09D1BB191B8868
:103A20001A00BB1D1B881B041A432C4B9A600CE028
:103A30002C4B1B78002B04D0284BE12252029A60B9
:103A400003E0274B9A68254B9A600C26BC19082581
:103A50007A198D235B001100180012F0F5F80300AD
:103A60002380BB191B88002B0CD17B191B88DAB271
:103A70001A4B1A737B191B881B0A9BB2DAB2174BBD
:103A80005A7305E0154B18225A73144B00221A730F
:103A90000C257C190826BA191C23FF3311001800C5
:103AA00012F0D2F8030023807B191B88002B05D16C
:103AB000BB191B88DAB2094B9A7603E0084B9A7E51
:103AC000064B9A760F23FB181B781800BD4605B0ED
:103AD000F0BDC04670140020A8000020781400201B
:103AE0008C00002060180020F0B5D6464F464646B0
:103AF000C0B588B006AFBB1D00221A703B00002283
:103B00001A803B1D00221A80FB1C00221A70FB1D2C
:103B100000221A704CE1FB1D1B783B339BB29B00CB
:103B20009BB23C1D3A001100180012F08DF8030002
:103B300023803B1D1B88002B00D034E13B001B88F9
:103B40001B0A9AB2FB1C1A70FB1C1B781B09DBB208
:103B50001A00FB1D1B7801339A4200D023E1FB1CA5
:103B60001B780F22134000D11DE1FB1D1B785A1C4E
:103B7000FB1C1B780F210B40D8B295491300DB00CA
:103B80009B18CB180133021C1A703B001988FB1DCF
:103B90001B785A1CC8B28E491300DB009B18CB1847
:103BA0000833021C1A70FB1D1B783B339BB29B0031
:103BB0009BB201339BB23A001100180012F044F896
:103BC0003B001B881B0A99B2FB1D1B785A1CC8B20C
:103BD0007F491300DB009B18CB180233021C1A70BC
:103BE0003B001988FB1D1B785A1CC8B2784913008A
:103BF000DB009B18CB180533021C1A70FB1D1B78C9
:103C00003B339BB29B009BB202339BB23A00110044
:103C1000180012F019F83B001B881B0A99B2FB1D13
:103C20001B785A1CC8B26A491300DB009B18CB18DA
:103C30000333021C1A703B001988FB1D1B785A1CA9
:103C4000C8B263491300DB009B18CB180633021C73
:103C50001A70FB1D1B783B339BB29B009BB2033356
:103C60009BB23A001100180011F0EEFF3B001B88D8
:103C70001B0A99B2FB1D1B785A1CC8B25449130089
:103C8000DB009B18CB180433021C1A703B00198808
:103C9000FB1D1B785A1CC8B24D491300DB009B1852
:103CA000CB180733021C1A70FB1D1B785A1C48499D
:103CB0001300DB009B18CB1801331A78FB1D1B780F
:103CC0000133DBB21900100013F026FAFB1D1B783C
:103CD0000133DBB29C46FB1D1B785A1C3C49130088
:103CE000DB009B18CB1808331B7801221340DBB292
:103CF0009846FB1D1B785A1C35491300DB009B18A6
:103D0000CB1808331B785B10DBB201221340DBB207
:103D10009946FB1D1B785A1C2D491300DB009B188C
:103D2000CB1802331B789A46FB1D1B785A1C284976
:103D30001300DB009B18CB1803331978FB1D1B788D
:103D40005A1C23481300DB009B18C318043318784F
:103D5000FB1D1B785A1C1E4C1300DB009B18E3183C
:103D600005331C78FB1D1B785A1C194D1300DB0012
:103D70009B18EB1806331D78FB1D1B785A1C144E3C
:103D80001300DB009B18F31807331B780022059201
:103D90000493039502940190009153464A4641468C
:103DA000604613F0F1FBFB1D1A78FB1D01321A70FF
:103DB000FB1D1B78062B00D8ADE6BB1D1B78180039
:103DC000BD4602B0E0BCBA46B146A846F0BDC0460A
:103DD0003832002090B585B000AF0F23FB180022C9
:103DE0001A706F4BBB60322020F016FF03003B605F
:103DF0003B68002B01D1FB23CEE0BB681B78FE2B78
:103E000001D0FF23C8E0FB1D00221A70B8E00F2389
:103E1000FB1800221A7010E0BB685A1CBA60190027
:103E20000F203B181B783A68D3180A78D2B21A7060
:103E30003B181A783B1801321A700F243B191B7873
:103E4000132BE9D9FB1D1A7813009B009B189B00CC
:103E5000544A98183B6801331422190022F02BFCB5
:103E60003B6814220021180022F0FDFA3B190022C1
:103E70001A70BB681433BB600FE0BA680F203B18A0
:103E80001B783968CB1812781A70BB680133BB6095
:103E90003B183A18127801321A70BB681B78FE2B57
:103EA00008D0BB681B78FF2B04D00F23FB181B78AE
:103EB000312BE2D90F217B181B78013B3A68D318CC
:103EC0001B78002B04D07B187A18127801321A70F4
:103ED0000F23FB181A78FB1D1C78100020F09CFEA5
:103EE000030019002F4A23009B001B199B00D318C5
:103EF0000C331960FB1D1A782A4913009B009B188C
:103F00009B00CB180C331B68002B12D1FB1D1A78B9
:103F100013009B009B189B00224A9B18142200212F
:103F2000180022F0A0FA3B68180020F07FFE0E2354
:103F300032E0FB1D1A781B4913009B009B189B0065
:103F4000CB180C3318680F243B191A783B681900FA
:103F500022F0B1FB144B1B780133DAB2124B1A700A
:103F60003B191A783B680021180022F07CFABB68E4
:103F70001B78FE2B0AD1FB1D1A78FB1D01321A702B
:103F8000FB1D1B78042B00D841E700E0C0463B68CE
:103F9000180020F04BFE00231800BD4605B090BD70
:103FA00000100408C01800202419002080B582B039
:103FB00000AFFB1D00221A70BB1D01221A7021E008
:103FC000BB1D1B785A1E154B5200D35A002B0DD027
:103FD000BB1D1B789BB2013398B2BB1D1B785A1EC8
:103FE0000E4B5200D35A190011F08EFEBB1D1B78E8
:103FF000192B02D9FB1D0A221A70BB1D1A78BB1D92
:1040000001321A70064B1B78BA1D12789A42D7D922
:10401000FB1D1B781800BD4602B080BD783500201E
:104020001001002090B583B000AFFB1C00221A7075
:10403000BB1D00221A803B0000221A807B1D00223B
:104040001A7047E07B1D1A78284913009B009B18C3
:104050005B005B5C002B38D03B1D01221A7030E006
:104060007B1D1A783B1D1B78591E204813009B00AE
:104070009B185B00C3185B5C1B0299B27B1D1A780E
:104080003B1D1878194C13009B009B185B00E3182C
:104090001B5C1A003B008A181A80BB1D1B881C334E
:1040A0009AB23B001B881900100011F02DFEBB1DB9
:1040B0001A88BB1D01321A803B1D3A1D127802324C
:1040C0001A703B1D1B78092BCAD97B1D1A787B1DE2
:1040D00001321A70064B1B787A1D12789A42B1D9B8
:1040E000FB1C1B781800BD4603B090BD8415002052
:1040F00010010020F0B587B000AFB9607A601900F8
:104100000F243B19021C1A700E257B190A1C1A7009
:104110001726BB1900221A703B191B789BB2190095
:10412000E42011F0F1FDBB681B0A9BB21900E520E9
:1041300011F0EAFDBB689BB21900E62011F0E4FD26
:104140007B681B0A9BB21900E72011F0DDFD7B683C
:104150009BB21900E82011F0D7FD7B191B789BB2A8
:104160001B029AB2202310241B19DB191B789BB267
:10417000D3189BB21900E92011F0C6FD24231B19A6
:10418000DB191B789BB21B029AB228231B19DB197F
:104190001B789BB2D3189BB21900EA2011F0B4FD32
:1041A0002C231B19DB191B789BB21B029AB23023FC
:1041B0001B19DB191B789BB2D3189BB21900EB209B
:1041C00011F0A2FDBB191B781800BD4607B0F0BD69
:1041D00080B582B000AFFB1D00221A70384B5B78AF
:1041E0005B011AB2364B1B781BB213431BB29AB257
:1041F0008A235B001100180011F086FD304B1B79FB
:10420000DB031AB22E4BDB881BB213431BB29AB2EC
:104210008E235B001100180011F076FD294B1A88DF
:104220001623FF331100180011F06EFD254B5A883C
:104230008B235B001100180011F066FD214B5B79A8
:104240001B021AB21F4B1B7B1BB213431BB29AB249
:104250001823FF331100180011F056FD194B9B680D
:104260009AB28C235B001100180011F04DFD154B24
:104270009B681B0C9AB21A23FF331100180011F02F
:1042800043FD104B5B7B1B021AB20E4B1B791BB21A
:1042900013431BB29AB28D235B001100180011F07A
:1042A00033FD084B9B7E1A001C23FF3311001800BE
:1042B00011F02AFDFB1D1B781800BD4602B080BD21
:1042C000701400207814002080B582B000AFFB1D70
:1042D00000221A701B4B14220021180022F0C3F890
:1042E000BB1D01221A7021E0BB1D1B785A1E154B05
:1042F0005200D35A002B0DD0BB1D1B789BB201334B
:1043000098B2BB1D1B785A1E0E4B5200D35A19008F
:1043100011F0FAFCBB1D1B78192B02D9FB1D0A22D8
:104320001A70BB1D1A78BB1D01321A70064B1B7820
:10433000BA1D12789A42D7D9FB1D1B781800BD46CA
:1043400002B080BD783500201001002080B500AF9C
:10435000074B1B68074A934206D011F007FD031E66
:1043600002D1034B034A1A60C046BD4680BDC04619
:10437000F07F0020ADDEEFBEB0B58EB002AF1423EB
:10438000F8180A257A191823F9180823FB1800933E
:104390000300012012F0ECF80C23F818BA1D1023CA
:1043A000F9183B1D00930300022012F0E1F81C21D4
:1043B0007B1801225A607B1800229A607B191B88A7
:1043C0001A007B181A60BB691A000C007B181900D0
:1043D00010001AF009FF21007B1800225A607B1898
:1043E00002229A603B1D1B881A007B181A60FB682A
:1043F0001A007B18190010001AF0F6FEBB691800AD
:104400007B191B88002219001BF04FF9052014F0BE
:1044100029FDFB681A003B1D1B88190010001BF0CA
:1044200027F9031E17D1BB6918007B191B880122CD
:1044300019001BF03AF9052014F014FDFB681A006E
:104440003B1D1B88190010001BF012F90300012B03
:1044500001D1012300E000231800BD460CB0B0BD1F
:1044600090B585B000AF78600F23FB1800221A705A
:104470001CE00F243B191A78114913005B009B18AC
:104480009B00CB1808331A687B6811001800FBF7F3
:104490003BFE031E04D13B191B780133DBB20BE05A
:1044A0000F217B181A787B1801321A700F23FB1822
:1044B0001B78062BDDD900231800BD4605B090BD42
:1044C000FC28002080B584B000AF78600F23FB1873
:1044D00000221A7041E0264A7B6811001800FBF7A1
:1044E00013FE031E01D101233DE0224A7B68110027
:1044F0001800FBF709FE031E01D1022333E01E4A18
:104500007B6811001800FBF7FFFD031E01D1032398
:1045100029E01A4A7B6811001800FBF7F5FD031E1D
:1045200001D104231FE0164A7B6811001800FBF735
:10453000EBFD031E01D1052315E0124A7B68110033
:104540001800FBF7E1FD031E01D106230BE00F214C
:104550007B181A787B1801321A700F23FB181B780E
:10456000052BB8D900231800BD4604B080BDC04655
:10457000ECB70208F0B70208F4B70208F8B702086F
:10458000FCB7020800B8020890B583B000AFFB1D6D
:1045900001221A7020E05A4B1B78FA1D12789A42B9
:1045A00006D1FB1D1B78013B564A0021D1540EE079
:1045B000534B1A78FB1D1B785C1EFB1D1B781900E2
:1045C000100000F087FA03001A004E4B1A55FB1D2D
:1045D0001A78FB1D01321A70FB1D1B780A2BDAD9E1
:1045E00014F0A2F914F05CFB10F0EEFF11F070FE75
:1045F00010F09EFB14F09CFB10F002FF14F0D2FBB5
:1046000011F008FF031E03D0FFF7A0FEFEF716FE11
:10461000FFF7B2FE031E21D03B4B01221A7032205D
:1046200014F020FC0DF084FD384BE12252029A6018
:10463000BB1D01221A700CE0344B9A68BB1D1B781D
:104640001100180015F0FEF8BB1D1A78BB1D0132D1
:104650001A70BB1D1B78062BEED904E0322014F033
:1046600001FC0DF065FDFEF7BDFE10F00BFC244BC8
:104670001B78002B13D18023DB0125480122190070
:104680001BF013F8FA235B00180014F0EBFB8023F7
:10469000DB011F48002219001BF007F826E08023E9
:1046A000DB011B48012219001AF0FFFFFA235B000F
:1046B000180014F0D7FB8023DB01154800221900F5
:1046C0001AF0F3FF642014F0CDFB8023DB011048C7
:1046D000012219001AF0E9FF642014F0C3FB8023C3
:1046E000DB010B48002219001AF0DFFF06F0D4F8B6
:1046F000084B01221A70C046BD4603B090BDC046AB
:1047000011010020900D0020601800207814002076
:1047100000040050D917002080B500AF18F026FD26
:104720000DF0A2FBFFF730FF06F0E0F815F030FACD
:10473000C046BD4680BD0000F0B58DB000AF1F2360
:10474000F918087069460E0013211823CB18D919DF
:104750000020087017211823CB18D91900200870E1
:1047600016211823CB18D9190020087015201823FA
:10477000C318D9190020087014201823C318D91998
:1047800000200870D0490978080001387862396142
:10479000002078613A697B691000400F3A617B61C3
:1047A000DD0005433B69DC003960002078603C682F
:1047B0007D682300580F2B00DB00FB60FB68034380
:1047C000FB602300DB00BB600B000733DB08DB0072
:1047D0006A46D31A9D466B4600333B621621182366
:1047E000CB18DB1900221A7018E016201823C31802
:1047F000DB191B783A6A0021D1541823C318DB193E
:104800001A78B24B52000021D1521823C318DB1979
:104810001A781823C318DB1901321A70AA4B1B78B7
:10482000162218215218D21912789A42DDD3152176
:104830001823CB18DB1918228A18D21912780132E2
:104840001A701F23FB181B78013B3A6A08001824D2
:104850000919C9190978D1541823C318DB1918226A
:104860008218D219127801321A70172318229B1855
:10487000DB1901221A7050E01F23FB181B785A1E07
:1048800017241823E318DB19187891491300DB006B
:104890009B1A1B185B005B5A002B34D01F23FB189C
:1048A0001B785A1E894B5200D35A1AB22000182383
:1048B000C318DB191B78013B012199400B001BB287
:1048C000134319B21F23FB181B785A1E89B27F4B62
:1048D0005200D1521F23FB181B785A1E1823C318ED
:1048E000DB1918787A491300DB009B1A1B185B0050
:1048F0005B5ADB089BB2013B3A6A15211820091864
:10490000C9190978D15417211823CB18DB191A7843
:104910001823CB18DB1901321A70172318229B18A1
:10492000DB191B78062BA7D9142318229B18DB1937
:1049300000221A7015221823D318DB1918215218D7
:10494000D219127801321A70162318229B18DB191B
:1049500000221A709BE0162318229B18DB191B7883
:104960003A6AD35C1A00152318215B18DB191B78EF
:10497000013B9A4200D080E0172318229B18DB19D4
:1049800001221A7072E016241823E318DB191A7832
:1049900017251823EB18DB1918784D491300DB0095
:1049A0009B1A1B185B005B5A002B55D01823E31889
:1049B000DB191A781823EB18DB191878444913000F
:1049C000DB009B1A1B185B005B5ADB089BB2013BA8
:1049D0003A6AD35C002B3FD120001823C318DB199F
:1049E0001A783A4B5200D35A1AB22C001823E31803
:1049F000DB191B78013B012199400B001BB21343CB
:104A000019B21823C318DB191A7889B22F4B520038
:104A1000D1521823C318DB191A781823E318DB19AD
:104A200018782B491300DB009B1A1B185B005B5A9C
:104A3000DB089BB2013B3A6A152118200918C919F5
:104A40000978D15414221823D318DB1918215218CD
:104A5000D219127801321A7017211823CB18DB19DA
:104A60001A781823CB18DB1901321A701723182271
:104A70009B18DB191B78062B85D916211823CB1818
:104A8000DB191A781823CB18DB1901321A700E4B78
:104A90001B78162218215218D21912789A4200D285
:104AA00059E7142318229B18DB191B78002B00D020
:104AB0003AE7132318229B18DB191B78B546180018
:104AC000BD460DB0F0BDC04610010020D01400203E
:104AD00000000020B0B58AB000AF0200FB1D1A70C4
:104AE000BB1D0A1C1A700823FB1800221A6004332D
:104AF00006220021180021F0B6FC1323FB18002227
:104B00001A702723FB1800221A701223FB180022A8
:104B10001A702623FB1800221A70994B0A220021D2
:104B2000180021F0A0FCFB1D1B78013B954A0021D9
:104B3000D154FB1D1B78013B934A0021D154012322
:104B40003B622EE0FB1D1B785A1E90491300DB00D0
:104B50009B1A3A6A9B185B005B5A002B1ED0FB1D08
:104B60001B785A1E89491300DB009B1A3A6A9B186E
:104B70005B005B5ADB089AB2BB1D1B789BB29A4262
:104B80000CD1BB1D1B78013B7E4A0121D1547C4BCB
:104B9000BA1D12781A703B6ADBB2ECE03B6A013353
:104BA0003B623B6A062BCDDD0123FB6111E0FB1D5F
:104BB0001B78FA699A4209D0FB69013B714AFF21CF
:104BC000D154FB69013B704A0021D154FB69013388
:104BD000FB616F4B1B781A00FB699342E7DD73E0C2
:104BE00008243A19674B1100180000F0D3F80300AD
:104BF0001A0027217B1801321A707A18BB1D12780F
:104C00001B789A4268D07B181B78013B3A19012126
:104C1000D1541B23FB1801221A7050E027243B19A2
:104C20001B785A1E1B257B19187858491300DB0086
:104C30009B1A1B185B005B5A002B3AD03B191B7860
:104C40005A1E7B19187851491300DB009B1A1B1858
:104C50005B005B5ADB089AB212217B181A707B1832
:104C60001B78013B0822BA18D35C002B21D13B19D9
:104C70001B78013B434AD25C13203B1801321A7067
:104C80007B181B78013B3F4AD35C05003A18127829
:104C90009A420ED208007B181B78013B394A7919D9
:104CA0000978D1543B181B78013B374A39190978E8
:104CB000D1541B217B181A787B1801321A701B23E0
:104CC000FB181B78062BA9D90823FB18180000F045
:104CD000A5F8031E84D000E0C04613E02622BB18CE
:104CE0001B78BA18591C11701900254B27203A1847
:104CF00012785A5401007B181B785A1E7B182249DF
:104D00008A5C1A702723FB181B78013B1E4AD35C70
:104D1000002BE3D101237B6129E0FB1D1B785A1E88
:104D20001A491300DB009B1A7A699B185B005B5AD7
:104D3000002B19D0FB1D1B785A1E14491300DB00F1
:104D40009B1A7A699B185B005B5ADB089BB2BA1D01
:104D50001278013A0B498A5C013A09498A5C93420C
:104D600002D17B69DBB206E07B6901337B617B6941
:104D7000062BD2DD00231800BD460AB0B0BDC046E8
:104D8000982200206C1500207815002000000020DB
:104D90001001002080B584B000AF786039600F2129
:104DA0007B18FF221A700E23FB1800221A703B6832
:104DB0001B78002B03D17B187A6812781A700023B5
:104DC000BB601BE0BB687A68D3181B780F217A1888
:104DD00012789A420FD9BB683A68D3181B78002B17
:104DE00009D1BB687A68D2187B1812781A700E2322
:104DF000FB18BA681A70BB680133BB60064B1B789E
:104E00001A00BB689342DDDB0E23FB181B781800E9
:104E1000BD4604B080BDC0461001002080B584B0FE
:104E200000AF78600F23FB1801221A700023BB60CB
:104E30000CE0BB687A68D3181A780F217B187918B0
:104E400009780A401A70BB680133BB60064B1B78B7
:104E50001A00BB689342ECDB0F23FB181B78180089
:104E6000BD4604B080BDC04610010020F0B587B03B
:104E700002AF0200FB1D1A70834A844B1100180018
:104E800021F072FA814B1800FBF748F903009AB23F
:104E90007E49FB1D187801235B420093322314F0F6
:104EA0003FFC0F23FB1801221A701BE00F243B1953
:104EB0001A787749754B180021F056FA734B180091
:104EC000FBF72CF903009AB27049FB1D18780123F7
:104ED0005B420093322314F023FC3B191A783B19F0
:104EE00001321A700F23FB181B78062BDED9694993
:104EF000FB1D187801235B4200933223032214F038
:104F00000FFC0E23FB1800221A70A7E00E243B1999
:104F10001B785A1C60495D4B180021F025FA5B4B49
:104F20001800FBF7FBF803009AB25849FB1D1878EC
:104F300001235B420093322314F0F2FB3B191A78F1
:104F400056491300DB009B1A5B005B5A1A001300E2
:104F50005B009B185B00524A99184C4B05221800C5
:104F600021F0B5FA4949FB1D187801235B420093F3
:104F70003223052214F0D4FB4A49FB1D1878012383
:104F80005B4200933223012214F0CAFB0D23FB186D
:104F900001221A704DE00E23FB181A780D23FB181E
:104FA00018783E491300DB009B1A1B185B005B5A04
:104FB000002B06D13C49354B0022180021F0D4F9D2
:104FC00022E00E257B191A780D26BB191878334973
:104FD0001300DB009B1A1B185B005B5ADB089BB2BB
:104FE0001C007B191A78BB1918782C491300DB00B8
:104FF0009B1A1B185B005B5A1A00072313402B49AE
:105000002248220021F0B0F9204B1800FBF786F867
:1050100003009AB21D49FB1D187801235B420093DF
:10502000322314F07DFB0D217B181A787B18013296
:105030001A700D23FB181B78062BACD91C49FB1DDD
:10504000187801235B4200933223022214F068FB9C
:105050000E217B181A787B1801321A70154B1B78B9
:105060000E22BA1812789A4200D24FE71249FB1D5D
:10507000187801235B4200933223012214F050FB85
:10508000C046BD4605B0F0BD04B80208400D002082
:1050900018B8020820B8020824B80208000000204E
:1050A00008B2020830B8020834B8020838B802085A
:1050B00040B802081001002044B8020890B587B03B
:1050C00002AF0200FB1D1A703C4A3D4B1100180054
:1050D00021F04AF93A4B1800FBF720F803009AB286
:1050E0003749FB1D187801235B420093322314F0EB
:1050F00017FB0F23FB1801221A703EE00E23FB184A
:1051000001221A702EE00F203B181B785A1E2D4BDF
:105110005200D35A19000E243B191B78013B802200
:1051200012021A4113000B4016D03B181A783B1993
:105130001B782549224821F017F9214B1800FAF76E
:10514000EDFF03009AB21E49FB1D187801235B4254
:105150000093322314F0E4FA0E217B181A787B189E
:1051600001321A700E23FB181B780A2BCBD90F21A2
:105170007B181A787B1801321A70144B1B780F2297
:10518000BA1812789A42B9D9114A0D4B1100180079
:1051900021F0EAF80A4B1800FAF7C0FF03009AB2B0
:1051A0000749FB1D187801235B420093322314F05A
:1051B000B7FAC046BD4605B090BDC04648B8020823
:1051C000400D00207835002064B80208100100204E
:1051D00078B80208F0B589B002AF0200FB1D1A7062
:1051E0001223FB1800221A8014F052FE0300FB6009
:1051F000FB6800221A70CA4B1B781A00C949CA4BB7
:10520000180021F0B1F8C84AFB681100180021F01D
:1052100032F9C64B1B781A00C549C34B180021F060
:10522000A3F8C14AFB681100180021F024F9C14914
:10523000BD48062300930223002221F095F8BA4AC4
:10524000FB681100180021F016F9BB4ABB49B64BA8
:10525000180021F089F8B44AFB681100180021F009
:105260000AF9B74AB749B04B180021F07DF8AE4AA9
:10527000FB681100180021F0FEF8B34AAA4B110098
:10528000180021F071F8A84AFB681100180021F0FD
:10529000F2F81723FB1801221A7048E017243B1973
:1052A0001A78AA49A04B180021F05EF89E4AFB68C4
:1052B0001100180021F0DFF83B191B78A44AD35CD9
:1052C000042B27D89A00A34BD3181B689F46A24AE9
:1052D000954B1100180021F047F81CE09F4A924BB3
:1052E0001100180021F040F815E09D4A8E4B110086
:1052F000180021F039F80EE09A4A8B4B1100180083
:1053000021F032F807E0984A874B1100180021F08D
:105310002BF800E0C046844AFB681100180021F019
:10532000AAF817217B181A787B1801321A701723F4
:10533000FB181B78062BB1D98C4A7B4B1100180047
:1053400021F012F8784AFB681100180021F093F858
:105350001623FB1801221A7049E016203B181B780F
:105360005A1E834913005B009B185B015B58002B9E
:105370000DD13B181A787F496B4B180020F0F4FFD1
:10538000694AFB681100180021F075F829E016261B
:10539000BB191C78BB191B785A1E754913005B009A
:1053A0009B185B01CB1828331B6818000DF078FDA3
:1053B00003001D00BB191B785A1E6F4B9200D35877
:1053C00018000DF06DFD03006C49574800932B0049
:1053D000220020F0C9FF544AFB681100180021F098
:1053E0004AF816217B181A787B1801321A70162396
:1053F000FB181B78062BB0D9FB681800FAF78EFE55
:1054000003001A00FB689A185D4B10001900032373
:105410001A0021F050F9FB681800FAF77FFE03002C
:105420001A00FB689A18574B100019001D231A0028
:1054300021F041F9FB681800FAF770FE0200122310
:10544000FB181A801523FB1801221A7023E0344B35
:105450001B785A1E4C4B5200D35A190015203B188A
:105460001B78013B802212021A4113000B400CD022
:105470003B181A7845492C4B180020F075FF2A4A32
:10548000FB681100180020F0F6FF15217B181A7830
:105490007B1801321A701523FB181B78062BD6D9FE
:1054A0001223FB181C88FB681800FAF737FE03006C
:1054B0009C420ED1FB681800FAF730FE03001A0078
:1054C000FB689A18324B1000190005231A0021F0CE
:1054D000F2F8FB681800FAF721FE03001A00FB68D7
:1054E0009A18274B1000190003231A0021F0E3F843
:1054F000FB1D1B78002B0ED0FB681800FAF70EFE80
:1055000003009AB2F968FB1D187801235B420093EF
:10551000322314F005F9C046BD4607B0F0BDC046C1
:105520001101002098B80208400D0020D817002073
:10553000B4B80208D0B80208F0B80208FCB80208F3
:1055400014B9020820B902083CB9020850B902088F
:105550009814002054BA020858B9020860B9020829
:1055600078B9020884B90208A0B90208C0B90208D3
:105570003C2D0020D8B9020840200020F4B90208D0
:1055800040B8020824BA02087835002044BA02085C
:105590004CBA020890B585B000AF78600E23FB18B6
:1055A00000221A700F23FB1800221A704A4A7B68E7
:1055B00011001800FAF7A8FD031E03D1474B1B7812
:1055C0001BB285E0464A7B6811001800FAF79CFD83
:1055D000031E01D1FF237BE07B681B78232B25D1A1
:1055E0007B68013318001FF010FB02000E217B18AE
:1055F0001A700A00BB181B78002B0AD0394B1B7895
:105600001100BA1812789A4203D87B181B781BB283
:105610005EE0324B1B780E22BA1812789A4203D100
:105620002E4B1B781BB253E0662351E00F23FB186F
:1056300000221A701DE00F243B191A7813009B00FA
:105640009B185B00284A9A187B6811001800FAF72B
:105650005BFD031E07D17B681B78002B03D03B1931
:105660001B781BB234E00F217B181A787B180132AB
:105670001A701C4B1B780F217A1812789A42DAD3D1
:105680007B1800221A701DE00F243B191A781300B2
:105690009B009B185B00154A9A187B681100180044
:1056A000FAF732FD031E07D13B191B781B021BB210
:1056B000FE2213431BB20BE00F217B181A787B18D4
:1056C00001321A700F23FB181B78092BDCD96423D5
:1056D0001800BD4605B090BD68BA0208110100204F
:1056E0006CBA020810010020841500200815002063
:1056F000B0B586B000AF02003960FB1D1A701323ED
:10570000FB1800221A7000237B6100237B610FE0ED
:105710007B699A00404BD2183B6811001800FAF7D9
:10572000F3FC031E01D1062371E07B6901337B6129
:105730007B69032BECDD01237B6112E07A691300A6
:105740009B009B185B00354A9A183B6811001800B3
:10575000FAF7DAFC031E01D1072358E07B69013315
:105760007B612F4B1B781A007B699342E6DB002399
:105770007B6112E07A6913009B009B185B00294A49
:105780009A183B6811001800FAF7BEFC031E01D1FD
:1057900007233CE07B6901337B617B69092BE9DDF1
:1057A000214B224A1A6019E01F4B1B681B681B68BB
:1057B000FB60FB681800FAF7B1FC0300BB60BA6835
:1057C000F9683B68180020F071FE031E01D1082320
:1057D0001DE0154B1B685A68134B1A60124B1B686F
:1057E000002BE1D1FB1D1A7813009B009B185B0076
:1057F0000A4A9B183A681100180020F054FF13253C
:105800007C19FEF70FFC030023707B191B7818002E
:10581000BD4606B0B0BDC0461CB3020884150020CA
:10582000100100200815002068180020A80500209D
:1058300080B588B000AF02003960FB1D1A701723D5
:10584000FB1800221A700023FB610023BB610023B8
:10585000FB6129E0FA6913009B009B185B005B4A1F
:105860009A183B6811001800FAF74EFC031E18D175
:10587000FB1D1B785A1E564B5200D35A1AB20121F7
:10588000FB6999400B001BB2134319B2FB1D1B7837
:105890005A1E89B24E4B5200D1521723FB181B7867
:1058A00090E0FB690133FB61FB69092BD2DD00232A
:1058B000BB610FE0BB699A00464BD2183B681100F0
:1058C0001800FAF721FC031E01D106237AE0BB6918
:1058D0000133BB61BB69032BECDD0123BB6112E02B
:1058E000BA6913009B009B185B003B4A9A183B68FF
:1058F00011001800FAF708FC031E01D1072361E02C
:10590000BB690133BB61354B1B781A00BB699342FD
:10591000E6DB334B334A1A6019E0314B1B681B68D6
:105920001B683B613B691800FAF7F8FB0300FB605A
:10593000FA6839693B68180020F0B8FD031E01D1F0
:1059400008233FE0264B1B685A68254B1A60244BFE
:105950001B68002BE1D10023FB6118E01B49FA69A9
:1059600013009B009B185B005B5C002B0CD1FA6959
:1059700013009B009B185B00144A9B183A681100A7
:10598000180020F090FE05E0FB690133FB61FB6924
:10599000092BE3DDFB1D1B785A1E0D4B5200D35A19
:1059A0001AB20121FB6999400B001BB2134319B2D3
:1059B000FB1D1B785A1E89B2054B5200D15217238A
:1059C000FB181B781800BD4608B080BD08150020E4
:1059D000001600201CB302088415002010010020CE
:1059E0006C180020A805002080B586B000AFB96013
:1059F0007A6019000F23FB18021C1A700E23FB1883
:105A00000A1C1A701523FB18D94A12781A703B6ABF
:105A1000002B03D0D64B20221A7002E0D44B002278
:105A20001A702423FB181B78002B04D01623FB18B4
:105A300022221A8003E01623FB1820221A807A689B
:105A400080231B059A4200D3D5E07B68DAB2C94BAC
:105A50001A70C84B0E217A1812785A707B181B786E
:105A6000082B00D9C6E19A00C34BD3181B689F4688
:105A7000BB681B78DAB2BF4B9A700F23FB181B78F8
:105A800003222021180005F017FEB6E1BB681B7841
:105A90005BB2DAB2B74B9A700F23FB181B78032264
:105AA0002021180005F008FEA7E1BB681B889BB207
:105AB000DAB2B04B9A70BB681B889BB21B0A9BB2D0
:105AC000DAB2AC4BDA700F23FB181B7804222021CA
:105AD000180005F0F1FD90E1BB681B881BB2DAB23B
:105AE000A44B9A70BB681B881BB21B121BB2DAB2A4
:105AF000A04BDA700F23FB181B780422202118001A
:105B000005F0DAFD79E1BB681B68DAB2994B9A704F
:105B1000BB681B681B0ADAB2964BDA70BB681B685D
:105B20001B0CDAB2934B1A71BB681B681B0EDAB2FE
:105B3000904B5A710F23FB181B7806222021180066
:105B400005F0BAFD59E1BB681B68DAB2894B9A705F
:105B5000BB681B681B12DAB2864BDA70BB681B6825
:105B60001B14DAB2834B1A71BB681B681B16DAB2BE
:105B7000804B5A710F23FB181B7806222021180036
:105B800005F09AFD39E1BB681B78DAB2794B9A705F
:105B9000BB6801331B78DAB2764BDA70BB6802332C
:105BA0001B78DAB2734B1A71BB6803331B78DAB215
:105BB000704B5A71BB6804331B78DAB26D4B9A7123
:105BC000BB6805331B78DAB26A4BDA71BB680633FF
:105BD0001B78DAB2674B1A72BB6807331B78DAB2EC
:105BE000644B5A720F23FB181B780A2220211800DD
:105BF00005F062FD01E15F4B00221A705D4B0E2142
:105C00007A1812785A707B681B0EDAB2594B9A7068
:105C10007B681B0CDAB2574BDA707B681B0ADAB26E
:105C2000544B1A717B68DAB2524B5A717B181B784D
:105C3000082B00D9E0E09A00504BD3181B689F4610
:105C4000BB681B78DAB24B4B9A711623FB18198884
:105C50000F23FB181B780722180005F02DFDCCE060
:105C6000BB681B785BB2DAB2424B9A711623FB1801
:105C700019880F23FB181B780722180005F01CFD5C
:105C8000BBE0BB681B889BB2DAB23A4B9A71BB6827
:105C90001B889BB21B0A9BB2DAB2364BDA71162311
:105CA000FB1819880F23FB181B780822180005F031
:105CB00003FDA2E0BB681B881BB2DAB22D4B9A71C0
:105CC000BB681B881BB21B121BB2DAB2294BDA71FC
:105CD0001623FB1819880F23FB181B7808221800BD
:105CE00005F0EAFC89E0BB681B68DAB2214B9A71C7
:105CF000BB681B681B0ADAB21E4BDA71BB681B68F3
:105D00001B0CDAB21B4B1A72BB681B681B0EDAB293
:105D1000184B5A721623FB1819880F23FB181B788F
:105D20000A22180005F0C8FC67E0BB681B68DAB2FD
:105D3000104B9A71BB681B681B12DAB20D4BDA71FB
:105D4000BB681B681B14DAB20A4B1A72BB681B686B
:105D50001B16DAB2074B5A721623FB1819880F2349
:105D6000FB181B780A22180005F0A6FC45E0C04687
:105D700070140020A417002070BA020894BA020818
:105D8000BB681B78DAB22D4B9A71BB6801331B7864
:105D9000DAB22A4BDA71BB6802331B78DAB2274BCE
:105DA0001A72BB6803331B78DAB2244B5A72BB6891
:105DB00004331B78DAB2214B9A72BB6805331B7827
:105DC000DAB21E4BDA72BB6806331B78DAB21B4BB1
:105DD0001A73BB6807331B78DAB2184B5A73162351
:105DE000FB1819880F23FB181B780E22180005F0EA
:105DF00063FC02E0C04600E0C046114B1522BA1811
:105E000012781A703B6A002B13D017F031FA030096
:105E10003B61C0460B4B1B78002B07D017F028FACC
:105E200002003B69D31A3A6A9A42F3D8054B1B78B1
:105E300000E000231800BD4606B080BDA417002076
:105E400070140020D6170020B0B584B002AF1E2019
:105E50001EF0E2FE03007B607B681E22002118001A
:105E600020F001FB0C4B1B7D5A1E0C4B9200D258AC
:105E7000094B9B7D1D00084B5B7D1C00064B1B8B5B
:105E800007497868019300942B0020F06DFA7B6835
:105E90001800BD4602B0B0BD78140020E400002018
:105EA000E0BA020890B587B004AF0200FB1D1A707B
:105EB000BB1D0A1C1A700D4B19780C4B1C78BB1DAE
:105EC0001A78FB1D18780123039301235B42029388
:105ED00001235B42019302230093230005F08EFF10
:105EE00003001800BD4603B090BDC046110100205C
:105EF00080B588B006AF0200FB1D1A70BB1D0A1CDE
:105F00001A700023049300230393002302930023B9
:105F10000193002300930023002200210020FEF7BC
:105F2000E9F8FB1D1B785A1E234913005B009B18E0
:105F30005B015B58002B16D0BB1D1B785A1E1E49F7
:105F400013005B009B185B015B58002B0BD0FB1D03
:105F50001B7818000FF0DCF8BB1D1B7818000FF041
:105F6000D7F8002324E0FB1D1B785A1E12491300AA
:105F70005B009B185B015B58002B06D0FB1D1B7858
:105F800018000FF0C5F8002312E0BB1D1B785A1E45
:105F9000094913005B009B185B015B58002B06D07E
:105FA000BB1D1B7818000FF0B3F8002300E0682336
:105FB0001800BD4602B080BD3C2D002080B586B0E3
:105FC00000AF0200FB1D1A70FB1D1B78180013F0B8
:105FD00059FC03007B617B691B68234A934209D00B
:105FE0007B691B68214A934204D07B691B68204A65
:105FF000934234D1C0467B691B68DA6980235B0217
:106000001A4080235B029A42F5D0C0467B691B6828
:10601000DA698023DB031A408023DB039A42F5D13F
:106020000C217B18802292031A607B18786919680A
:106030005A681EF077FB7B691B689A687B691B684E
:106040008021C9030A439A607B6918001EF0D2FBC5
:106050008023DB01012118001AF07AF900E0FF2308
:106060001800BD4606B080BD003801400044004025
:106070000048004080B582B000AF0200FB1D1A70DE
:10608000124B134A9A61FB1D1B78042B15D89A00FA
:10609000104BD3181B689F4601201AF025F90CE01D
:1060A00008201AF021F908E020201AF01DF904E078
:1060B00002201AF019F900E0C0461AF09BF91AF014
:1060C0007FF900231800BD4602B080BD007000407B
:1060D0003F000100B8BA020880B582B000AF0200EC
:1060E000FB1D1A701F4B1A6980235B001A40802326
:1060F0005B009A4230D11B4B1B4A9A61FB1D1B78F7
:10610000042B15D89A00194BD3181B689F46012001
:106110001AF00AF90CE008201AF006F908E020202D
:106120001AF002F904E002201AF0FEF800E0C0467E
:106130008023DB010E480122190019F0B6FAFA2378
:106140009B00180017F09EF88023DB01084800220E
:10615000190019F0AAFA00E000231800BD4602B0A9
:1061600080BDC0460070004000010100CCBA0208AA
:1061700000040050B0B588B002AF78600F23FB1860
:1061800000221A701723FB1800221A701423FB1820
:1061900000221A8001235B421900012016F08CFABC
:1061A00013F076FE03003B61824B9A68E1231B03E8
:1061B0009A421ED01623FB1801221A7014E07E4B5F
:1061C0001B7816217A1812789A4207D0E1231A0315
:1061D0007B181B781100180013F034FB16217B1874
:1061E0001A787B1801321A701623FB181B78062BBD
:1061F000E5D9724B1B781C00714B1B881A001300E9
:106200005B009B185B006F4A9A186B4B1B786E49BA
:106210006E4800931300220020F0A6F8664B1C780D
:106220006B4B1D686A4B1B681800F9F777FF03007A
:106230009AB20A232900200013F0C8FA5E4B1C789A
:10624000624B1800F9F76AFF03009AB25F490A230C
:10625000200013F0BBFA5F4B1B78012B00D0A5E0A8
:10626000574B1B88DBB21800FCF7FAFF0300472BE3
:1062700008D1594B1A780F23FB181A70564B00227D
:106280001A700DE04C4B1B78013B544AD25C0F2333
:10629000FB181A70484B1B78013B504A0021D1541F
:1062A0004C4B00221A70444B18780F2439190A23DA
:1062B000012213F08BFA3B191B780D2B33D13E4B87
:1062C0001C78474B1D68464B1B681800F9F726FFE2
:1062D00003009AB20A232900200013F077FA17234B
:1062E000FB181B785BB2002B05D13E4A3E4B1100D8
:1062F000180020F0D8F9304B18783B693A4A012150
:1063000000F074F8384A374B1100180020F0CBF930
:106310001723FB1800221A70334B32220021180079
:1063200020F0A1F842E00F22BB181B780A2B3DD0C9
:10633000BB181B78082B03D0BB181B787F2B14D1FC
:1063400017217B181B785BB2002B2FDD7B181B7885
:106350005BB2DBB2013BDAB27B181A707B181B7898
:106360005BB2214A0021D15420E00F22BB181B78D8
:106370001F2B1BD9BB181B787E2B17D817217B1816
:106380001B785BB2312B11DCBB181A7808007B1824
:106390001B785BB251B2144AD15401007B181B78B0
:1063A0005BB2DBB20133DAB27B181A7014F000F87A
:1063B00051E7C04678140020D817002011010020B2
:1063C000B000002008B20208E0BD02082819002031
:1063D000BC0100209B0D00206C140020781B0020C5
:1063E000C00100208419002050190020F0B58DB0A4
:1063F00002AFBA607B600F23FB18021C1A700E23D9
:10640000FB180A1C1A7000233B621E23FB18002293
:106410001A801423FB1800221A600433052200217D
:10642000180020F020F8BB68180000F099FAC84B5B
:106430001B78002B22D1C749BB680322180020F02B
:1064400035F8031E1AD1BB6803331900012000F090
:10645000BDFA031E09D0C04A7B68110018001FF066
:1064600083FFBB4B00221A7005E0B94B02221A7061
:106470007B680D221A7000237B6212E2B44B1B78FA
:10648000002B18D0B549BB680622180020F00EF882
:10649000031E10D1AE4B00221A70B14B190003201D
:1064A00000F094FAAF4A7B68110018001FF05CFFFF
:1064B00000237B62F5E1A64B1B78022B13D1BB684E
:1064C0001900022000F082FA031E06D0A24A7B685F
:1064D000110018001FF048FF02E07B680D221A70BF
:1064E00000237B62DDE1BB682E2118001FF0D0FF86
:1064F00003003B623B6A002B00D1C9E13B6A033BCE
:106500009949032218001FF0D1FF031E00D1BFE1FB
:106510003B6A01331B785A1C944BD3181B781A0022
:106520000423134000D0B3E13A6ABB68D31A1A00BF
:10653000B96814257B1918001FF0C9FF1E26BC1965
:106540007B191800FFF726F803002380BB190022EF
:106550009B5E874A127893420AD13B6A01339922A3
:1065600092007968180013F005FC03007B6298E143
:106570001E23FB1800229B5E642B08D17D4A7B689A
:10658000110018001FF0F0FE00237B6289E11E233A
:10659000FB1800229B5E662B08D1774A7B681100AE
:1065A00018001FF0E1FE00237B627AE11E23FB1836
:1065B00000229B5EFF2B48D1704B0A22002118005D
:1065C0001FF051FF3B6A5C1CBB681800F9F7A6FD81
:1065D00005001426BB191800F9F7A0FD0300EB1AFB
:1065E0005A1E674B210018001FF071FF604B1D7889
:1065F000BB681800F9F792FD03009CB2BB191800A4
:10660000F9F78CFD03009BB2E31A9BB21722FF211E
:10661000280005F007F83B6A013399229200796857
:10662000180013F0A7FB03007B627B681800F9F7E2
:1066300075FD03001A007B689A18524B1000190070
:106640001D231A0020F037F82BE11E22BB181B88EF
:10665000DBB2FE2B59D1BB1800229B5E1B121BB272
:10666000DAB2494B1A70454B0A22002118001FF07C
:10667000FAFE3B6A5C1CBB681800F9F74FFD050089
:106680001423FB181800F9F749FD0300EB1A5A1EF2
:106690003B4B210018001FF01AFF354B1D783A4B79
:1066A0001E78BB681800F9F739FD03009CB214236B
:1066B000FB181800F9F732FD03009BB2E31A9BB2F6
:1066C00017223100280004F0ADFF294B1B785A1E19
:1066D0002E4B5200D35A1A002B4B1B781A41130031
:1066E0000122134009D03B6A013399229200796854
:1066F000180013F03FFB03007B621423FB187A6839
:10670000234978681FF030FECBE03B6A0133214912
:10671000062218001FF0CAFE031E41D11E4B0022A4
:106720001A701E243B191B88DBB2002219211800A5
:1067300004F0C2FF642013F033FA0D4B18783B19B4
:106740001B88D9B2154B1A7800230BF00BFC7FE0A5
:10675000B61900200CBE020810BE020864BE020872
:106760006CBE020870BE0208B4BE020830E5020822
:1067700011010020B8BE0208E0BE0208F415002096
:10678000A417002008BF0208B71900200016002037
:1067900028BF020854BF020870140020D817002038
:1067A0003B6A5C1CBB681800F9F7B8FC05001426AE
:1067B000BB191800F9F7B2FC0300EB1A5A1E604B24
:1067C000210018001FF083FE1E23FB181B88DDB27A
:1067D000BB681800F9F7A2FC03009CB2BB191800B3
:1067E000F9F79CFC03009BB2E31A9BB2013B9BB2FE
:1067F0001A001721280004F05FFF1E23FB18002257
:106800009A5E50497B6818001FF0AEFD7B681B78CC
:10681000002B13D00E23FB181B78002B0ED07B68A7
:106820001800F9F77BFC03009AB279680F23FB1874
:10683000187801230093322312F072FF7B6818004E
:10684000F9F76CFC02007B68002118001FF00BFEBA
:106850003D4B1B78602B18D1FA239B0019000120B7
:1068600015F02AFF394B1B78002B0ED0384B1B88B4
:1068700001339AB2364B1A801E23FB1800229B5E0E
:106880007A68344978681FF06FFD00237B6208E066
:1068900099239A007968BB68180013F06BFA03001B
:1068A0007B627B681B78002B14D00E23FB181B78AF
:1068B000002B0FD07B681800F9F730FC03009AB268
:1068C00079680F23FB18187801235B420093322369
:1068D00012F026FF7B681800F9F720FC02007B68A5
:1068E000002118001FF0BFFD7B6A002B00D09AE545
:1068F0001423FB180922002118001FF0B4FD164BC9
:106900001B78002B17D10E23FB181B78002B12D0FD
:10691000124B1C68114B1B681800F9F7FFFB0300B2
:106920009AB20F23FB18187801235B42009332239D
:10693000210012F0F5FEC046BD460BB0F0BDC046CA
:10694000A41700205CBF020870140020D617002096
:106950003E23002080BF0208B6190020C401002099
:1069600080B584B000AF78600023FB6020E0FB6856
:106970007A68D2180B217B1812781A707B181B7852
:106980005A1C114BD3181B781A0003231340012BF8
:1069900003D17B181B78203302E00B23FB181B78F4
:1069A000FA6879688A18DBB21370FB680133FB6000
:1069B000FB687A68D3181B78002BD8D1C046C04634
:1069C000BD4604B080BDC04630E50208B0B584B015
:1069D00000AF02003960FB1D1A70FB1D1B78032BF2
:1069E00006D000DDBFE0012B11D0022B15D0BAE09C
:1069F000614B1B785A1E614913009B009B189B003A
:106A0000CB18103301221A700BF046FCAEE03B6845
:106A1000180000F0B5F80300A9E0574B1B785A1E88
:106A2000564913009B009B189B00CB180C331B6826
:106A3000002B55D0504B1B785A1E504913009B0019
:106A40009B189B00CB180C331B681800F9F766FBEA
:106A50000300FB60484B1B785A1E484913009B00FB
:106A60009B189B00CB180C331D683B681800F9F786
:106A700055FB0200FB68D3189A1C3F4B1B785C1E29
:106A8000110028001EF016FB01003C4A23009B0069
:106A90001B199B00D3180C331960374B1B785A1EF7
:106AA000364913009B009B189B00CB180C331A68C7
:106AB000FB680133D3183A68110018001FF0F3FD8A
:106AC0002D4B1B785A1E2D4913009B009B189B00D1
:106AD000CB180C331A68FB68D31813221A7025E000
:106AE0003B681800F9F71AFB03005A1C224B1B786D
:106AF0005C1E10001EF090F8030019001F4A2300CE
:106B00009B001B199B00D3180C3319601A4B1B7880
:106B10005A1E1A4913009B009B189B00CB180C337C
:106B20001B683A68110018001FF0BDFD124B1B785E
:106B30005A1E124913009B009B189B00CB180C3364
:106B40001B68002B11D10C4B1B785A1E13009B00A5
:106B50009B189B00094A9B181422002118001FF063
:106B600082FC0E2303E0C04600E0C046002318006C
:106B7000BD4604B0B0BDC04624190020C018002096
:106B8000B0B58EB006AF78601F23FB1800221A70D4
:106B90001E23FB1800221A70EC4B1B78052B02D128
:106BA0000E2300F0E0FBE94B1B781900E84A0B00CC
:106BB0009B005B189B0000219954E44B1B78190043
:106BC000E34A0B009B005B189B00D31801330022A3
:106BD0001A70DE4B1B781A0013009B009B189B0059
:106BE000DB4A9B1802330422002118001FF03BFCF3
:106BF0007B681B78622B00D0B0E27B6802331B7885
:106C00002E2B00D0AAE27B6801331B782F2B00D8F3
:106C1000A5E37B6801331B78362B00D99FE37B68A3
:106C200001331A781E203B18303A1A70C74B1B7874
:106C30001900C74A0B009B005B189B000121995467
:106C4000C24B1B781900C24A0B009B005B189B00CB
:106C5000D318013300221A70BC4B1B781900BC4AB0
:106C60000B009B005B189B00D318023304003A18FA
:106C700012781A707B680333B649072218001FF098
:106C800015FC031E30D1B14B1B781900B04A0B0024
:106C90009B005B189B00D318033305221A703B1925
:106CA0001A78AD491300DB009B18CB1808331B780A
:106CB0001A000123134012D13B19187801230593C0
:106CC00000230493002303930023029300230193E2
:106CD0000023009300230022012110F055FC1F2304
:106CE000FB1800221A7032E27B6803339B490E22A4
:106CF00018001FF0DBFB031E31D1944B1B781900E9
:106D0000934A0B009B005B189B00D31803330622A9
:106D10001A701E203B181A788F491300DB009B184D
:106D2000CB1808331B781A000223134012D13B18EA
:106D30001878012305930023049300230393002371
:106D400002930023019300230093002301220021DA
:106D500010F01AFC1F23FB1800221A70F7E17B6861
:106D600003337F490C2218001FF0A0FB031E00D044
:106D7000F8E01E243B191A7877491300DB009B18B2
:106D8000CB1802331B78002B41D1704B1B781900B4
:106D90006F4A0B009B005B189B00D318033309223A
:106DA0001A707B680F3318001DF029FF0200674B33
:106DB0001B781900D0B2664A0B009B005B189B0041
:106DC000D3180433021C1A70604B1B781900604AF8
:106DD0000B009B005B189B00D31804331A783B19F7
:106DE00018780123059300230493002303930023C1
:106DF000029300230193002300931300002200213B
:106E000010F0C2FB1F23FB1800221A709FE11E2402
:106E10003B191A7850491300DB009B18CB18033339
:106E20001B78002B40D1494B1B781900484A0B00B6
:106E30009B005B189B00D31803330A221A707B68EF
:106E40000F3318001DF0DBFE0200404B1B781900C9
:106E5000D0B23F4A0B009B005B189B00D318043351
:106E6000021C1A70394B1B781900394A0B009B0021
:106E70005B189B00D31804331B783A191078012251
:106E80000592002204920022039200220292002224
:106E90000192009300230022002110F075FB1F23B4
:106EA000FB1800221A7052E11E243B191A782A4955
:106EB0001300DB009B18CB1804331B78002B40D148
:106EC000224B1B781900224A0B009B005B189B0089
:106ED000D31803330B221A707B680F3318001DF090
:106EE0008EFE0200194B1B781900D0B2184A0B0015
:106EF0009B005B189B00D3180433021C1A70134BC1
:106F00001B781900124A0B009B005B189B00D318DA
:106F100004331B783A19107801220592002204925A
:106F20000022039200220292019300230093002387
:106F30000022002110F028FB1F23FB1800221A70EA
:106F400005E11F23FB180C221A7000E12419002010
:106F5000C0180020A0BF020838320020A8BF0208D5
:106F6000B8BF02087B680333C7490D2218001FF021
:106F70009DFA031E00D0EAE01E243B191A78C3498B
:106F80001300DB009B18CB1805331B78002B40D176
:106F9000BF4B1B781900BF4A0B009B005B189B007E
:106FA000D31803330C221A707B68103318001DF0BD
:106FB00026FE0200B64B1B781900D0B2B54A0B0072
:106FC0009B005B189B00D3180433021C1A70B04B53
:106FD0001B781900AF4A0B009B005B189B00D3186D
:106FE00004331B783A19107801220592002204928A
:106FF00000220392029300230193002300930023B5
:107000000022002110F0C0FA1F23FB1800221A7082
:107010009DE01E243B191A789C491300DB009B1845
:10702000CB1806331B78002B40D1994B1B781900E5
:10703000984A0B009B005B189B00D31803330D226A
:107040001A707B68103318001DF0D9FD0200904BB8
:107050001B781900D0B28F4A0B009B005B189B0075
:10706000D3180433021C1A70894B1B781900894A03
:107070000B009B005B189B00D31804331B783A1954
:1070800010780122059200220492039300230293B8
:10709000002301930023009300230022002110F01D
:1070A00073FA1F23FB1800221A7050E01E243B19AC
:1070B0001A7876491300DB009B18CB1807331B782E
:1070C000002B40D1724B1B781900724A0B009B00B9
:1070D0005B189B00D31803330E221A707B681033A1
:1070E00018001DF08CFD0200694B1B781900D0B20E
:1070F000684A0B009B005B189B00D3180433021CEA
:107100001A70634B1B781900624A0B009B005B18D6
:107110009B00D31804331B783A191078012205928A
:10712000049300230393002302930023019300237D
:10713000009300230022002110F026FA1F23FB18E1
:1071400000221A7003E01F23FB180D221A70504B07
:107150001B780133DAB24E4B1A7000E17A684E4B5D
:10716000110018001FF09FFA1D23FB1800221A704F
:107170001C23FB1800221A70484A474B11001800C4
:107180001FF0BAF90300BB61444B190000201FF047
:10719000B3F903007B61414B190000201FF0ACF9EB
:1071A00003003B61BB69002B01D16723DBE01D2598
:1071B0007C19BB691800FDF753F903002370280000
:1071C0003B181B78002B24D07B69002B21D13B6915
:1071D000002B1ED12E4B1B7819002E4A0B009B0052
:1071E0005B189B0002219954294B1B781900294AEE
:1071F0000B009B005B189B00D31803333A181278DE
:107200001A70234B1B780133DAB2214B1A7000231A
:10721000A9E07B69002B00D19FE03B69002B00D1E6
:107220009BE01C257C193B691800FDF719F9030048
:10723000237028003B181B78002B31D0144B1B788F
:107240001900144A0B009B005B189B000421995401
:107250000F4B1B7819000F4A0B009B005B189B001B
:10726000D31803331D22BA1812781A70084B1B78F2
:107270001900084A0B009B005B189B00D3180733CA
:107280003A1812781A703FE0C8BF0208383200205E
:1072900024190020C0180020B8190020D8BF020807
:1072A000334B1B781900334A0B009B005B189B0083
:1072B000032199542E4B1B7819002E4A0B009B007A
:1072C0005B189B00D31803331D22BA1812781A706A
:1072D0003B6918001DF08EFC02000B001000190025
:1072E000FBF7FEFE031CFB60214B1B781A0013000A
:1072F0009B009B189B001F4A9B1806330C22B91851
:10730000042218001FF0D7F9194B1B781C007B6969
:107310001800FDF7D7F803001900164A23009B0058
:107320001B199B00D31801330A1C1A70104B1B78D1
:107330001900104A0B009B005B189B00D318013307
:107340001B78002B01D167230DE0094B1B7801331B
:10735000DAB2074B1A70002305E0672303E0C0464A
:107360001F23FB181B781800BD4608B0B0BDC046EF
:1073700024190020C018002090B583B000AF7860B9
:1073800039602B4B1B785A1E2A4913009B009B180F
:107390009B00CB180C331B68002B01D1002343E06A
:1073A000254B1B68002B02D1234B7A681A60224BB5
:1073B0001B681B78002B06D11F4B00221A6000238C
:1073C0003B60002330E01C4B1B68132118001FF0AA
:1073D0005FF80200194B1A60184B1B68002B11D084
:1073E000154B1968154B1A68134B1B68D31A1A00F2
:1073F0003B6818001FF06BF8104B1B685A1C0E4BB3
:107400001A6010E00C4B1A683B68110018001FF05E
:107410004AF9094B1C683B681800F8F77FFE030027
:10742000E218054B1A6001231800BD4603B090BD59
:1074300024190020C0180020EC190020F0190020A9
:1074400090B587B000AF0200FB1D1A70FB1D1A78C3
:10745000644913009B009B189B005B5C042B00D1CC
:10746000B5E000DDB5E0032B2BD000DDB1E0012B52
:1074700003D0022B00D1AEE0ABE0FB1D1A78132441
:107480003919584813009B009B189B00C3180233FE
:107490001B780B70FB1D1A78524913009B009B1838
:1074A0009B00CB18033319783B191A784E48130008
:1074B000DB009B181B5C994201D101238DE0002366
:1074C0008BE0FB1D1A78474913009B009B189B001B
:1074D000CB1803331B785A1E444913005B009B18DA
:1074E0009B005B581B687B61FB1D1A7813009B0097
:1074F0009B189B003B4A9B18991D0C23FB180422E8
:1075000018001FF0D8F8FB1D1A78364913009B00AD
:107510009B189B00CB1801331B78062B55D89A007B
:10752000334BD3181B689F46FB68191C7869F8F722
:10753000D1FF031E00D149E001234EE0FB68191C76
:107540007869F8F7E1FF031E00D13FE0012344E032
:10755000FB68191C7869F8F7C3FF031E00D135E0FA
:1075600000217869F8F7B6FF031E00D02EE0012352
:1075700033E0FB68191C7869F8F7D0FF031E00D1CF
:1075800024E0012329E0FB68191C7869F8F7B2FFB1
:10759000031E00D11AE000217869F8F79BFF031E53
:1075A00000D013E0012318E0FB68191C7869F8F794
:1075B00091FF031E00D009E000217869F8F78AFFE7
:1075C000031E00D002E0012307E0C04604E0C046ED
:1075D00002E0C04600E0C04600231800BD4607B0E8
:1075E00090BDC046C018002038320020FC28002082
:1075F000DCBF020880B582B000AF7B1D00221A708C
:10760000BB1D00221A8012F043FC03003B60BB1D2F
:1076100000221A803EE0BB1D1A88254913009B00FA
:107620009B189B00CB1810331B78002B2DD0BB1D53
:107630001B88DBB21800FFF703FF031E25D01D4B8C
:1076400020221A7010E01C4B18783B681B4A00215E
:10765000FEF7CCFE3B681800F8F760FD02003B68BF
:10766000002118001EF0FFFEBB1D1A8810491300F0
:107670009B009B189B00CB180C331B680F4A110012
:107680001800FFF779FE031EDDD1BB1D1A88BB1D54
:1076900001321A800A4B1B781A00BB1D1B889342CB
:1076A000B9D37B1D1B781800BD4602B080BDC04613
:1076B000C018002070140020D8170020F4190020F2
:1076C0002419002080B500AFBFF34F8FC046044B94
:1076D000044ADA60BFF34F8FC046C046FDE7C0469C
:1076E00000ED00E00400FA0580B500AFC046BD46DD
:1076F00080BD000080B500AF444B180012F012FBB3
:10770000434B180012F00EFB424B180012F00AFB1C
:10771000414B180012F006FB404B180012F002FB20
:107720003F4B180012F0FEFA3E4B180012F0FAFA26
:107730003D4B180012F0F6FA3C4B180012F0F2FA2A
:107740003B4B180012F0EEFA3A4B180012F0EAFA2E
:10775000394B180012F0E6FA384B180012F0E2FA32
:10776000374B180012F0DEFA364B180012F0DAFA36
:10777000354B180012F0D6FA344B180012F0D2FA3A
:10778000334B180012F0CEFA324B180012F0CAFA3E
:10779000314B180012F0C6FA304B180012F0C2FA42
:1077A0002F4B180012F0BEFA2E4B180012F0BAFA46
:1077B0002D4B180012F0B6FA2C4B180012F0B2FA4A
:1077C0002B4B180012F0AEFA2A4B180012F0AAFA4E
:1077D000294B180012F0A6FA284B180012F0A2FA52
:1077E000274B180012F09EFA264B180012F09AFA56
:1077F000254B180012F096FA244B22221A700BF037
:107800003DFBFFF771FFC046BD4680BDF0C00208DA
:1078100088C0020824C1020804C302083CC302084D
:107820008CC30208FCC3020838C4020878C40208EA
:10783000C4C5020884C6020800C7020858C7020867
:10784000A8C7020840C8020894C80208ECC8020889
:107850006CC90208A8C90208F8C9020848CA020887
:10786000A8CA0208F0CA020838CB020880CB020876
:10787000C0CB020808CC0208E8CC020864CD02089C
:10788000ACCD0208FCCD020868CE02089714002097
:1078900080B586B000AFF860B9607A600B4B7B6151
:1078A0007A69FB68110018001EF0FDFE7B69180064
:1078B000F8F734FC0200FB689B18180014F0B8FDC0
:1078C00000231800BD4606B080BDC04678CE020831
:1078D00080B586B000AFF860B9607A600B4B7B6111
:1078E0007A69FB68110018001EF0DDFE7B69180044
:1078F000F8F714FC0200FB689B18180014F03EFE19
:1079000000231800BD4606B080BDC046C8CE0208A0
:1079100090B585B000AFF860B9607A601E4B1B78F7
:1079200019001E4A0B009B005B185B009B5C002B40
:1079300009D11B4B1968184B1B781A00FB681800FB
:107940001EF012FD11E0174B1968134B1B781C0039
:10795000114B1B781A0013009B009B185B000F4A09
:107960009B18F86822001EF0FFFC8023DB010E4804
:107970000122190017F099FEC82012F011F9802396
:10798000DB0109480022190017F08FFE00231800C0
:10799000BD4605B090BDC0461101002084150020F1
:1079A000540200205802002000040050B0B588B0F6
:1079B00002AFF860B9607A601523FB1800221A70D4
:1079C000684A7B680121180012F06AFA0200664BCF
:1079D0001A60654B1B68002B2AD1644B1968644BF5
:1079E0001B781A00FB6818001EF0BEFC614B1A6879
:1079F000FB68110018001EF03EFD5F4B1C78FB6811
:107A00001800F8F78BFB03009AB2F96801235B4278
:107A100000933223200011F083FE584B584A1A601D
:107A2000584B01221A700A2012F0BAF8FFF74AFEEA
:107A30004D4B18684B4B1B681A00534B19001EF036
:107A400035FD031E00D078E0504A7B680221180003
:107A500012F026FA02004E4B1A604E4A7B68032150
:107A6000180012F01DFA02004B4B1A60484B1B68BD
:107A70001B785BB2232B0AD1454B1B6801331800DE
:107A80001DF0C3F802001723FB181A7003E015233A
:107A9000FB1868221A70404B1B681B785BB2702B76
:107AA0000AD13D4B1B68013318001DF0AEF80200EF
:107AB0001623FB181A7003E01523FB1868221A70AE
:107AC0002B4B1B7817257A1912789A421DD0334B0D
:107AD00000221A70324B16243A1912781A707B1948
:107AE0001B7801221A21180003F0E6FD642012F031
:107AF00057F81F4B1878204B1A783B191C787B19C4
:107B0000197823000AF02EFA1BE016243B19187886
:107B10000023009319230022002103F01DFE64209E
:107B200012F03EF8124B1878114B1978124B1A7854
:107B30003B191B780AF016FA03E01523FB1868229C
:107B40001A701523FB181B78682B06D1154B1A6881
:107B5000FB68110018001EF0A6FD00231800BD46AA
:107B600006B0B0BD781A00207C1A00205C0200200C
:107B70001101002000010020D8170020F03F022052
:107B8000EFBEADDE941400200CCF0208801A002056
:107B9000841A0020881A00208C1A002070140020FB
:107BA000A41700206002002080B584B000AFF86008
:107BB000B9607A60FFF786FDB0B586B000AFF860B7
:107BC000B9607A601723FB1800221A702D4A7B686F
:107BD0000121180012F064F902002B4B1A60294BA6
:107BE0001B68092B04DD284B1B68093300221A701F
:107BF000264B1A78244B1B6817257C191900100096
:107C0000FDF776FD030023707B191B78002B0AD14A
:107C10001F4B19681D4B1B781A001B4B1B68F8681B
:107C20001EF0A2FB28E01723FB181B78062B08D1B7
:107C3000184B1968144B1A68FB6818001EF094FB67
:107C40001AE01723FB181B78072B08D1124B196871
:107C50000D4B1A68FB6818001EF086FB0CE017231A
:107C6000FB181B78082B07D10C4B1968064B1A68B8
:107C7000FB6818001EF078FB00231800BD4606B014
:107C8000B0BDC046901A0020941A002011010020B7
:107C900064020020680200206C02002070020020B4
:107CA000B0B594B000AFF860B9607A604F23FB18AC
:107CB00000221A702023FB1800221A6004332322AA
:107CC000002118001EF0CFFB4C23FB1800221A8065
:107CD0004A243B1900221A8014257B1900221A60BD
:107CE00004330622002118001EF0BDFB9C4A7B686D
:107CF0000121180012F0D4F802009A4B1A60994B37
:107D00001968974B1B681A007B1918001EF0DFFBDF
:107D10003B1901221A804923FB1800221A701BE02C
:107D20004923FB181A7813009B009B185B008E4AAE
:107D30009A181423FB1811001800F8F7E5F9031E30
:107D400004D14A23FB1800221A800AE049217B183B
:107D50001A787B1801321A704923FB181B78092BFB
:107D6000DED9824B02221A70FA68814B100019008A
:107D70000A231A001EF09FFC7C4B1B785BB2190093
:107D80007C4A7B68180012F08BF802007A4B1A606C
:107D90005DE0794B1968774B1B681A0020243B196A
:107DA00018001EF094FB734B1B6820003A1800214A
:107DB000D1544C257C193B181800FDF7EBFB030050
:107DC00023807B1900229B5E002B45DB7B191B88DF
:107DD000DBB24F257C191422BA1811001800FDF7E8
:107DE00027FD030023707B191B78002B36D15F4BD6
:107DF0001B785BB2022B0EDDFB681800F8F78EF9DA
:107E000003001A00FB689A185C4B1000190003234A
:107E10001A001EF050FC2023FA18FB68110018000D
:107E20001EF029FB514B1B785BB2DBB20133DBB296
:107E30005AB24E4B1A704D4B1B785BB219004D4A2B
:107E40007B68180012F02CF802004B4B1A604A4B6A
:107E50001B68002B9DD102E0C04600E0C0464C23C9
:107E6000FB1800229B5E002B08DA454B1968202383
:107E7000FA18FB6818001EF077FA6CE03B4B1B7891
:107E80005BB2022B08D13F4B19681423FA18FB6828
:107E900018001EF069FA5EE04F23FB181B78002BD8
:107EA00015D14A23FB1800229B5E002B0FD0364BC6
:107EB00019681423FA1820243B1918001EF054FAEC
:107EC0003A19FB68110018001EF0D5FA43E04F2361
:107ED000FB181B78002B15D14A23FB1800229B5E50
:107EE000002B0FD1294B19681423FA1820243B19B1
:107EF00018001EF039FA3A19FB68110018001EF03C
:107F0000BAFA28E04F23FB181B78062B08D1204B28
:107F100019681423FA18FB6818001EF025FA1AE0F5
:107F20004F23FB181B78072B08D11A4B1968142311
:107F3000FA18FB6818001EF017FA0CE04F23FB1824
:107F40001B78082B07D1144B19681423FA18FB6807
:107F500018001EF009FA00231800BD4614B0B0BD89
:107F6000981A00209C1A002008150020A01A002052
:107F700010CF0208A41A0020A81A00201CCF020863
:107F800074020020780200207C0200208002002081
:107F900084020020880200208C02002080B584B07A
:107FA00000AFF860B9607A600020FDF713F9002394
:107FB0001800BD4604B080BD90B589B002AFF8602E
:107FC000B9607A6017217B1800221A70334B1B7836
:107FD000012B04D97C1811F0EBFC030023702F4B0C
:107FE0001B781A002E49FB6818001EF0BDF92D4BB6
:107FF0001C78FB681800F8F791F803009AB2F9684A
:1080000001235B4200933223200011F089FB264AB2
:10801000FB68110018001EF0A7F9224B1C78FB68C2
:108020001800F8F77BF803009AB2F96801235B4265
:1080300000933223200011F073FB1A4B1B781800B9
:10804000FCF714FF174B1B781800FDF737F81723C0
:10805000FB181B78022B15D1144AFB68110018007D
:108060001EF082F90F4B1C78FB681800F8F756F8E1
:1080700003009AB2F96801235B4200933223200087
:1080800011F04EFB0A4AFB68110018001EF06CF953
:1080900000231800BD4607B090BDC0461001002067
:1080A00020CF0208D81700203CCF020850CF02088A
:1080B00094CF0208F0B59FB006AFF860B9607A605F
:1080C0005C23FB1800221A700023FB640023BB64AE
:1080D00000237B6400233B640023FB630023BB631A
:1080E00000237B635F23FB1800221A705E243B1978
:1080F00000221A705D23FB1800221A705B23FB1804
:1081000000221A705A23FB1800221A7000237B6584
:1081100000233B652823FB1800221A600433062243
:10812000002118001EF09FF91C23FB1800221A6082
:1081300004330622002118001EF095F91023FB18C5
:1081400000221A6004330622002118001EF08BF969
:108150004C23FA187B680121180011F0A1FE0200DF
:10816000804B1A607F4B1B681B785BB2502B08D189
:108170007C4B1B68013318001CF047FD02003B19C3
:108180001A704823FA187B680221180011F088FE43
:108190000200754B1A60744B1968BB6C1A002824D6
:1081A0003B1918001EF093F93B191800FDF7F2F97E
:1081B00003001A005B23FB181A704423FA187B682B
:1081C0000321180011F06CFE0200684B1A60674B27
:1081D0001B681B785BB2702B09D1644B1B680133A1
:1081E00018001CF012FD02005D23FB181A704023DA
:1081F000FA187B680421180011F052FE02005C4B53
:108200001A605B4B19683B6C1A001C243B19180060
:108210001EF05DF93B191800FDF7BCF903001A00C8
:108220005A23FB181A703C23FA187B6805211800A2
:1082300011F036FE02004F4B1A604E4B1B68FA6B72
:108240004D4918001EF032F9031E04D15F23FB18BC
:1082500000221A701AE0474B1B68FA6B4749180056
:108260001EF024F9031E04D15F23FB1801221A70AB
:108270000CE0404B1B68FA6B414918001EF016F9E0
:10828000031E03D15F23FB1802221A70394B1968B1
:10829000FB6B1A001026BB1918001EF018F93823C2
:1082A000FA187B680621180011F0FAFD0200354B20
:1082B0001A60344B1B6818001CF0A7FC03007B6598
:1082C0003423FA187B680721180011F0E9FD020039
:1082D0002D4B1A602C4B1B6818001CF096FC0300F9
:1082E0003B655C23FC185A22BB181D785D22BB1825
:1082F0001A785B217B1819785E203B1818780023C8
:1083000003933B6D02937B6D01935F23FB181B78F6
:1083100000932B0003F072FD030023705C23FB1815
:108320001B78002B18D1194B19685E203B181D785B
:108330005D22BB181B78BC19F8683A6D04927A6DFF
:1083400003921C22BA18029201932823FB1800936F
:108350002B0022001EF008F800231800BD4619B0BB
:10836000F0BDC046AC1A0020B01A0020B41A00209C
:10837000B81A0020BC1A002098CF0208A0CF02082B
:10838000ACCF0208C01A0020C41A002090020020BE
:10839000F0B58BB002AFF860B9607A601D23FB18AE
:1083A00000221A700023BB6100237B611F23FB188E
:1083B00000221A701E243B1900221A701823FA1882
:1083C0007B680121180011F06BFD02003D4B1A6023
:1083D0003C4B1B68BA693C4918001EF067F8031E45
:1083E00003D13B1901221A7028E0364B1B68BA6989
:1083F000364918001EF05AF8031E04D11E23FB183C
:1084000002221A701AE02F4B1B68BA693049180013
:108410001EF04CF8031E04D11E23FB1803221A7011
:108420000CE0284B1B68BA692A4918001EF03EF878
:10843000031E03D11E23FB1804221A701423FA18FA
:108440007B680221180011F02BFD0200224B1A60FC
:10845000214B1B681B785BB2702B09D11E4B1B682C
:10846000013318001CF0D1FB02001F23FB181A7007
:108470001D26BC191F257B191A781E23FB181B7893
:10848000110018000EF048FE03002370BB191B7882
:10849000002B12D10B4B1B68BA699B1800221A7073
:1084A0000E4B1968074B1A687B191C787B191B78CF
:1084B000F868009323001DF057FF00231800BD4605
:1084C00009B0F0BDC81A0020BCCF0208CCCF02080A
:1084D000DCCF0208E8CF0208CC1A0020940200206A
:1084E000F0B587B000AFF860B9607A601623FB186A
:1084F00000221A7000233B6117243B1900221A70D6
:108500001023FA187B680121180011F0C9FC020041
:10851000164B1A60154B1B681B785BB2702B08D189
:10852000124B1B68013318001CF06FFB02003B1953
:108530001A701626BC1917257B191B7818000EF027
:108540001FFF03002370BB191B78002B08D1084BB9
:1085500019687B191A787B191B78F8681DF004FFDD
:1085600000231800BD4607B0F0BDC046D01A002059
:1085700098020020F0B5CE46474680B595B006AFCC
:10858000F860B9607A603723FB1800221A70002364
:108590007B6200233B620023FB610023BB6100235D
:1085A0007B613023FB1800221A800023FB623623F4
:1085B000FB1800221A702423FA187B680121180086
:1085C00011F06EFC0200E24B1A60E14B1B68E149BE
:1085D000042218001DF06AFF031E00D04DE2202384
:1085E000FA187B680221180011F05AFC0200DA4BDD
:1085F0001A60D74B1B68181D7B6A043B1A00D74BC7
:1086000019001DF053FF031E00D07DE0D24B1B6804
:108610003A6AD34918001DF049FF031E14D1D14B0B
:1086200060221A70CF4B5B781B021AB2CD4B1B78BD
:108630001BB213431BB29AB28A235B0011001800CD
:108640000DF062FB00F03AFDC34B1B683A6AC64965
:1086500018001DF02BFF031E14D1C24B20221A70EC
:10866000C04B5B781B021AB2BE4B1B781BB2134384
:108670001BB29AB28A235B00110018000DF044FB74
:1086800000F01CFDB44B1B683A6AB84918001DF095
:108690000DFF031E14D1B34B40221A70B14B5B780F
:1086A0001B021AB2AF4B1B781BB213431BB29AB218
:1086B0008A235B00110018000DF026FB00F0FEFC81
:1086C000A54B1B683A6AAA4918001DF0EFFE031E6D
:1086D00014D1A44B00221A70A24B5B781B021AB271
:1086E000A04B1B781BB213431BB29AB28A235B00C8
:1086F000110018000DF008FB00F0E0FC3723FB1818
:1087000068221A7000F0DAFC914B1B68181D7B6A16
:10871000043B1A00974B19001DF0C8FE031E00D041
:108720007DE08D4B1B683A6A8D4918001DF0BEFE36
:10873000031E14D18B4B03225A708A4B5B781B02A9
:108740001AB2884B1B781BB213431BB29AB28A230E
:108750005B00110018000DF0D7FA00F0AFFC7E4B63
:108760001B683A6A804918001DF0A0FE031E14D150
:108770007C4B01225A707B4B5B781B021AB2794BFF
:108780001B781BB213431BB29AB28A235B00110001
:1087900018000DF0B9FA00F091FC6F4B1B683A6AB3
:1087A0006E4918001DF082FE031E14D16D4B02228B
:1087B0005A706C4B5B781B021AB26A4B1B781BB267
:1087C00013431BB29AB28A235B00110018000DF00C
:1087D0009BFA00F073FC604B1B683A6A644918000E
:1087E0001DF064FE031E14D15E4B00225A705D4BD7
:1087F0005B781B021AB25B4B1B781BB213431BB294
:108800009AB28A235B00110018000DF07DFA00F087
:1088100055FC3723FB1868221A7000F04FFC4C4BB4
:108820001B68181D7B6A043B1A00534B19001DF08E
:108830003DFE031E2DD1484B1B6818001CF0DFF9CC
:108840000300FB62FA6AE1231B039A421BD84B4BDD
:10885000FA6A9A60494B9B689AB28C235B001100BC
:1088600018000DF051FA454B9B681B0C9AB21A2365
:10887000FF33110018000DF047FA3623FB180122D0
:108880001A7000F01BFC3723FB1868221A7000F0E6
:1088900015FC2F4B1B68181D7B6A043B1A00384BD4
:1088A00019001DF003FE031E22D12B4B1B6818007C
:1088B0001CF0A5F9020030217B181A800A00BB18B1
:1088C0001B88002B0ED02D4B1100BA1812881A806D
:1088D0007B181A881623FF33110018000DF014FAC4
:1088E00000F0ECFB3723FB1868221A7000F0E6FB5F
:1088F000174B1B68181D7B6A043B1A00214B19009B
:108900001DF0D4FD031E3FD1134B1B6818001CF053
:1089100076F9020030217B181A800A00BB181B88E8
:10892000002B0ED0154B1100BA1812885A807B18F4
:108930001A888B235B00110018000DF0E5F900F098
:10894000BDFB3723FB1868221A7000F0B7FBC04646
:10895000D41A0020F4CF0208D81A0020FCCF020855
:1089600008D00208701400200CD0020814D00208AD
:1089700018D0020820D0020828D00208781400205D
:1089800034D0020840D00208D94B1B68181D7B6AFE
:10899000043B1A00D74B19001DF088FD031E2ED191
:1089A000D54B1B6818001CF02AF9020030217B18F7
:1089B0001A800A00BB181B88002B1AD0BB181B8812
:1089C000FF2B16D8BB181B88DAB2CC4B1A71CB4BD5
:1089D0005B791B021AB2C94B1B791BB213431BB242
:1089E0009AB21823FF33110018000DF08DF900F032
:1089F00065FB3723FB1868221A7000F05FFBBC4B45
:108A00001B68181D7B6A043B1A00BD4B19001DF042
:108A10004DFD031E2CD1B84B1B6818001CF0EFF85D
:108A2000020030217B181A800A00BB181B88002B1B
:108A300019D0BB181B88FF2B15D8BB181B88DAB2BE
:108A4000AE4B5A71AD4B5B791B021AB2AB4B1B7923
:108A50001BB213431BB29AB21823FF331100180044
:108A60000DF052F92AE33723FB1868221A7025E328
:108A70003723FB1867221A7020E39D4B1B68A1491E
:108A8000042218001DF012FD031E00D0A6E02023D2
:108A9000FA187B680221180011F002FA0200964BC6
:108AA0001A601C23FA187B680321180011F0F8F9EA
:108AB0000200954B1A601823FA187B6804211800ED
:108AC00011F0EEF90200914B1A601423FA187B683A
:108AD0000521180011F0E4F902008D4B1A60864B55
:108AE0001B6818001CF08BF802003523FB181A7065
:108AF000854B1B6818001CF082F802003423FB1819
:108B00001A70824B1B6818001CF079F802002B23A6
:108B1000FB181A707E4B1B68002B1FD07C4B1B6808
:108B20007C49022218001DF0C1FC031E04D133232E
:108B3000FB1801221A7011E0754B1B68764902225E
:108B400018001DF0B3FC031E04D13323FB180222CE
:108B50001A7003E03723FB1868221A703723FB18BA
:108B60001B78002B00D0A9E23523FB181B78172BAC
:108B700009D83423FB181B783B2B04D82B23FB1874
:108B80001B783B2B04D93723FB1868221A7095E217
:108B900010F086F8594B987D584B597D574B1A8BDE
:108BA000564B1D7D554B1B7B5BB237243C19049300
:108BB0003323FB181B7803933523FB181B78029390
:108BC0003423FB181B7801932B23FB181B7800938D
:108BD0002B000FF0D1FF030023706FE2444B1B68A2
:108BE0004E49042218001DF061FC031E00D061E212
:108BF0002023FA187B680221180011F051F90200B5
:108C00003D4B1A601C23FA187B680321180011F0F1
:108C100047F902003C4B1A601823FA187B680421BC
:108C2000180011F03DF90200384B1A601423FA18AD
:108C30007B680521180011F033F90200344B1A60EB
:108C4000324B1B6818001BF0DAFF02002B23FB18C5
:108C50001A702F4B1B6818001BF0D1FF0200302345
:108C6000FB181A80244B1B682D49062218001DF0A2
:108C70001DFC031E04D13523FB1801221A7079E074
:108C80001D4B1B682749072218001DF00FFC031E0F
:108C900004D13523FB1802221A706BE0164B1B68B7
:108CA0002149092218001DF001FC031E04D13523BF
:108CB000FB1803221A705DE00F4B1B681B4908224A
:108CC00018001DF0F3FB031E04D13523FB1804220A
:108CD0001A704FE0084B1B681549062218001DF05A
:108CE000E5FB031E26D13523FB1805221A7041E04F
:108CF000D41A002050D00208D81A0020781400207E
:108D000064D0020850C80208DC1A0020E01A0020D3
:108D1000E41A002078D002087CD00208A4C8020817
:108D200080D0020888D0020890D002089CD00208A7
:108D3000A8D00208C14B1B68C149082218001DF0C9
:108D4000B5FB031E04D13523FB1806221A7011E06F
:108D5000BA4B1B68BB49062218001DF0A7FB031E77
:108D600004D13523FB1807221A7003E03723FB18C0
:108D700068221A70B44B1B68B449072218001DF012
:108D800095FB031E08D0B04B1B68B14902221800A6
:108D90001DF08CFB031E04D13423FB1801221A7032
:108DA00000E1A94B1B68AB49082218001DF07EFBAF
:108DB000031E08D0A44B1B68A749022218001DF00F
:108DC00075FB031E04D13423FB1802221A70E9E05C
:108DD0009D4B1B68A149052218001DF067FB031E6F
:108DE00008D0994B1B689E49022218001DF05EFBBB
:108DF000031E04D13423FB1803221A70D2E0924BD5
:108E00001B689849052218001DF050FB031E08D06E
:108E10008D4B1B689449022218001DF047FB031E6E
:108E200004D13423FB1804221A70BBE0864B1B6864
:108E30008E49032218001DF039FB031E08D0824B17
:108E40001B688B49022218001DF030FB031E04D161
:108E50003423FB1805221A70A4E07B4B1B6885495C
:108E6000042218001DF022FB031E08D0764B1B685D
:108E70008149022218001DF019FB031E04D134237E
:108E8000FB1806221A708DE06F4B1B687B49042289
:108E900018001DF00BFB031E08D06B4B1B687849B4
:108EA000022218001DF002FB031E04D13423FB181C
:108EB00007221A7076E0644B1B687249052218007D
:108EC0001DF0F4FA031E08D05F4B1B686E490222A6
:108ED00018001DF0EBFA031E04D13423FB180822FE
:108EE0001A705FE0584B1B686849092218001DF092
:108EF000DDFA031E08D0544B1B6865490222180096
:108F00001DF0D4FA031E04D13423FB1809221A7071
:108F100048E04D4B1B685F49072218001DF0C6FA58
:108F2000031E08D0484B1B685B49022218001DF045
:108F3000BDFA031E04D13423FB180A221A7031E053
:108F4000414B1B685549082218001DF0AFFA031E5B
:108F500008D03D4B1B685249022218001DF0A6FAAA
:108F6000031E04D13423FB180B221A701AE0364B6F
:108F70001B684C49082218001DF098FA031E08D0FF
:108F8000314B1B684849022218001DF08FFA031E5E
:108F900004D13423FB180C221A7003E03723FB188A
:108FA00068221A703723FB181B78002B00D085E04D
:108FB0002B22BB181B78002B0FD0BB181B781F2B44
:108FC0000BD830217B181A88FA23DB009A4204D38D
:108FD0007B181B88354A934204D93723FB18682233
:108FE0001A706BE00FF05CFE314B1B7C304A527CF8
:108FF0002F49897C2E48C07C2D4C247B65B23724B8
:109000003C193526BE193678B1463026BE19368849
:10901000B0462B26BE193678B4463426BE193678AB
:10902000049503900291019200934B46424661469B
:1090300030000FF0A1FD030023703FE0D81A00209C
:10904000B0D00208BCD00208DC1A0020C4D002084C
:10905000CCD00208D0D00208DCD00208E0D0020850
:10906000E8D00208ECD00208F4D00208F8D00208D8
:10907000FCD0020800D1020808D102080CD1020875
:1090800014D1020818D1020820D1020824D1020804
:1090900030D1020834D102083CD1020840D1020884
:1090A0004CD1020850D102085CD1020834080000FB
:1090B000781400203723FB1867221A703723FB1817
:1090C0001B78002B22D1224B1B687A6A9B18002246
:1090D0001A70204B19681E4B1A681F4B1B68F868E2
:1090E0001DF042F93623FB181B78012B27D11B4BAF
:1090F0001A68FB68110018001DF0BDF9184B1A68BA
:10910000FB68110018001DF0B6F918E03723FB18B2
:109110001B78672B07D1134B1A68FB6811001800E6
:109120001DF0C1FA0BE03723FB181B78682B06D122
:109130000D4B1A68FB68110018001DF0B4FA0023EB
:109140001800BD460FB0C0BCB946B046F0BDC04621
:10915000D41A00209C020020D81A0020A00200206F
:10916000A4020020A8020020AC02002080B588B034
:1091700000AFF860B9607A601F23FB1800221A70F4
:109180000023BB6100237B611E23FB1800221A70A1
:109190001D23FB1800221A701C23FB1800221A70D2
:1091A0001823FA187B680121180010F079FE0200DC
:1091B000C14B1A60C04B1B68C049042218001DF047
:1091C00075F9031E00D0D6E0BB4B1B68181DBB69A8
:1091D000043B1A00BA4B19001DF068F9031E28D190
:1091E000B84B1B78602B07D1B74B1968B74AFB689F
:1091F00018001DF0B9F840E1B24B1B78202B07D1C5
:10920000B14B1968B24AFB6818001DF0ADF834E1A3
:10921000AC4B1B78002B07D1AB4B1968AD4AFB68F0
:1092200018001DF0A1F828E11F23FB1868221A700E
:1092300023E1A14B1B68181DBB69043B1A00A64B18
:1092400019001DF033F9031E28D19E4B5B78032BC8
:1092500007D19D4B19689D4AFB6818001DF084F8E2
:109260000BE1984B5B78012B07D1974B1968984A13
:10927000FB6818001DF078F8FFE0924B5B78002B3C
:1092800007D1914B1968934AFB6818001DF06CF8E0
:10929000F3E01F23FB1868221A70EEE0864B1B6870
:1092A000181DBB69043B1A008C4B19001DF0FEF819
:1092B000031E07D18A4B9A688A49FB6818001DF083
:1092C00053F8DAE07C4B1B68181DBB69043B1A009D
:1092D000854B19001DF0EAF8031E08D1804B1B884E
:1092E0001A008049FB6818001DF03EF8C5E0724B7B
:1092F0001B68181DBB69043B1A007C4B19001DF04C
:10930000D5F8031E08D1764B5B881A007549FB68B7
:1093100018001DF029F8B0E0674B1B68181DBB69E9
:10932000043B1A00724B19001DF0C0F8031E08D14F
:109330006B4B1B791A006B49FB6818001DF014F881
:109340009BE05D4B1B68181DBB69043B1A00694B11
:1093500019001DF0ABF8031E08D1614B5B791A00B0
:109360006049FB6818001CF0FFFF86E01F23FB1814
:1093700067221A7081E0504B1B685F490522180074
:109380001DF094F8031E00D073E01423FA187B68D4
:109390000221180010F084FD0200584B1A601E23B1
:1093A000FB1800221A701D23FB1800221A701AE005
:1093B000524B18681D23FB181A7813009B009B184A
:1093C0005B004F4A9B181900F6F79EFE031E04D15E
:1093D0001E23FB1801221A700AE01D217B181A783F
:1093E0007B1801321A701D23FB181B78092BDFD95B
:1093F0001E23FB181B78002B09D1424B19683F4BE9
:109400001A68FB6818001CF0AFFF002350E03E4BC9
:1094100019683A4B1A68FB6818001CF0A5FF1C235A
:10942000FB1801221A701CE01C217B181B785A1EA5
:10943000364B5200D35A1A001D23FB181B781A41D1
:1094400013000122134006D07B181B78FA683049BC
:10945000F8681CF089FF1C217B181A787B180132F0
:109460001A702C4B1B781C22BA1812789A42DBD93E
:1094700003E01F23FB1867221A701F23FB181B78B9
:10948000672B07D1244B1A68FB68110018001DF0E8
:109490000AF90CE01F23FB181B78682B07D11F4B20
:1094A0001968054B1A68FB6818001CF05DFF002363
:1094B0001800BD4608B080BDE81A0020F4CF0208AD
:1094C000FCCF020870140020B002002008D002086F
:1094D00060D1020818D0020820D0020828D0020863
:1094E0007814002064D1020834D0020840D0020869
:1094F00050D0020864D002089CC30208EC1A002075
:1095000008150020B4020020B80200200016002038
:109510006CD1020810010020BC020020C002002013
:1095200090B587B000AFF860B9607A601723FB1878
:1095300000221A7000233B611023FA187B68012176
:10954000180010F0ADFC0200294B1A60284B1B6874
:109550003A69284918001CF0A9FF031E11D1264BB7
:10956000264A13CA13C313CA13C312681A60FAF740
:109570002FFE234B1A68FB68110018001DF093F8AA
:1095800024E01B4B1B683A691E4918001CF08EFF33
:10959000031E17D100221621FF2002F08DF81A4B6E
:1095A00002221A70642010F0FBFAFAF78DFE642094
:1095B00010F0F6FA154B1A68FB68110018001DF040
:1095C00072F803E01723FB1868221A701723FB18A0
:1095D0001B78682B06D10E4B1A68FB681100180027
:1095E0001DF061F800231800BD4607B090BDC046CD
:1095F000F01A002074D10208781400208C0000209A
:10960000C40200207CD1020894140020C80200206B
:10961000CC020020F0B589B004AFF860B9607A6080
:109620000FF03EFB2C4B5B7B182B14D12B4B196896
:10963000294B9B7C1C00284B5B7C1D00264B1B7C14
:109640001A00254BDB89F868019300922B00220059
:109650001CF08AFE3AE0204B5B7B0C2B36D11E4B74
:10966000DB7C012B17D11E4B19681B4B9B7C1D000B
:10967000194B5B7C1E00184B1B7C1A00164BDB89B8
:109680001C00F868174B02930194009233002A00E3
:109690001CF06AFE1AE0104BDB7C022B16D1104B3B
:1096A00019680D4B9B7C1D000B4B5B7C1E000A4B0D
:1096B0001B7C1A00084BDB891C00F8680A4B0293DC
:1096C0000194009233002A001CF04EFE0023180083
:1096D000BD4605B0F0BDC04678140020D002002081
:1096E000D402002084D1020888D1020890B585B048
:1096F00000AFF860B9607A600FF0D2FA074B1C68CF
:10970000FCF7A2FB0200FB68210018001CF02CFEF5
:1097100000231800BD4605B090BDC046D802002009
:1097200090B58BB000AFF860B9607A602723FB1862
:1097300000221A7000237B6100233B611423FA1876
:109740007B680121180010F0ABFB03003B623B6A11
:109750001B785BB2702B09D13B6A013318001BF0F8
:1097600054FA02002623FB181A7003E02723FB1883
:1097700068221A701023FA187B680221180010F072
:109780008FFB0300FB61FB6918001BF03EFA03002E
:10979000BB612723FB181B78682B07D10E4B1A6877
:1097A000FB68110018001CF07EFF0FE0BA69262448
:1097B0003B191B781100180010F044F8074B19688A
:1097C0003B191B78BA69F8681CF0CEFD002318001D
:1097D000BD460BB090BDC046DC020020E002002078
:1097E00080B586B000AFF860B9607A60154B1A6832
:1097F0001549FB6818001CF0B7FD1723FB18002261
:109800001A7005E017217B181A787B1801321A703C
:109810001723FB181B78022BF4D9FB681800F6F706
:109820007DFC03001A00FB689A18084B1000190011
:1098300003231A001CF03FFF00231800BD4606B0AA
:1098400080BDC046E40200208CD1020890D10208FD
:1098500090B587B000AFF860B9607A6016243B1904
:1098600000221A8013F03EFD02003B191A803B19BA
:109870001B88254A94466344082B2CD89A00234B16
:10988000D3181B689F46224B1968224AFB681800B0
:109890001CF06AFD27E01E4B19681F4AFB68180080
:1098A0001CF062FD1FE01A4B19681C4AFB68180087
:1098B0001CF05AFD17E0164B1968194AFB6818008E
:1098C0001CF052FD0FE0124B1968164AFB68180095
:1098D0001CF04AFD07E00E4B1968134AFB6818009C
:1098E0001CF042FDC046114B1C6813F0EFFC030056
:1098F0001B0BFA68F86821001CF036FD00231800E5
:10990000BD4607B090BDC046C0FBFFFFD8D10208DE
:10991000E802002094D10208A0D10208ACD10208CC
:10992000B8D10208C4D10208D0D10208EC0200204C
:1099300080B584B000AFF860B9607A60074B1968F1
:10994000074B1B681B041A0CFB6818001CF00CFD6D
:1099500000231800BD4604B080BDC046F0020020C0
:10996000CCF7FF1FF0B58FB004AFF860B9607A6034
:109970001823FB18D54A13CA13C312881A80D44B74
:109980001C78D44B1D68D34B1B681800F6F7C6FB38
:1099900003009AB201235B42009332232900200086
:1099A0000FF0BEFE2723FB1801221A702623FB1896
:1099B00000221A7076E126203B181A78C649130057
:1099C0009B009B189B005B5C002B1AD0C34B1C6850
:1099D0002723FB181D783B181A78BF4913009B00FA
:1099E0009B189B00CB1810331B7819001823FA180A
:1099F0000B00DB005B1AD318F8682A0021001CF06A
:109A0000B3FC2623FB181A78B34913009B009B185C
:109A10009B005B5C012B03D0032B00D1B5E0FBE086
:109A20002623FB181A78AC4913009B009B189B0057
:109A3000CB1803331B780E2B00DDA4E00C2B00DBCE
:109A400075E00B2B00DD9EE0092B44DA052B02D0DC
:109A5000062B20D097E0A24B1C6826203B181A78D2
:109A60009D4913009B009B189B00CB1802331B7869
:109A70001D003B181A78984913009B009B189B0007
:109A8000CB180C331B68FA68F86800932B00210090
:109A90001CF06AFC78E0934B1C6826203B181A786F
:109AA0008D4913009B009B189B00CB1802331B7839
:109AB0001D003B181A78884913009B009B189B00D7
:109AC000CB180C331B68FA68F86800932B00210050
:109AD0001CF04AFC58E0844B1C6826203B181A787E
:109AE0007D4913009B009B189B00CB1802331B7809
:109AF0001E003B181A78784913009B009B189B00A6
:109B0000CB1804331B781D003B181A7872491300D8
:109B10009B009B189B00CB180C331B68FA68F868F5
:109B200001930095330021001CF01EFC2CE06F4BCC
:109B30001C6826203B181A78674913009B009B1865
:109B40009B00CB1802331B781E003B181A78624921
:109B500013009B009B189B00CB1804331B781D003F
:109B60003B181A785C4913009B009B189B00CB188C
:109B70000C331B68FA68F8680193009533002100E4
:109B80001CF0F2FB00E0C04646E026243B191A78A0
:109B900013009B009B189B004F4A9B18991D142390
:109BA000FB18042218001CF086FD514B1D68200094
:109BB0003B181A78484913009B009B189B00CB1850
:109BC00003331B785A1E4B4913005B009B189B0004
:109BD000CB1808331E683B181A783F4913009B00C6
:109BE0009B189B00CB1801331B785A1E13005B0097
:109BF0009B18414A9C187B69181CF9F729FA020046
:109C00000B00F968F86802920393009433000A008D
:109C100029001CF0A9FBC04610E0384B1968384BEE
:109C2000FA68F8681CF0A0FB354B1800F6F776FAD6
:109C30000200334B002118001CF015FC26257B196F
:109C40001A78254913009B009B189B00CB180C33F6
:109C50001B682B4A11001800FDF78EFB031EDCD198
:109C6000284B1A68FB68110018001CF004FC184B04
:109C70001C78FB681800F6F751FA03009AB2F968ED
:109C800001235B420093322320000FF049FD27227D
:109C9000BB18BA18127801321A707B191A787B191E
:109CA00001321A70184B1B782622BA1812789A4281
:109CB00000D280E6154B1A68FB68110018001CF0F2
:109CC000F2FC00231800BD460BB0F0BDFCD1020829
:109CD000D8170020F4020020C0180020F80200204D
:109CE000FC020020000300200403002008030020E1
:109CF0000C030020FC28002000C0020810030020F4
:109D0000F41A002014030020241900201803002056
:109D100080B588B000AFF860B9607A6000233B611D
:109D20001F23FB1800221A701023FA187B680121E8
:109D3000180010F0B5F80300BB61BB6918001AF0F9
:109D40005EFF020017217B181A700A00BB181B78EF
:109D5000002B05D0184B1B78BA1812789A4203D9F9
:109D60001F23FB18FF221A701F23FB181B78002BE0
:109D700016D11723FB181B785A1E104913009B009D
:109D80009B189B00CB18103301221A7008F084FA3C
:109D90000B4B1A68FB68110018001CF084FC06E0ED
:109DA000084B1A68FB68110018001CF07CFC0023AB
:109DB0001800BD4608B080BD24190020C01800203E
:109DC0001C0300202003002080B588B000AFF8609D
:109DD000B9607A6000233B611F23FB1800221A70D0
:109DE0001023FA187B680121180010F059F80300BD
:109DF000BB61BB6918001AF002FF020017217B1833
:109E00001A700A00BB181B78002B05D0184B1B7862
:109E1000BA1812789A4203D91F23FB18FF221A702E
:109E20001F23FB181B78002B16D11723FB181B7858
:109E30005A1E104913009B009B189B00CB1810332F
:109E400000221A7008F028FA0B4B1A68FB68110000
:109E500018001CF028FC06E0084B1A68FB6811008B
:109E600018001CF020FC00231800BD4608B080BD7F
:109E700024190020C01800202403002028030020FB
:109E800090B589B000AFF860B9607A6000233B619B
:109E90001F23FB1800221A701023FA187B68012177
:109EA00018000FF0FDFF0300BB61BB6918001AF03A
:109EB000A6FE020017217B181A700A00BB181B7837
:109EC000002B05D05F4B1B78BA1812789A4203D941
:109ED0001F23FB18FF221A701F23FB181B78002B6F
:109EE00000D096E017243B191B785A1E56491300E0
:109EF0009B009B189B0000225A543B191B785A1E4A
:109F0000514913009B009B189B00CB180133002282
:109F10001A703B191B785A1E13009B009B189B005C
:109F2000494A9B1802330422002118001CF09BFAB6
:109F30003B191B785A1E444913009B009B189B0039
:109F4000CB18103300221A703B191B785A1E3E4959
:109F500013009B009B189B00CB180C331B68180048
:109F60001AF064FE20003B181B785A1E3649130075
:109F70009B009B189B00CB180C3300221A601E23F9
:109F8000FB183A1812781A7034E01E203B181A7821
:109F90002D4913009B009B189B005B5C002B23D07A
:109FA00001007B181B785A1E13009B009B189B0016
:109FB000254A98180C007B181A7813009B009B18F0
:109FC0009B00214A9B18142219001CF074FB3B19BA
:109FD0001A7813009B009B189B001B4A9B181422A5
:109FE000002118001CF03FFA1E217B181A787B18FC
:109FF00001321A70134B1B781E22BA1812789A423B
:10A00000C3D3104B1B78013BDAB20E4B1A7008F029
:10A0100043F91F23FB181B78002B07D10B4B1A6841
:10A02000FB68110018001CF03EFB06E0084B1A68A4
:10A03000FB68110018001CF036FB00231800BD4619
:10A0400009B090BD24190020C01800202C03002066
:10A050003003002090B58BB000AFF860B9607A6033
:10A060000023BB6100237B612723FB1800221A70A9
:10A070001823FA187B68012118000FF011FF030064
:10A080003B623B6A1B785BB2702B09D13B6A0133A0
:10A0900018001AF0BAFD02002623FB181A7003E01C
:10A0A0002723FB1867221A701423FA187B680221F1
:10A0B00018000FF0F5FE0300FB61FB691B785BB233
:10A0C000702B09D1FB69013318001AF09EFD0200C4
:10A0D0002523FB181A7003E02723FB1867221A7048
:10A0E0002722BB181B78002B0DD1BC182523FB1889
:10A0F0001A782623FB181B7811001800FBF7D2FEF4
:10A100000300237003E02723FB1867221A7027231C
:10A11000FB181B78002B0BD1124B19682623FB1858
:10A120001A782523FB181B78F8681CF01DF913E03A
:10A130002723FB181B78672B07D10B4B1A68FB688A
:10A14000110018001CF0AFFA06E0084B1A68FB6813
:10A15000110018001CF0A7FA00231800BD460BB030
:10A1600090BDC04634030020380300203C0300208B
:10A1700090B58BB000AFF860B9607A600023BB6126
:10A1800000237B612723FB1800221A701823FA187A
:10A190007B68012118000FF083FE03003B623B6ADD
:10A1A0001B785BB2702B09D13B6A013318001AF09F
:10A1B0002CFD02002623FB181A7003E02723FB184E
:10A1C00067221A701423FA187B68022118000FF016
:10A1D00067FE0300FB61FB691B785BB2702B09D142
:10A1E000FB69013318001AF010FD02002523FB184B
:10A1F0001A7003E02723FB1867221A702722BB1866
:10A200001B78002B0DD1BC182523FB181A782623A8
:10A21000FB181B7811001800FBF76AFE030023707F
:10A2200003E02723FB1867221A702723FB181B78EB
:10A23000002B0BD1124B19682623FB181A78252303
:10A24000FB181B78F8681CF08FF813E02723FB1825
:10A250001B78672B07D10B4B1A68FB68110018009D
:10A260001CF021FA06E0084B1A68FB681100180080
:10A270001CF019FA00231800BD460BB090BDC04673
:10A28000400300204403002048030020B0B58EB0F6
:10A2900002AFF860B9607A600023FB612F23FB18DE
:10A2A00000221A701823FB18A84A12781A7000238B
:10A2B000BB621C23FA187B68012118000FF0F0FD27
:10A2C00003007B62A24A7B6A11001800F5F71CFFAD
:10A2D000031E00D0B3E0BB6A002B05D19D4B1B7859
:10A2E000013B9D4AD35CBB622E23FB1801221A70EE
:10A2F0009EE0984B1B782E243A1912789A4200D18E
:10A3000090E01AF0BDFE0300DAB218257B191A702E
:10A3100079193B191878642300930A2301220FF05E
:10A32000FFF93B191B7818000FF0ACFA03001B680B
:10A330005B6ADAB214217B181A707B191A787B18C1
:10A340001B789A4204D12F23FB1800221A7003E0D5
:10A350002F23FB1806221A702F23FB181B78002BC3
:10A3600018D17E4B19682E23FB181A78FB68180049
:10A370001BF0FAFF774B1C78FB681800F5F7CEFE50
:10A3800003009AB2F968642300930A2320000FF0B7
:10A39000C7F91CE02F23FB181B78062B17D1704B35
:10A3A00019682E23FB181A78FB6818001BF0DCFFD5
:10A3B000684B1C78FB681800F5F7B0FE03009AB2F2
:10A3C000F968642300930A2320000FF0A9F9654B74
:10A3D0001A68FB68110018001CF065F95D4B1C78C9
:10A3E000FB681800F5F79AFE03009AB2F968642337
:10A3F00000930A2320000FF093F902E0012012F0ED
:10A4000041FF544B1B785A1EBB6A591C5648130017
:10A410005B009B189B01C3185B5C002BEED0BB6AF2
:10A420000133BB622E217B181A787B1801321A7017
:10A430002E23FB181B78062B00D85AE780E07B6A96
:10A440001B785BB2702B00D073E07B6A013318007D
:10A450001AF0DBFB020023243B191A703B191B780E
:10A46000002B37D03B191B78062B33D82F23FB1832
:10A470001B78002B1CD11AF003FE0300DAB218215E
:10A480007B181A7079183B191878642300933223CB
:10A4900001220FF045F92E23FB181B7818000FF04E
:10A4A000F1F903001B685B6ADAB21423FB181A7017
:10A4B0001823FB181A781423FB181B789A4204D12E
:10A4C0002F23FB1800221A7008E02F23FB18062206
:10A4D0001A7003E02F23FB1866221A702F23FB1833
:10A4E0001B78002B09D11D4B19682323FB181A7800
:10A4F000FB6818001BF038FF22E02F23FB181B78A5
:10A50000662B07D1194B1A68FB68110018001CF064
:10A51000CAF815E02F23FB181B78062B10D1104B1F
:10A5200019682323FB181A78FB6818001BF01CFF1E
:10A5300006E00F4B1A68FB68110018001CF0B3F816
:10A5400000231800BD460CB0B0BDC0460CD20208B6
:10A5500008D00208D8170020382000204C03002023
:10A560005003002054030020801B002058030020CB
:10A570005C030020B0B58CB000AFF860B9607A60C1
:10A580000023BB6100237B612B23FB1800221A7080
:10A5900000233B611823FA187B68012118000FF093
:10A5A0007FFC03007B621423FA187B6802211800E9
:10A5B0000FF076FC03003B627B6A1B785BB2322BA8
:10A5C00004D07B6A1B785BB2332B57D17B6A1800AF
:10A5D0001AF01BFB02001F23FB181A702D4A3B6A5E
:10A5E00011001800F5F790FD031E07D02A4A3B6AB8
:10A5F00011001800F5F788FD031E37D1254A3B6A84
:10A6000011001800F5F780FD031E02D1214BFB62FB
:10A6100009E0204A3B6A11001800F5F775FD031E9A
:10A6200001D11D4BFB62FA6A1F243B191B781100F4
:10A6300018000DF00DFC10257A19F96A3B191B78EA
:10A6400018000DF05DFC7A19FB68110018001CF071
:10A650002AF83B69181CF5F7C3FF03009BB21A00E8
:10A660000E49FB6818001BF07FFE0EE00C4B1A68C9
:10A67000FB68110018001CF016F806E0094B1A6878
:10A68000FB68110018001CF00EF800231800BD46EE
:10A690000CB0B0BD10D2020814D202081CD20208BD
:10A6A000600300206403002090B587B000AFF8601D
:10A6B000B9607A6000237B6100233B611023FA18A4
:10A6C00014243B19110018000DF0A0FC3A19FB6886
:10A6D000110018001BF0E7FF7B69181CF8F7B8FCA5
:10A6E00002000B000449F8681BF03EFE002318002E
:10A6F000BD4607B090BDC0462CD2020890B587B0C9
:10A7000000AFF860B9607A6000237B6100233B6191
:10A710001023FA1814243B19110018000DF076FCD0
:10A720003A19FB68110018001BF0BDFF3B69181CAB
:10A73000F8F78EFC02000B000449F8681BF014FEC9
:10A7400000231800BD4607B090BDC04650D2020895
:10A7500080B58AB000AFF860B9607A600023BB6151
:10A760002723FB1800221A7000237B611823FA1894
:10A770007B68012118000FF093FB03003B623B6AEA
:10A780001B785BB2322B04D03B6A1B785BB2332B55
:10A790001AD13B6A18001AF038FA02001F217B1800
:10A7A0001A701423FA187B181B78110018000DF08A
:10A7B00025FD7B69181CF8F74BFC02000B000849CB
:10A7C000F8681BF0D1FD06E0064B1A68FB68110023
:10A7D00018001BF068FF00231800BD460AB080BDBA
:10A7E00078D2020868030020B0B586B000AFF860E8
:10A7F000B960BB1D1A8017257C19FB68180008F08A
:10A800004FFB030023707B191B78204AD35C002B7D
:10A810000BD07B191B781D4AD35C012B05D07B190B
:10A820001B781A4AD35C032B22D117243B191B78BF
:10A8300018000AF045FC20003B181B785A1E144BE8
:10A840009200B968D1503B181B78104A0221D154AC
:10A850003B181B785A1E0F4B92000021D150BB1D94
:10A860001A88B968FB6818000AF098FB002309E011
:10A870001723FB181B78054AD35C022B01D1172341
:10A8800000E017231800BD4606B0B0BD98140020A4
:10A89000402000205820002080B500AF0D4B1B68E1
:10A8A00008221A620C4B1B6808221A620B4B1B68A9
:10A8B00008221A620A4B1B6808221A62094B1B689D
:10A8C00008221A62084B1B6808221A62C046BD465D
:10A8D00080BDC0468025002014260020A826002028
:10A8E0003C270020D02700206428002080B58EB0AF
:10A8F00002AFFA239A007A497A487B4B01930323EB
:10A900000093002310F0A5FCFA239A0077497848B9
:10A91000784B019305230093002310F09AFCFA234F
:10A920009A0075497548764B0193032300930023E1
:10A9300010F08FFCFCF7DEFEFA239A007149724892
:10A94000724B019303230093002310F082FCFA233F
:10A950009A006F496F48704B0193042300930123C1
:10A9600010F077FCFA239A006C496A486C4B01930B
:10A9700004230093022310F06CFCFA239A00694927
:10A980006448694B019304230093032310F061FC96
:10A99000FA239A0065495F48654B019304230093AD
:10A9A000042310F056FCFA239A0062495948624B7E
:10A9B000019304230093052310F04BFCFA239A0023
:10A9C0005E4954485E4B019304230093062310F024
:10A9D00040FC0023FB622C23FB18012118000FF020
:10A9E000F3F80200574B5A600023BB622823FB1880
:10A9F000012118000FF0E8F80200534B5A600023C1
:10AA00007B622423FB18012118000FF0DDF80200FF
:10AA10004C4B9A6000233B622023FB180121180055
:10AA20000FF0D2F80200484B9A600023FB611C2310
:10AA3000FB18012118000FF0C7F80200414BDA6043
:10AA40000023BB611823FB18012118000FF0BCF88C
:10AA500002003D4BDA6000237B611423FB180121C7
:10AA600018000FF0B1F80200364B1A6100233B6169
:10AA70001023FB18012118000FF0A6F80200324B3A
:10AA80001A610023FB600C23FB18012118000FF052
:10AA90009BF802002B4B5A610023BB600823FB1874
:10AAA000012118000FF090F80200274B5A61002393
:10AAB0007B603B1D012118000FF086F80200214B3E
:10AAC0009A6100233B603B00012118000FF07CF8E5
:10AAD00002001D4B9A61C046BD460CB080BDC04609
:10AAE000B0DB02084DAB0008D0210020BCDB02081F
:10AAF0002DC10008D8210020C8DB0208B14B020894
:10AB0000D4210020D4DB020875610008DC2100207C
:10AB1000DCDB0208DDC90008E0210020E8DB0208D8
:10AB2000E4210020F4DB0208E821002000DC020818
:10AB3000EC2100200CDC0208F021002018DC0208C7
:10AB4000F4210020F82100201422002080B582B0DA
:10AB500000AF78603D4B1B78032B2FD043DC012BDB
:10AB600002D0022B15D03EE08023DB0138480122C1
:10AB7000190014F09AFD50200FF012F88023DB0129
:10AB800033480022190014F090FD304B00221A7057
:10AB90002AE08023DB012E480122190014F085FDF4
:10ABA00064200EF0FDFF8023DB01294800221900FC
:10ABB00014F07BFD254B00221A7015E08023DB0189
:10ABC00023480122190014F070FD1E200EF0E8FF4A
:10ABD0008023DB011E480022190014F066FD1B4B88
:10ABE00000221A7000E0C0460BF0C6FDFCF702FD23
:10ABF00000F038F8174B1B78002B15D007F034F90C
:10AC0000144B00221A708023DB0111480122190025
:10AC100014F04BFDC82012F035FB8023DB010C48FB
:10AC20000022190014F041FD0B4B180015F04CFBED
:10AC30000A4B1B7801225340DBB2002B02D0084B99
:10AC400000221A700FF0B4FB84E7C0469414002071
:10AC500000040050CA21002018350020B73200201F
:10AC6000B8320020B0B500AFD84B1B68032B00D022
:10AC700043E2D64B00221A60D54B00221A70D54B06
:10AC800020221A70D44B00221A70D44B03221A705F
:10AC900064200EF0C3F8CF4B1A78D04B1B789A4241
:10ACA00011D0CD4B1B785A1CD1B2CB4A11701A006F
:10ACB000C84B1978CA4B9954C64B1A78C74B1A70AF
:10ACC000C44B03221A70C54B1B78202B0BD0C34BEF
:10ACD0001B78002B07D0BE4B1B78012B03D0BC4B3D
:10ACE0001B78022BD1D1BA4B1B78002B00D0EBE0A4
:10ACF000B94B00221A70BA4B1B785B2B59D1B64B5B
:10AD00001B780133DAB2B44B1A70B34B1B781A00BC
:10AD1000B34B9B5C0A211800F5F7A2FA0B00DAB2DC
:10AD2000B04B1B789A4214D1AB4B1B780133DAB28B
:10AD3000A94B1A70A84B1B781A00A94B9B5C0A21DF
:10AD40001800F5F78DFA0B00DAB2A74B1A70C0465F
:10AD50000CE0A14B1B780233DAB29F4B1A70D4E798
:10AD60009D4B1B780133DAB29B4B1A709A4B1B78C0
:10AD70001A009B4B9B5C5D2BF2D1974B1B780133E8
:10AD8000DAB2954B1A70994B01221A70974B1B78C7
:10AD90001A00954BD018904B1B781A00904BD11885
:10ADA0008D4B1B781A0014239B1A1A001BF083FC8E
:10ADB00060E08B4B1B78232B22D1894B5B780A21D7
:10ADC0001800F5F74DFA0B00DAB2874B1A70824B78
:10ADD00002221A70854B01221A70844B1B781A00CC
:10ADE000814BD0187C4B1B781A007D4BD1187A4BC5
:10ADF0001B781A0014239B1A1A001BF05CFC39E024
:10AE0000774B1B783D2B35D1754B5B780A211800A9
:10AE1000F5F726FA0B00DAB2724B1A70704B9B787A
:10AE20000A211800F5F71CFA0B00DAB2704B1A7001
:10AE30006B4BDB780A211800F5F712FA0B00DAB237
:10AE4000694B1A70644B04221A70684B01221A7005
:10AE5000664B1B781A00644BD0185F4B1B781A00A6
:10AE60005F4BD1185C4B1B781A0014239B1A1A00F5
:10AE70001BF021FC5C4B1A785E4B1A705D4B1B7803
:10AE80001A0013001B019B1A5B4A9B180F2200211A
:10AE900018001BF0E8FA574B1B781A0013001B012F
:10AEA0009B1A554A9B1850490F2218001BF003FCAF
:10AEB0004B4B1422002118001BF0D5FA4A4B1422E8
:10AEC000002118001BF0CFFA414B1B78012B6ED1EB
:10AED0004A4B00221A704A4B01221A70494B002239
:10AEE0001A7032E0474B1B781900454B1B785A1CEF
:10AEF000D0B2434A10701C00404B1B785A1CD0B291
:10AF00003E4A107018003C4A0B001B015B1AD31814
:10AF10001A5D3D4B1A54012012F0B4F9374B1B78DF
:10AF2000013B394AD35C002B06D0344B1B78013BE4
:10AF3000354AD35C202BD5D1324B1B780133DAB2A2
:10AF4000304B1A702E4B01221A702E4B1A78284B58
:10AF50001B789A42C6D11E4B00221A70294B002240
:10AF60001A702A4B00221A7017E0284B1B781A001F
:10AF7000264B1B781800244B995C254AC0235B00A4
:10AF80001218D3180A1C1A70012012F07BF91F4BFB
:10AF90001B780133DAB21D4B1A701C4B1B783F2B08
:10AFA000E3D9194B4022002118001BF05CFA084B32
:10AFB0001B78022B00D065E6104B00221A70104B54
:10AFC00001221A700F4B00221A7056E0FC0C002070
:10AFD000010D0020000D0020C7210020C02100200D
:10AFE00020210020C221002034210020C82100207F
:10AFF000C1210020C621002048210020C3210020BB
:10B00000C4210020C5210020E0200020C92100200B
:10B01000801B00203A4B1B7819003A4B1B785A1CB6
:10B02000D0B2384A10701C00374B1B785A1CD0B273
:10B03000354A10701800354A0B001B015B1AD318F3
:10B040001A5D334B1A54012012F01CF92E4B1B7859
:10B05000013B2F4AD35C002B06D02B4B1B78013BC6
:10B060002B4AD35C202BD5D1254B1B780133DAB288
:10B07000234B1A70234B01221A70214B1A78254B4F
:10B080001B789A42C6D11E4B00221A7024E0224B34
:10B0900000221A7017E0204B1B781A001E4B1B78F9
:10B0A00018001B4B995C1D4AC0235B001218D31873
:10B0B0000A1C1A70C8200DF0B1FE174B1B78013323
:10B0C000DAB2154B1A70144B1B783F2BE3D9144B93
:10B0D0001B68180012F0D6F8124B1B78002BD6D143
:10B0E0000B4B4022002118001BF0BDF90E4BC02273
:10B0F000002118001BF0B7F9C4E5C046BD46B0BD3D
:10B10000C5210020C4210020C321002048210020A7
:10B11000E0200020C1210020C9210020801B002048
:10B12000FC0C0020010D0020001D002080B500AFA8
:10B13000064B1B6806491800F5F70CF803001A00C7
:10B14000044B1A60C046BD4680BDC04618050020AD
:10B1500010270000CC21002080B588B000AF1E4B26
:10B160001B68FA2291001800F4F7F4FF0300013B7A
:10B170007B611A4B3B611A4BFB608023DB04BB6095
:10B180003B691B687A69D31AFB6110F09BFB0300D3
:10B19000BB61FB681B68BA68134007D0BB69013309
:10B1A000BB613B691B687A69D31AFB61BA691300FA
:10B1B0009B009B185B007B600A4B1B681900F869B9
:10B1C000F4F7C8FF03001A007B689B187B607B685C
:10B1D0001800BD4608B080BD1805002018E000E04A
:10B1E00004ED00E0CC210020B0B588B002AFB9601A
:10B1F0007A6019000F23FB18021C1A700E203B18EE
:10B200000A1C1A7000237B6101007B181A7828231E
:10B21000FB181B789A4207D17B181B781A008D4BBC
:10B2200002219954672310E10E23FB181B78002B91
:10B2300004D02823FB181B78002B01D1672304E1DD
:10B240000F23FB181B78002B39D10E23FB181B781A
:10B2500018000EF017FB04002823FB181B781800B9
:10B260000EF010FB0300012219002000FFF7BCFACA
:10B270000300172B01D11723E7E07A6813005B0165
:10B280009B1A9B009B18DB001A00FA239900100000
:10B29000F4F760FF030019000E243A196E486F4B53
:10B2A00000931300002211F051FC03007B613B1955
:10B2B0001B785A1E6A4B9200B968D150B6E00F2332
:10B2C000FB181B78012B39D12823FB181B78180099
:10B2D0000EF0D8FA04000E23FB181B7818000EF0AD
:10B2E000D1FA0300012219002000FFF77DFA0300C4
:10B2F000172B01D11723A8E07A6813005B019B1A72
:10B300009B009B18DB001A00FA2399001000F4F749
:10B3100021FF030019002823FB184F484F4A0092D1
:10B32000002211F013FC03007B610E23FB181B7835
:10B330005A1E4B4B9200B968D15077E00F23FB188F
:10B340001B78022B70D10E23FB181B7818000EF00F
:10B3500099FA04002823FB181B7818000EF092FAC3
:10B360000300012219002000FFF73EFA0300172B0B
:10B3700001D1172369E07A6813005B019B1A9B00D7
:10B380009B18DB001A00FA2399001000F4F7E2FE84
:10B39000030019000E257A192F48304B0093130033
:10B3A000002211F0D3FB03007B617B191B785A1E2E
:10B3B0002B4B9200B968D1502823FB181B7818003A
:10B3C0000EF060FA04007B191B7818000EF05AFA90
:10B3D0000300012219002000FFF706FA0300172BD3
:10B3E00001D1172331E07A6813005B019B1A9B009F
:10B3F0009B18DB001A00FA2399001000F4F7AAFE4C
:10B400000300190028243B191348144A0092002213
:10B4100011F09CFB03007B613B191B785A1E104BFB
:10B420009200B968D15001E067230EE07B69002BE0
:10B430000AD010F039FA0200786901235B420093C8
:10B440000023012111F0D2FB00231800BD4606B0F5
:10B45000B0BDC046981400202CDC020865B400087A
:10B460007020002080B584B000AF78600023FB60BE
:10B470007B68180011F068FE0300FB60FB68DBB21C
:10B48000180009F0BFFDFB68DBB2180009F040FEB0
:10B49000C046BD4604B080BDB0B586B002AF020064
:10B4A000FB1D1A700F257B1900221A70154B002204
:10B4B0001A70FB1D1B785A1E0E24391912481300EE
:10B4C000DB009B1ADB001B5C0B7020003B181B7819
:10B4D0005A1E0D243B190D498A5C1A70FB1D1B78FE
:10B4E0009BB23A1811783A191078009300230A0099
:10B4F000002100F031F97B191B781800BD4604B01B
:10B50000B0BDC0460415002014160020900D002088
:10B5100080B586B002AF0200FB1D1A70BB1D0A1C6D
:10B520001A700F23FB1800221A70134B00221A7096
:10B53000124BFA1D12781A70FB1D1B78FF2B0AD1D3
:10B54000BB1D1B789BB200930023FF22002100202B
:10B5500000F002F909E0BB1D1B789BB200930023A9
:10B56000FE220021002000F0F7F80F23FB181B78C3
:10B570001800BD4604B080BD041500201201002053
:10B5800080B582B000AF0200FB1D1A70FB1D1B7856
:10B59000062B34D89A001C4BD3181B689F461B4BB4
:10B5A000186800230222002111F0C8F828E0184B87
:10B5B000186800230222002111F0C0F820E0154B8A
:10B5C000186800230222002111F0B8F818E0124B8D
:10B5D000186800230222002111F0B0F810E00F4B90
:10B5E000186800230222002111F0A8F808E00C4B93
:10B5F000186800230222002111F0A0F800E0C046E4
:10B60000C046BD4602B080BD38DC0208E021002003
:10B61000E4210020E8210020EC210020F02100207E
:10B62000F4210020B0B584B002AF05000C0010007A
:10B630001900FB1D2A1C1A70BB1D221C1A703B1D11
:10B64000021C1A80BB1C0A1C1A80184B01221A709B
:10B65000174BBA1D12781A70BB1D1B78FF2B0CD12B
:10B660003B1D1A88FB1D1978BB1C1B880093130017
:10B67000FF22002000F070F80BE03B1D1A88FB1D34
:10B680001978BB1C1B8800931300FE22002000F0D9
:10B6900063F8BB1C1A88074B002118001AF0E3FE60
:10B6A00000231800BD4602B0B0BDC04604150020FE
:10B6B00012010020A417002090B587B002AF04004B
:10B6C00008001100FB1D221C1A703B1D021C1A8071
:10B6D000BB1C0A1C1A800F23FB1800221A700E21B3
:10B6E0007B1800221A70FB1D1B78FF2B1DD0FB1D41
:10B6F0001B785A1E08007B1814498A5C1A70144B78
:10B7000019783B1D1C88FB1D1A783B181878BB1C48
:10B710001B880093230000F01FF8BB1C1A880D4BF8
:10B72000002118001AF09FFE09E0094B1878BB1C95
:10B7300019883B1D1A880B00FF21FFF773FF0F23A9
:10B74000FB181B781800BD4605B090BD900D002079
:10B7500011010020A4170020B0B588B002AF050089
:10B760000C0010001900FB1D2A1C1A70BB1D221CA6
:10B770001A707B1D021C1A70BB1C0A1C1A800F2336
:10B78000FB1800221A701723FB1800221A701623C8
:10B79000FB1800221A700E23FB1800221A701523C2
:10B7A000FB1800221A70FB1D1B78002B03D17B1D98
:10B7B0001B78002B17D0FB1D1B78002B07D17B1D9E
:10B7C0001B78FF2B03D07B1D1B78FE2B0BD1FB1DA1
:10B7D0001B78002B09D0BB1D1B78002B05D07B1DCF
:10B7E0001B78002B01D16723EFE200200FF0EEFE63
:10B7F0000300BB60052100200FF002FFD04B482260
:10B800001A70CF4B5A225A70FB1D1B78002B0BD19C
:10B81000BB1D1B78002B07D17B1D1B78FF2B07D08E
:10B820007B1D1B78FE2B03D0BB1C1B88002B18D163
:10B8300028203B181B885A1E17243B19C1498A5CD3
:10B840001A703B181B885A1E1300DB009B1ADB0082
:10B85000BD4A99183B191A78BC4B18001AF02BFFF7
:10B86000C9E1BB1D1B78002B03D1BB1DB84A127860
:10B870001A70BB1C1B88FF2B03D91523FB18012250
:10B880001A70AF4B1722BA1812789A70AC4B7A1D07
:10B890001278DA70AA4BBA1D12781A71AD4B1B7868
:10B8A0005AB2AC4B1B791B015BB213435AB2A94B82
:10B8B0005B789B005BB213435AB21523FB181B78CD
:10B8C0005B005BB213435AB20E217B181B785BB24C
:10B8D00013435BB2DAB29A4B5A717B181B78002B78
:10B8E00005D01622BB18BA18127801321A70162029
:10B8F0003B181B780633BA1C1288D1B2904AD15437
:10B900001523FB181B78002B0ED03B183A18127821
:10B9100001321A70BB1C1B881B0A9AB23B181B7899
:10B920000633D1B2864AD15428243B191B882E2BCA
:10B930001BD816257B191B78DA1D814BD018864B36
:10B940001B881A00854BD1183B191B881A001AF066
:10B95000B2FE3B191B88DAB27B191B78D318DAB216
:10B960001723FB1804321A7068E0754B5B7980224C
:10B9700052421343DAB2724B5A71794A28217B182A
:10B980001B8813807B182E221A8053E0744B1A8870
:10B9900028257B191B8893421FD8BB1C1C887B1D44
:10B9A0001A78BB1D1978FB1D18787B191B8800932A
:10B9B0002300FFF7D1FE6A4B1A8829007B191B88E8
:10B9C000D31A9AB2664B1A80634B1A887B181B886D
:10B9D000D3189AB2604B1A802CE0594B5B797F22C6
:10B9E0001340DAB2564B5A7128243B195C4A12882C
:10B9F0001A8016257B191B78DA1D514BD018564B2F
:10BA00001B881A00554BD1183B191B881A001AF0D5
:10BA100052FE514B00221A80514B00221A803B19D2
:10BA20001B88DAB27B191B78D318DAB21723FB18FC
:10BA300004321A704A4B1B88002BA7D1494B1B7844
:10BA4000002B00D1D7E01423FB1800221A70464BBC
:10BA50001B78FF2B52D01223FB1801221A8035E0ED
:10BA600012203B181B885A1E404B5200D35A1A0012
:10BA70003D4B1B781A4113000122134020D01421A2
:10BA80007B187A18127801321A7028243B191A8808
:10BA90007B181B78D3182C2B10DC1623FB181B7873
:10BAA000DA1D3B191B88D2187B181B78D318013B71
:10BAB0003A181288D1B2224AD15401E0692384E1B4
:10BAC00012217B181A887B1801321A80284B1B78A8
:10BAD0001A001223FB181B889342C1D91623FB18A6
:10BAE0001B78DA1D2823FB181B88D21814217B1819
:10BAF0001B78D318124A79180978D1541A4B1B783D
:10BB0000FF2B16D128217B181B882C2B11D8194B01
:10BB10001B780133DAB2174B1A701623FB181B7807
:10BB2000DA1D7B181B88D318124A1178044AD154A5
:10BB30004BE00D4B1B78FF2B1ED1692345E1C0461E
:10BB4000641700209C17002014160020671700209F
:10BB50001101002070140020A2220020A417002050
:10BB6000A42200200415002012010020001600204D
:10BB700010010020D7170020964B1B78FF2B1ED0FA
:10BB800028217B181A8814203B181B78D3182B2BDC
:10BB900015DC914B1B780133DAB28F4B1A701623E8
:10BBA000FB181B78DA1D7B181B88D2183B181B78F2
:10BBB000D3180133884A1178884AD15405E0854B5F
:10BBC0001B78FF2B01D06923FFE0824B1B78FF2BF2
:10BBD00006D11722BB18BA18127801321A700AE07F
:10BBE0001423FA1817217B1812781B78D318DAB2AD
:10BBF0007B1802321A70794B17243A1912789A700E
:10BC00003B191B7803331A007449754B18001AF05E
:10BC100052FD21007B181B789BB203339AB27B182C
:10BC20001B78DC1C6E4B1100180009F023FC03008C
:10BC30001A006A4B1A556A4B3822002118001AF074
:10BC400012FC7B1D1B78FF2B5CD07B1D1B78FE2B11
:10BC500058D0BB1C1B882C2B03D0BB1C1B882D2B46
:10BC60000FD11723FB181B789BB204339AB25B49A0
:10BC7000FB1D18787B1D1B7800933223F7F734FBEC
:10BC800039E01123FB1800221A702AE017243B190F
:10BC90001B789BB204339AB25049FB1D18787B1D68
:10BCA0001B7800933223F7F71FFB4E4B1B78002BBA
:10BCB00020D14D4B1B78002B0DD03B191B789BB22C
:10BCC00004339AB24549FB1D18787B1D1B780093FD
:10BCD0003223F7F709FB11217B181A787B18013200
:10BCE0001A701123FB181B789AB2404BDB889A42DA
:10BCF000CCD300E0C0463B4B00221A703A4B0022E6
:10BD00001A7057E0BB1C1B88002B07D1BB1D1B788A
:10BD1000002B03D1BB1D314A12791A70BB1D1B7851
:10BD20001800F8F709FD1023FB1801221A703CE0F7
:10BD30002F4B1B785A1E2F4B5200D35A1A0010203B
:10BD40003B181B78013B1A4113000122134020D0FD
:10BD500017243B191B789BB204339AB21F493B1836
:10BD600018787B1D1B7800933223F7F7BDFA1E4B22
:10BD70001B78002B0DD03B191B789BB204339AB271
:10BD80001649FB1D18787B1D1B7800933223F7F7AB
:10BD9000ABFA154B00221A700A200DF03FF8102163
:10BDA0007B181A787B1801321A701023FB181B7845
:10BDB000062BBDD9BB68190000200FF021FC0E4BEB
:10BDC00002221A700F23FB181B781800BD4606B01C
:10BDD000B0BDC04612010020D71700206417002014
:10BDE00000200020951400209614002070140020DC
:10BDF00011010020D0140020D6170020F0B58BB020
:10BE000006AF05000C0010001900FB1D2A1C1A705B
:10BE1000BB1D221C1A707B1D021C1A703B1D0A1CC4
:10BE20001A700B243B1900221A700F23FB180022F2
:10BE30001A700E23FB1800221A700D23FB18002223
:10BE40001A70AE4B1B78BA1D12789A4248D0FB6A22
:10BE50001B0EDAB2AA4B1A70FB6A1B0CDAB2A84BA3
:10BE60005A70FB6A1B0ADAB2A54B9A70FB6ADAB207
:10BE7000A34BDA703B6B1B0EDAB2A14B1A713B6B12
:10BE80001B0CDAB29E4B5A713B6B1B0ADAB29C4B0D
:10BE90009A713B6BDAB29A4BDA71994A20230821E6
:10BEA0005B18DB191B781372954BFA1D12785A72C6
:10BEB000934B3A1D12789A72914B7A1D1278DA726E
:10BEC0002C235B18DB191A788D4B1A73BB1D1B785A
:10BED0000D221C211800FFF7EFFB3B191B7808E12E
:10BEE0000C23FB1800221A70B6E03B1D1A78BB1D0C
:10BEF0001B7811001800F8F7EDFD0C217B181B785A
:10BF0000804AD35C002B00D1A0E07B181B78013362
:10BF10007C4AD35C002B10D07B181B78794AD05C0C
:10BF20007B181B780133774AD35C0E22BC181900AA
:10BF3000F8F7D0FD030023700EE00C23FB181B78EC
:10BF4000704AD25C0E23FC18BB1D1B781900100030
:10BF5000F8F7C0FD030023703B1D1A78BB1D1B784A
:10BF600011001800F8F7B6FD0C23FB181B78654A82
:10BF7000D35C3A1D12789A4205D10D23FB187A1D25
:10BF800012781A7010E00C217B181B785D4AD05C87
:10BF90007B181B78013B5B4AD35C0D22BC1819004F
:10BFA000F8F798FD03002370FB6A1B0EDAB2544BBE
:10BFB0001A70FB6A1B0CDAB2514B5A70FB6A1B0AEF
:10BFC000DAB24F4B9A70FB6ADAB24D4BDA703B6BC8
:10BFD0001B0EDAB24A4B1A713B6B1B0CDAB2484BA0
:10BFE0005A713B6B1B0ADAB2454B9A713B6BDAB262
:10BFF000434BDA71424A202308215B18DB191B7876
:10C0000013723F4B0E22BA1812785A723C4B0D2213
:10C01000BA1812789A722C235B18DB191A78384BED
:10C02000DA723B1D1A78BB1D1B7811001800F8F757
:10C0300051FD0C23FB181B78324AD35C0C221B21C8
:10C040001800FFF739FB0A200DF0AAFD0C217B1820
:10C050001A787B1801321A700C23FB181B78092BF5
:10C0600000D842E7BA1D3B1D12781B789A4205D1D1
:10C070000F23FB187A1D12781A700BE00F23FC189F
:10C080003B1D1A78BB1D1B7811001800F8F722FD24
:10C0900003002370FB1D1C783A6BF96A20250820E9
:10C0A0002B18DB1918780F26BB191B780093230077
:10C0B000FFF79AF82C2308201B18DB191B78002B9C
:10C0C00014D0FB1D1C783A6BF96A2B18DB19187811
:10C0D000002304930023039300230293002301937E
:10C0E000BB191B7800932300F8F704F80B23FB1807
:10C0F0001B781800BD4605B0F0BDC04611010020F8
:10C10000A41700209822002080B500AFBFF34F8F06
:10C11000C046044B044ADA60BFF34F8FC046C046A6
:10C12000FDE7C04600ED00E00400FA05F0B58BB075
:10C1300000AF78601423FB1800221A6000229A8056
:10C140000C23FB1800221A6000229A8001235B4214
:10C150001900012010F0B0FAD34B00221A7000F041
:10C1600020FC1F23FB18D04A12781A70CE4B1B7884
:10C170001A00CE4B9200D3581B68DBB2CA4A127821
:10C18000110040225242D31ADAB2C94B5A54C64B5C
:10C190001B781A00C64B9A5CC34B1B781900C54B21
:10C1A0005B5C9A4200D11FE2BF4B1A781E243B19F8
:10C1B00001321A703B191B785A1EBB4B1B781900B1
:10C1C000BC4B5B5C1800BC4913005B009B189B01D7
:10C1D000CB181B5C0D2B47D13B191B78B74AD35C9E
:10C1E000002B41D100237B620DE0B44A7B6AD31857
:10C1F0001B78032B04D1B14A7B6AD31800221A7032
:10C200007B6A01337B627B6A062BEEDD1E203B18C6
:10C210001B78AA4A0321D154A94B3A1812781A70F4
:10C220003B181B785A1EA04B1B781900A14B5B5C76
:10C230001800A14913005B009B189B01CB181A5CE6
:10C24000A04B1A70A04B186800230222002110F0A6
:10C2500075FA9E4B1B78012B02D19D4B01221A705F
:10C260009A4B01221A70A9E11E217B181B78934A70
:10C27000D35C032B15D17B181B785A1E8A4B1B7875
:10C2800019008C4B5B5C18008B4913005B009B18FA
:10C290009B01CB181A5C8B4B1A708D4B01221A70C4
:10C2A0008CE11E243B191B785A1E7F4B1B7819000A
:10C2B000804B5B5C1800804913005B009B189B015E
:10C2C000CB181B5C482B0BD13B191B787B4AD35CEA
:10C2D000002B05D13B191B78784A0721D1546DE119
:10C2E0001E243B191B785A1E6F4B1B781900714B8B
:10C2F0005B5C1800704913005B009B189B01CB1816
:10C300001B5C5A2B0BD13B191B786C4AD35C072B57
:10C3100005D13B191B78694A0821D1544EE11E24EE
:10C320003B191B785A1E604B1B781900614B5B5CF4
:10C330001800614913005B009B189B01CB181B5C24
:10C340005A2B0BD03B191B785C4AD35C072B05D1C9
:10C350003B191B78594A0021D1542FE11E26BB19E5
:10C360001B78564AD35C082B4CD1BB191B78534A17
:10C370000121D154BB191B785A1E4B4B1B78190055
:10C380004C4B5B5C1D001F243B1919783B191B7833
:10C390005048C35C1C00484813005B009B189B017D
:10C3A000C3185D5D4C482300DB001B1BDB000A004B
:10C3B00092005218D100891ACA0011005B18C318E4
:10C3C00002332A1C1A701F243B191B780C22BA183E
:10C3D0000321D154BB191B785A1E334B1B7819000B
:10C3E000344B5B5C1800344913005B009B189B01C5
:10C3F000CB181A5C3B191B780132D1B21422BA183F
:10C40000D154DBE01E217B181B782C4AD35C012B16
:10C4100000D0D3E01F203B181B781422BA18D35C3D
:10C42000012B5BD97B181B785A1E1F4B1B781900F8
:10C43000204B5B5C1E003B18197805003B181B78ED
:10C440002448C35C1C007B191B780C257819C35C3D
:10C450001D00194813005B009B189B01C3189E5DCB
:10C460001D482300DB001B1BDB000A009200521852
:10C47000D100891ACA0011005B18C318321C5A5522
:10C480001F203B181B780C243A19D25C0132D1B220
:10C490003A19D1543B181B7814203A18D25C013A4F
:10C4A000D1B23A18D15489E06D1400205414002000
:10C4B000441400204C140020801B002098140020FD
:10C4C000D81700206C140020DC2100209A0D0020D9
:10C4D0009B0D0020A40D0020AC0D00201E23FB1896
:10C4E0001B785A1EC44B1B781900C44B5B5C1E00A2
:10C4F0001F257B1919787B191B78C148C35C1C0068
:10C500007B191B780C203818C35C1D00BD48130034
:10C510005B009B189B01C3189E5DBB482300DB009A
:10C520001B1BDB000A0092005218D100891ACA00B6
:10C5300011005B18C318321C5A551F203B181B787A
:10C540000C243A19D25C0132D1B23A19D1543B18B9
:10C550001B7814243A19D25C013AD1B23A19D15459
:10C560003B181B78A64AD25C0132D1B2A44AD154FE
:10C570003B181B78A24AD35C052B04D13B181B78CF
:10C580009F4A0021D154A14B1B781900A04B1E22B9
:10C59000BA1812785A549D4B1B780133DAB29B4B70
:10C5A0001A709A4B1B78052B02D1984B00221A70F7
:10C5B0001E23FB181B78974A0021D1548E4B1B7801
:10C5C0008E4AD25C0132D1B28C4AD1548A4B1B784C
:10C5D0001A008A4B9B5CC02B18D1874B1B781A0022
:10C5E000864B0021995411E0834B1B781A008A4B2B
:10C5F0009A5C814B1B781900804B5B5C9A4205D199
:10C600007D4B1B780133DAB27B4B1A707F4B1A7863
:10C61000824B1B789A4200D1C3E1804B1B781900F2
:10C620001E26BB197A4A525C1A701F257B19BA194B
:10C630001278013A1A707B1919787B191B78784A9D
:10C64000D35C1A0070481300DB009B1ADB000A0061
:10C6500092005218D100891ACA0011005B184822B2
:10C660001A547B1919787B191B786D4AD35C1A0010
:10C6700065481300DB009B1ADB000A009200521889
:10C68000D100891ACA0011005B18C31801335A225D
:10C690001A707B1919787B191B78614AD35C1A00D0
:10C6A0001D23F818584C1300DB009B1ADB000A000E
:10C6B00092005218D100891ACA0011005B18E318C1
:10C6C00002331B7803702C003B1919783B191B7837
:10C6D000534AD35C1A004C481300DB009B1ADB0062
:10C6E0000A0092005218D100891ACA0011005B1882
:10C6F000C31803331A784B4B1B789A422FD03B193F
:10C700001B78494A1D2579190978D1543B191A78A3
:10C710001300DB009B1ADB00444A98183B19197878
:10C720003B191B783E4AD35C1A001300DB009B1AAE
:10C73000DB000A0092005218D100891ACA001100C9
:10C740005B18DA1C304BD1187B191B781A0019F0D2
:10C75000B2FFBB191B781800FEF79EFE00E11F24F4
:10C760003B1919783B191B782D4AD35C1A002648CF
:10C770001300DB009B1ADB000A0092005218D10064
:10C78000891ACA0011005B181A5C294B1A703B19F0
:10C7900019783B191B78224AD35C1A001A481300F7
:10C7A000DB009B1ADB000A0092005218D100891AA4
:10C7B000CA0011005B18C31801331A781C4B5A7059
:10C7C0003B1919783B191B78154AD35C1A000E489F
:10C7D0001300DB009B1ADB000A0092005218D10004
:10C7E000891ACA0011005B18C31802331A78104B5B
:10C7F0009A7000233B623DE06D1400204C14002031
:10C80000A40D0020801B0020AC0D0020421400204D
:10C810003C140020981400204414002041140020EF
:10C820009C0D0020110100209C17002014160020F0
:10C83000002300201F22BB181978BB181B785D4A03
:10C84000D35C1A003B6ADC1C3B6AD81C5A4D1300AF
:10C85000DB009B1ADB000A0092005218D100891AF3
:10C86000CA0011005B18EB181A5D544B1A543B6A4E
:10C8700001333B621D26BB191B783A6A9A42D9DB09
:10C88000BB191B789BB203339AB21C23FC184B4B89
:10C890001100180008F0EEFD03002370484B1B88C0
:10C8A00001339AB2464B1A801F257B1919787B19E0
:10C8B0001B78404AD35C1A00BB191B78D81C3E4C2D
:10C8C0001300DB009B1ADB000A0092005218D10013
:10C8D000891ACA0011005B18E3181B5C1C22BA18E5
:10C8E00012789A4236D1374B1B8801339AB2354BB6
:10C8F0001A807B191B78344A3400B9190978D1544D
:10C900007B191A781300DB009B1ADB002F4A98185A
:10C910007B1919787B191B78264AD35C1A001300FF
:10C92000DB009B1ADB000A0092005218D100891A22
:10C93000CA0011005B18DA1C1F4BD1183B191B7879
:10C940001A0019F0B8FE1E23FB181B781800FEF71A
:10C9500017FE05E01E4B1B8801339AB21C4B1A8050
:10C960001F203B181B78134AD25C0132D1B2114A06
:10C97000D1543B181B780F4AD35C052B04D13B18CC
:10C980001B780C4A0021D154124B1B780133DAB2C8
:10C99000104B1A700F4B1B78052B02D10D4B002248
:10C9A0001A700D4B1B78052B01D8FFF7DAFBFFF748
:10C9B000CDFBC0469C0D0020AC0D002000230020C4
:10C9C000FC220020F82200209C17002014160020D2
:10C9D000FA220020411400206D140020F0B5C64654
:10C9E00000B5B8B004AFA4243B1918602F23A021D0
:10C9F0005B18DA19002313702E235B18DA19002351
:10CA000013701E235B18DA19002313701D235B18A3
:10CA1000DA19002313703B191B681C225218D21913
:10CA200013702F23A0241B19DA190023137001237C
:10CA30005B42190001200FF03FFE1C2120000B1863
:10CA4000DB191B785A1ECD4B9B5C002B01D105F0E6
:10CA500094F90B18DB191B785A1EC9491300DB0027
:10CA60009B1ADB00CB1802331B785BB2002B03DA76
:10CA7000C44A0123137002E0C24A002313701C242D
:10CA8000A0256319DB191B785A1E1B235B19D819C3
:10CA9000BB491300DB009B1ADB005B5C037063196E
:10CAA000DB191B785A1E2D235B19D819B4491300C2
:10CAB000DB009B1ADB00CB1801331B7803702920A5
:10CAC0004319DA19002313706319DB191B785A1EF6
:10CAD000AB491300DB009B1ADB00CB1802331B7839
:10CAE0001A00012313400BD01D235B19DA1901230F
:10CAF00013704319DA194319DB191B7801331370CA
:10CB00001C20A0254319DB191B785A1E9C491300D1
:10CB1000DB009B1ADB00CB1802331B785B08DBB20F
:10CB20001A00012313401E246219D1195A1E934181
:10CB30000B704319DB191B785A1E91491300DB0057
:10CB40009B1ADB00CB1802331B789B08DAB2032355
:10CB50001340DBB28C4A53704319DB191B785A1E01
:10CB600087491300DB009B1ADB00CB1802331B78CC
:10CB70001B09DBB21A00012313405A1E9341DBB29A
:10CB8000814AD3704319DB191B785A1E7C49130064
:10CB9000DB009B1ADB00CB1802331A7860231340AA
:10CBA000DBB2794A13702A006319DB191B78002B5A
:10CBB00030D005008318DB191B78591E2926B318BD
:10CBC000DB191B78181D6E4A0B00DB005B1ADB00BB
:10CBD000D3181B5C1B029CB2A022AB18DB191B787C
:10CBE000591E1500B318DB191B78D81C644A0B00BA
:10CBF000DB005B1ADB00D3181B5C26225219D2190A
:10CC0000E31813807319DA197319DB191B780133D0
:10CC1000137015E01C23A0241B19DB191B78591E67
:10CC200029231B19DB191B78D81C554A0B00DB0084
:10CC30005B1ADB00D3181B5C26221219D219138051
:10CC4000514BDB78002B0CD04F4A002313712D235E
:10CC5000A0229B18DB191B7800222C211800FEF75C
:10CC60002BFD1B21A0200B18DB191B78002B0FD0EC
:10CC70000B18DB191B78FD2B0AD8444B1A780B18BC
:10CC8000DB191B78934203D0404B1B78012B1ED13C
:10CC90001B21A0200B18DB191B78002B00D179E099
:10CCA0000B18DB191B78FD2B00D973E0374B1A7872
:10CCB0000B18DB191B7893426CD0344B1B78012B7B
:10CCC00068D126231B18DB191B88102B62D01C236C
:10CCD000A0229B18DB191B781800FEF7DDFB2A4BFE
:10CCE0005B78002B02D02A4A032313702623A0244A
:10CCF0001B19DB191B88192B13D1642010F0C2FA01
:10CD00001C231B19DB191A781B231B19DB19197833
:10CD10002D231B19DB191878002305F023F905F0E2
:10CD200019F82623A0269B19DB191B881A2B01D082
:10CD300005F010F8642010F0A5FA1C25AB19DB19DA
:10CD40001B785A1E29239B19DB1918780C491300EC
:10CD5000DB009B1ADB00CB181C5CAB19DB191A78C3
:10CD60001B239B19DB1919782D239B19DB191878C4
:10CD7000230005F0F7F804F0EDFFC0469C170020F3
:10CD800014160020D3170020701400201101002079
:10CD9000941400201B23A0255B19DB191B78FF2BA3
:10CDA0004ED11C246319DB191B78581E6319DB193B
:10CDB0001B785A1EEA4B9B5C591EEA4A0300DB00B3
:10CDC0001B1ADB00D3185A5CE74B1B789A4237D00A
:10CDD0006319DB191B78581E6319DB191B785A1E5F
:10CDE000DF4B9B5C591EDF4A0300DB001B1ADB0094
:10CDF000D3185B5CDC4A1370DB4B1B78DB4A137087
:10CE00006319DB191B781900FF20FEF781FB6319FA
:10CE1000DB191B78581E6319DB191B785A1ED04B7F
:10CE20009B5C591ECF4A0300DB001B1ADB00D218A3
:10CE3000002353542F235B19DA190023137022E0C7
:10CE40001B23A0241B19DB191B78FF2B1BD11C22D1
:10CE50001319DB191B78581E1319DB191B785A1E7E
:10CE6000BF4B9B5C591EBF4A0300DB001B1ADB0053
:10CE7000D3185A5CBC4B1B789A4204D12F231B1940
:10CE8000DA19032313701B23A0255B19DB191B7808
:10CE9000FE2B00D0A9E01C246319DB191B78581E57
:10CEA0006319DB191B785A1EAD4B9B5C591EAD4AAA
:10CEB0000300DB001B1ADB00D3185A5CAA4B1B785B
:10CEC0009A4200D191E06319DB191B78581E63194F
:10CED000DB191B785A1EA24B9B5C591EA14A03000A
:10CEE000DB001B1ADB00D3185B5C9F4A13709E4B60
:10CEF0001B789E4A13706319DB191B781900FE20FA
:10CF0000FEF706FB6319DB191B78581E6319DB1942
:10CF10001B785A1E924B9B5C591E924A0300DB0001
:10CF20001B1ADB00D2180023535422005319DB19BB
:10CF30001B785C1E5319DB191B785A1E884B9B5CAF
:10CF4000981E2C235B19D919864A2300DB001B1B72
:10CF5000DB00D3181B5C0B702F235B19DA196623D7
:10CF600013702B235B19DA190023137031E01C2294
:10CF7000A0241319DB191B78581E1319DB191B7811
:10CF80005A1E774B9B5C9A1E2C231B19DB191B78AE
:10CF9000D21A2B231B19DB191B78D118714A0300F5
:10CFA000DB001B1ADB00D3185A5C714B1B789A42CA
:10CFB00006D12F231B19DA1900231370C04637E05E
:10CFC0002B22A0215318DB191B785218D2190133D8
:10CFD00013702B23A0215B18DA192C235B18DB19A3
:10CFE00012781B789A42C2D322E01B23A0241B197B
:10CFF000DB191B78FE2B1BD11C221319DB191B78A4
:10D00000581E1319DB191B785A1E554B9B5C591E71
:10D01000544A0300DB001B1ADB00D3185A5C524B46
:10D020001B789A4204D12F231B19DA19032313709A
:10D030002920A0240319DA190319DB191B780433FA
:10D0400013701C231B19DB191B785A1E444B9A5C66
:10D050001A231B19D9190319DB191B78D31A0B7062
:10D060002F231B19DB191B78002B01D004F085FE40
:10D0700026231B19DB191A88302A0CDC002A01DA56
:10D0800004F018FE302A01D904F014FE9200394B46
:10D09000D3181B689F46384B9A4200D152E104F0E6
:10D0A00009FE364A0123137004F067FE304B1B78EB
:10D0B0001900334A0B009B005B185B009B5C002B44
:10D0C0000AD12D23A0229B18DB191A782D492E4B4B
:10D0D000180019F049F913E02D22A0215318DB198B
:10D0E0001C785318DB191B781A009200D2185300D1
:10D0F0001A00234BD31825492348220019F034F98C
:10D10000234B1C78204B1800F3F708F803009AB261
:10D110001D4901235B420093322320000CF000FBE9
:10D120001C4A0023137004F028FE8023DB011A48F8
:10D130000122190012F0B9FA04F01FFE8023DB016E
:10D1400015480022190012F0B0FA04F016FE8023F0
:10D15000DB01114A1900100012F0C4FA04F00DFEB0
:10D160009C17002014160020F6240020D71700205A
:10D170001101002098DC0208B3050000941400207F
:10D18000841500205CDC0208A822002070DC020864
:10D19000D8170020D6170020000400502D23A0200F
:10D1A0001B18DB191B789BB21B029CB21C252B1889
:10D1B000DB191B78591E29263318DB191B78981C9C
:10D1C0005B4A0B00DB005B1ADB00D3181B5C190009
:10D1D000A0202B18DB191B785A1E63189BB25549E7
:10D1E000920053522B18DB191B785A1E3318DB1987
:10D1F00018784F491300DB009B1ADB00CB181B5C2F
:10D200001B029CB2A0202B18DB191B78591E331867
:10D21000DB191B78581C464A0B00DB005B1ADB004D
:10D22000D3181B5C1A00A026AB19DB191B78591EFA
:10D23000A31898B23F4A8B00D3189A1C031C138082
:10D240003D4B1B88DBB23D4A53703B4B1B881B0A8E
:10D250009BB2DBB2394A1370384AAB19DB191B7821
:10D26000937002200CF09CFCAB19DB191878032397
:10D2700000930B2300220021FEF76EFA04F07DFDDF
:10D280002D23A0201B18DB191B789BB21B029CB21C
:10D290001C252B18DB191B78591E29263318DB197E
:10D2A0001B78981C224A0B00DB005B1ADB00D318AA
:10D2B0001B5C1900A0202B18DB191B785A1E631861
:10D2C0009BB21C49920053522B18DB191B785A1E33
:10D2D0003318DB19187816491300DB009B1ADB00A2
:10D2E000CB181B5C1B029CB2A0202B18DB191B78EF
:10D2F000591E3318DB191B78581C0D4A0B00DB0034
:10D300005B1ADB00D3181B5C1A00A0202B18DB195A
:10D310001B78591EA31898B2064A8B00D3189A1C82
:10D32000031C1380064A0023137004F026FDC04638
:10D3300014160020A0140020B0000020A417002024
:10D34000D61700201C24A026A319DB191B785A1E0F
:10D350002925AB19DB191878FE491300DB009B1A4D
:10D36000DB00CB181B5CFC4A1370A319DB191B787C
:10D37000591EAB19DB191B78581CF64A0B00DB0051
:10D380005B1ADB00D3181B5CF34A5370A319DB193B
:10D390001B78591EAB19DB191B78981CED4A0B0042
:10D3A000DB005B1ADB00D3181B5CEB4A9370A319FC
:10D3B000DB191B78591EAB19DB191B78D81CE54A01
:10D3C0000B00DB005B1ADB00D3181B5CE24AD37056
:10D3D000A319DB191B78591EAB19DB191B78181D13
:10D3E000DC4A0B00DB005B1ADB00D3181B5CDA4A5B
:10D3F0001371A319DB191B78591EAB19DB191B78A4
:10D40000581DD44A0B00DB005B1ADB00D3181B5CF1
:10D41000D14A5371A319DB191B78591EAB19DB19BB
:10D420001B78981DCB4A0B00DB005B1ADB00D3187E
:10D430001B5CC94A9371A319DB191B78591EAB19E0
:10D44000DB191B78D81DC34A0B00DB005B1ADB001D
:10D45000D3181B5CC04AD371A319DB191B78591E62
:10D46000AB19DB191B7808331800BA4A0B00DB0034
:10D470005B1ADB00D3181B5CB74A1372A319DB19C4
:10D480001B78591EAB19DB191B7809331800B14AF8
:10D490000B00DB005B1ADB00D3181B5CAE4A537237
:10D4A000A319DB191B78591EAB19DB191B780A333A
:10D4B0001800A84A0B00DB005B1ADB00D3181B5CCA
:10D4C000A54A9372A319DB191B78591EAB19DB19F6
:10D4D0001B780B3318009F4A0B00DB005B1ADB0044
:10D4E000D3181B5C9C4AD372A319DB191B78591EF5
:10D4F000AB19DB191B780C331800964A0B00DB00C4
:10D500005B1ADB00D3181B5C934A1373A319DB1956
:10D510001B78591EAB19DB191B780D3318008D4A87
:10D520000B00DB005B1ADB00D3181B5C8A4A5373C9
:10D53000A319DB191B78591EAB19DB191B780E33A5
:10D540001800844A0B00DB005B1ADB00D3181B5C5D
:10D55000814A9373A319DB191B78591EAB19DB1988
:10D560001B780F3318007B4A0B00DB005B1ADB00D3
:10D57000D3181B5C784AD373A319DB191B78591E87
:10D58000AB19DB191B7810331800724A0B00DB0053
:10D590005B1ADB00D3181B5C6F4A1374A319DB19E9
:10D5A0001B78591EAB19DB191B7811331800694A17
:10D5B0000B00DB005B1ADB00D3181B5C664A53745C
:10D5C000A319DB191B78591EAB19DB191B78123311
:10D5D0001800604A0B00DB005B1ADB00D3181B5CF1
:10D5E0005D4A9374A319DB191B78591EAB19DB191B
:10D5F0001B7813331800574A0B00DB005B1ADB0063
:10D60000D3181B5C544AD374A319DB191B78591E19
:10D61000AB19DB191B78143318004E4A0B00DB00E2
:10D620005B1ADB00D3181B5C4B4A1375A319DB197B
:10D630001B78591EAB19DB191B7815331800454AA6
:10D640000B00DB005B1ADB00D3181B5C424A5375EE
:10D65000A319DB191B78591EAB19DB191B7816337C
:10D6600018003C4A0B00DB005B1ADB00D3181B5C84
:10D67000394A9375A319DB191B78591EAB19DB19AD
:10D680001B7817331800334A0B00DB005B1ADB00F2
:10D69000D3181B5C304AD375A319DB191B78591EAC
:10D6A000AB19DB191B78183318002A4A0B00DB0072
:10D6B0005B1ADB00D3181B5C274A1376A319DB190E
:10D6C0001B78591EAB19DB191B7819331800214A36
:10D6D0000B00DB005B1ADB00D3181B5C1E4A537681
:10D6E000A319DB191B78591EAB19DB191B781A33E8
:10D6F0001800184A0B00DB005B1ADB00D3181B5C18
:10D70000154A9376A319DB191B78591EAB19DB193F
:10D710001B781B3318000F4A0B00DB005B1ADB0081
:10D72000D3181B5C0C4AD376A319DB191B78591E3E
:10D73000AB19DB191B781C331800064A0B00DB0001
:10D740005B1ADB00D3181B5C034A1377A319DB19A0
:10D7500004E0C046141600206C2300201B78591EDC
:10D76000AB19DB191B781D331800CB4A0B00DB000B
:10D770005B1ADB00D3181B5CC84A537704F0FDFA30
:10D780001F23A0229B18DA190123137033E01F25F1
:10D79000A0216B18DA191C267318DB1912781B7874
:10D7A0009A421FD06B18DB191B7818000CF06AF82E
:10D7B0000400A0217318DB191B78581E29235B185D
:10D7C000DB191A786B18DB191B78D318591EB24A6B
:10D7D0000300DB001B1ADB00D3185B5C1900200080
:10D7E0000CF07EF81F22A0215318DB191B78521869
:10D7F000D219013313701F23A0269B19DB191B7844
:10D80000062BC4D91C25AB19DB191B7818000CF0AA
:10D8100039F80400AB19DB191B78591E29239B1911
:10D82000DB191B780A3318009B4A0B00DB005B1ADC
:10D83000DB00D3181B5C190020000CF051F804F039
:10D840009CFA1C24A026A319DB191B785A1E292533
:10D85000AB19DB19187890491300DB009B1ADB0029
:10D86000CB181B5C002B12D1A319DB191B78591E96
:10D87000AB19DB191B78581C874A0B00DB005B1ABD
:10D88000DB00D3181B5C864A137004F067FA1C2473
:10D89000A026A319DB191B785A1E2925AB19DB1901
:10D8A00018787D491300DB009B1ADB00CB181B5C4A
:10D8B000012B01D004F052FA7A4A00231370A31905
:10D8C000DB191B78591EAB19DB191B78581C724ADF
:10D8D0000B00DB005B1ADB00D3181B5C714A537032
:10D8E000A319DB191B78591EAB19DB191B78981C7F
:10D8F000694A0B00DB005B1ADB00D318185C0323BA
:10D900000093102300220021FDF726FF04F026FAE1
:10D91000654B1B78002B28D0644B1B881A00644B86
:10D92000D0181C23A0255B19DB191B785A1E29234C
:10D930005B19DB1919781300DB009B1ADB005A18FE
:10D94000554BD1181A246319DB191B781A0018F0EB
:10D95000B2FE6319DB191B789AB2544B1B88D3189B
:10D960009BB2524A138004F008FA504B1B881A00ED
:10D970004F4BD0181C23A0255B19DB191B785A1EAE
:10D9800029235B19DB1919781300DB009B1ADB00D4
:10D990005A18414BD1181A246319DB191B781A0045
:10D9A00018F089FE6319DB191B789AB23F4B1B886C
:10D9B000D3189BB23D4A13803C4B1B88162118009C
:10D9C000F2F7C8FB03009BB2DBB23A4A1370374B45
:10D9D0001B881A003649384B180018F06CFE334A81
:10D9E0000023138004F0C9F92D23A0229B18DB1912
:10D9F0001B7818000CF030F804F0BFF92A23A0229D
:10DA00009B18DA190023137036E02D26A021731815
:10DA1000DB191B78013B294A5B009B5A1CB21C2373
:10DA20005B18DB191B78581E29235B18DB191A7841
:10DA30002A256B18DB191B78D118174A0300DB0065
:10DA40001B1ADB00D3185B5C5A1E80231B02134198
:10DA50001BB223431AB2A0243319DB191B78013BF4
:10DA600090B216495A00031C53522B19DB191B782C
:10DA70002A19D219013313702A23A0215B18DA194D
:10DA80001A235B18DB1912781B789A42BDD30C4A13
:10DA90000023137004F071F9141600206C23002089
:10DAA00011010020A4170020D3170020D417002054
:10DAB000D8230020100100206C03002078350020BE
:10DAC000D61700200023C0217A1813602C23A02130
:10DAD0005B18DA19002313701C256B18DB191B78EF
:10DAE0005A1E29267318DB191878E6491300DB0043
:10DAF0009B1ADB00CB181B5C1C06A022AB18DB19A1
:10DB00001B78591EB318DB191B78581CDD4A0B0013
:10DB1000DB005B1ADB00D3181B5C1B04E418A0229B
:10DB2000AB18DB191B78591EB318DB191B78981C2E
:10DB3000D44A0B00DB005B1ADB00D3181B5C1B0212
:10DB4000E418A022AB18DB191B78591EB318DB1997
:10DB50001B78D81CCB4A0B00DB005B1ADB00D31808
:10DB60001B5CE318C02179180B60A0242B19DB196A
:10DB70001B78591E3319DB191B78181DC14A0B007D
:10DB8000DB005B1ADB00D3181B5CFF2B23D12A239D
:10DB90001B19DA190123137014E0C023FB181A684B
:10DBA0002A24A0256319DB191B78110018000BF03B
:10DBB00049FE220029005318DB191B785218D2198C
:10DBC000013313702A23A0229B18DB191B78062B24
:10DBD000E3D904F0D2F82A23A0229B18DA190023F3
:10DBE000137038E01C23A0269B19DB191B785C1EE0
:10DBF00029239B19DB191B781A1D2A239B19DB1972
:10DC00001B78D0182C25AB19D9199E4A2300DB00AC
:10DC10001B1BDB00D3181B5C0B7031006B18DB196E
:10DC20001B78002B0ED06B18DB191B78062B09D83C
:10DC3000C023FB181A686B18DB191B781100180039
:10DC40000BF000FE2A22A0215318DB191B78521872
:10DC5000D219013313702A23A0215B18DA191A2371
:10DC60005B18DB1912781B789A42BBD304F085F855
:10DC700004F012FBF6F79AF9834A0123137004F0BB
:10DC80007CF8F6F721FB64200BF08AFF7E4A022322
:10DC9000137004F072F80CF0FBF80300AC22BA1811
:10DCA00013601B23A0201B18DB191B78FF2B1AD134
:10DCB0001C231B18DB191B785A1E29231B18DB1980
:10DCC00019781300DB009B1ADB005A186D4BD11832
:10DCD0001A231B18DB191B78013B1A006B4B180029
:10DCE00018F0E9FC3FE01B23A0201B18DB191B7870
:10DCF000FE2B1FD11C231B18DB191B785A1E29234E
:10DD00001B18DB1919781300DB009B1ADB005A186B
:10DD10005C4BD1181A231B18DB191A782C231B18FB
:10DD2000DB191B78D31A023B1A00584B180018F065
:10DD3000C2FC18E01C23A0201B18DB191B785A1EFC
:10DD400029231B18DB1919781300DB009B1ADB0051
:10DD50005A184C4BD1181A231B18DB191B784B4847
:10DD60001A0018F0A8FC2C24A026A319DA19484B95
:10DD70001B781370464A1C239B19DB191B78137000
:10DD800099239A00AC257B191968404B18000BF0B9
:10DD9000F1FF0300A822BA1813603D4AA319DB194A
:10DDA0001B7813703B4B1B78602B1DD17B191B68B4
:10DDB0001800F2F7B3F902007B191968364B180006
:10DDC00018F079FC7B191B681800F2F7A7F903001B
:10DDD0009AB22D239B19DB191B7818211800FDF727
:10DDE0006BFC0A200BF0DCFEA823FB181B68002B41
:10DDF000B9D1264B32220021180018F034FB03F071
:10DE0000BCFF0CF045F80300AC243A1913603B1931
:10DE10001B681800F2F782F903003A1910681A001B
:10DE2000002118F020FB1D4B1B78002B3AD01C4B17
:10DE30001B881A003B191B6898181C23A0255B1926
:10DE4000DB191B785A1E29235B19DB19197813007B
:10DE5000DB009B1ADB005A180A4BD1181A246319ED
:10DE6000DB191B781A0018F026FC6319DB191B78E4
:10DE70009AB20B4B1B88D3189BB2094A138003F04C
:10DE80007CFFC0461416002094140020F8240020C3
:10DE9000D817002070140020A4170020D3170020EA
:10DEA000D4170020394B1B881A00AC23FB181B68C1
:10DEB00098181C23A0241B19DB191B785A1E292330
:10DEC0001B19DB1919781300DB009B1ADB005A18A9
:10DED0002F4BD1181A231B19DB191B781A0018F0C5
:10DEE000EAFB2A4A002313802A4A002313702A4B94
:10DEF00018680023002200210EF020FC03F03DFFF3
:10DF0000264B274A1A60274B01221A700A200BF071
:10DF100047FEFEF7F9F81C25A0216B18DB191B78CA
:10DF20005A1E29267318DB19187819491300DB00CB
:10DF30009B1ADB00CB18185C0023009319230022E6
:10DF40000021FDF709FC64200BF02AFE164B1C781B
:10DF5000A0216B18DB191B785A1E7318DB1918786F
:10DF60000B491300DB009B1ADB00CB18195CA020C7
:10DF70002B18DB191A782D231B18DB1918780B00C6
:10DF8000210003F0EFFF03F0F8FEC046D417002095
:10DF900014160020D6170020DC210020F03F0220BC
:10DFA000EFBEADDE94140020110100201C25A0223C
:10DFB000AB18DB191B78591E2926B318DB191B78FF
:10DFC0000B331C002C239B18D819F34A0B00DB00E1
:10DFD0005B1ADB00D3181B5D03701A22A0215318B3
:10DFE000DB191B780F2B14D10A00AB18DB191B7837
:10DFF000591EB318DB191B781C000D342C239B18F9
:10E00000D819E54A0B00DB005B1ADB00D3181B5D57
:10E0100003701A23A0229B18DB191B78112B15D132
:10E020001C239B18DB191B78591E29239B18DB190D
:10E030001B780F331C002C239B18D819D64A0B00D1
:10E04000DB005B1ADB00D3181B5D03701C25A021CD
:10E050006B18DB191B785A1E29267318DB191878E0
:10E06000CD491300DB009B1ADB00CB181B5C1C06A0
:10E07000A022AB18DB191B78591EB318DB191B78CB
:10E08000581CC54A0B00DB005B1ADB00D3181B5C75
:10E090001B04E418A022AB18DB191B78591EB31817
:10E0A000DB191B78981CBC4A0B00DB005B1ADB00F9
:10E0B000D3181B5C1B02E418A022AB18DB191B78D9
:10E0C000591EB318DB191B78D81CB34A0B00DB00B0
:10E0D0005B1ADB00D3181B5CE318B4243819036007
:10E0E000A022AB18DB191B78591EB318DB191B785B
:10E0F000181DA94A0B00DB005B1ADB00D3181B5C60
:10E100001C06A022AB18DB191B78591EB318DB19AB
:10E110001B78581DA04A0B00DB005B1ADB00D318EC
:10E120001B5C1B04E418A022AB18DB191B78591EDA
:10E13000B318DB191B78981D974A0B00DB005B1A9C
:10E14000DB00D3181B5C1B02E418A022AB18DB1900
:10E150001B78591EB318DB191B78D81D8E4A0B008B
:10E16000DB005B1ADB00D3181B5CE318B020381807
:10E1700003602C23A0215B18DB191B78002B00D037
:10E18000C7E16B18DB191B785A1E7318DB19187856
:10E1900081491300DB009B1ADB00CB181B5C1C06BB
:10E1A000A022AB18DB191B78591EB318DB191B789A
:10E1B000581C794A0B00DB005B1ADB00D3181B5C90
:10E1C0001B04E418A022AB18DB191B78591EB318E6
:10E1D000DB191B78981C704A0B00DB005B1ADB0014
:10E1E000D3181B5C1B02E418A022AB18DB191B78A8
:10E1F000591EB318DB191B78D81C674A0B00DB00CB
:10E200005B1ADB00D3181B5CE318B42438190360D5
:10E21000A022AB18DB191B78591EB318DB191B7829
:10E22000181D5D4A0B00DB005B1ADB00D3181B5C7A
:10E230001C06A022AB18DB191B78591EB318DB197A
:10E240001B78581D544A0B00DB005B1ADB00D31807
:10E250001B5C1B04E418A022AB18DB191B78591EA9
:10E26000B318DB191B78981D4B4A0B00DB005B1AB7
:10E27000DB00D3181B5C1B02E418A022AB18DB19CF
:10E280001B78591EB318DB191B78D81D424A0B00A6
:10E29000DB005B1ADB00D3181B5CE318B021781895
:10E2A00003602E00A0257319DB191B78591E292441
:10E2B0006319DB191B7809331800374A0B00DB00A0
:10E2C0005B1ADB00D3181B5C002B4FD07319DB19D2
:10E2D0001B78591E6319DB191B780A3318002E4A64
:10E2E0000B00DB005B1ADB00D3181B5C002B3DD05E
:10E2F0007319DB191B78591E6319DB191B78083356
:10E300001800254A0B00DB005B1ADB00D3181D5CEC
:10E31000A022B318DB191B78591EA318DB191B7830
:10E32000180009301C4A0B00DB005B1ADB00D31815
:10E330001C5CA022B318DB191B78591E29239B18DB
:10E34000DB191B780A331800134A0B00DB005B1A39
:10E35000DB00D3181B5CB022BA181268B4217918FC
:10E360000968009323002800FCF73EFF1C26A02527
:10E370007319DB191B78591E29246319DB191B78C3
:10E380000B331800044A0B00DB005B1ADB00D318C8
:10E390001B5C002B52D001E0141600207319DB190E
:10E3A0001B78591E6319DB191B780C331800F74AC8
:10E3B0000B00DB005B1ADB00D3181B5C002B3DD08D
:10E3C0007319DB191B78591E6319DB191B78083385
:10E3D0001800EE4A0B00DB005B1ADB00D3181D5C53
:10E3E000A022B318DB191B78591EA318DB191B7860
:10E3F00018000B30E54A0B00DB005B1ADB00D3187A
:10E400001C5CA022B318DB191B78591E29239B180A
:10E41000DB191B780C331800DC4A0B00DB005B1A9D
:10E42000DB00D3181B5CB022BA181268B42179182B
:10E430000968009323002800FCF7D6FE1C26A025BF
:10E440007319DB191B78591E29246319DB191B78F2
:10E450000D331800CD4A0B00DB005B1ADB00D3182C
:10E460001B5C002B01D103F07BFC7319DB191B78BB
:10E47000591E6319DB191B780E331800C34A0B00B1
:10E48000DB005B1ADB00D3181B5C002B01D103F00F
:10E4900067FC7319DB191B78591E6319DB191B788C
:10E4A00008331800B94A0B00DB005B1ADB00D318F5
:10E4B0001D5CA022B318DB191B78591EA318DB19A9
:10E4C0001B7818000D30B14A0B00DB005B1ADB0033
:10E4D000D3181C5CA022B318DB191B78591E292302
:10E4E0009B18DB191B780E331800A84A0B00DB00C1
:10E4F0005B1ADB00D3181B5CB022BA181268B42177
:10E5000079180968009323002800FCF76DFE03F0DA
:10E5100027FC1C25A0242B19DB191B785A1E292641
:10E520003319DB191B780833190098481300DB00F6
:10E530009B1ADB00C3185B5C1900E42007F0E4FBC6
:10E540002B19DB191B785A1E3319DB1919788F48E0
:10E550001300DB009B1ADB00C3185B5C1B0299B243
:10E560002B19DB191B785A1E3319DB191B78581C21
:10E57000864C1300DB009B1ADB00E3181B5CCB18F6
:10E580009BB21900E52007F0BFFBA0242B19DB1973
:10E590001B785A1E3319DB191B78991C7B48130012
:10E5A000DB009B1ADB00C3185B5C1B0299B22B19C2
:10E5B000DB191B785A1E3319DB191B78D81C734CD6
:10E5C0001300DB009B1ADB00E3181B5CCB189BB22B
:10E5D0001900E62007F098FBA0242B19DB191B7803
:10E5E0005A1E3319DB191B78191D68481300DB000C
:10E5F0009B1ADB00C3185B5C1B0299B22B19DB1959
:10E600001B785A1E3319DB191B78581D5F4C1300F9
:10E61000DB009B1ADB00E3181B5CCB189BB21900D4
:10E62000E72007F071FBA0242B19DB191B785A1E79
:10E630003319DB191B78991D54481300DB009B1A12
:10E64000DB00C3185B5C1B0299B22B19DB191B782A
:10E650005A1E3319DB191B78D81D4C4C1300DB00F4
:10E660009B1ADB00E3181B5CCB189BB21900E82057
:10E6700007F04AFBA0242B19DB191B785A1E33190B
:10E68000DB191B780933190040481300DB009B1A83
:10E69000DB00C3185B5C1B0299B22B19DB191B78DA
:10E6A0005A1E3319DB191B780A331800374C130034
:10E6B000DB009B1ADB00E3181B5CCB189BB2190034
:10E6C000E92007F021FB1A23A0241B19DB191B7872
:10E6D000132B27D12B19DB191B785A1E3319DB1981
:10E6E0001B780B33190029481300DB009B1ADB0051
:10E6F000C3185B5C1B0299B22B19DB191B785A1EDD
:10E700003319DB191B780C331800204C1300DB0085
:10E710009B1ADB00E3181B5CCB189BB21900EA20A4
:10E7200007F0F2FA1A23A0269B19DB191B78152B88
:10E7300029D11C24A319DB191B785A1E2925AB19D2
:10E74000DB191B780D33190010481300DB009B1AEE
:10E75000DB00C3185B5C1B0299B2A319DB191B78A1
:10E760005A1EAB19DB191B780E331800074C130027
:10E77000DB009B1ADB00E3181B5CCB189BB2190073
:10E78000EB2007F0C1FAFDF7BFFCC04614160020CD
:10E790001C25A0216B18DB191B785A1E292673181B
:10E7A000DB191878E6491300DB009B1ADB00CB1855
:10E7B0001B5C1C06A022AB18DB191B78591EB31872
:10E7C000DB191B78581CDE4A0B00DB005B1ADB00F0
:10E7D000D3181B5C1B04E418A022AB18DB191B78B0
:10E7E000591EB318DB191B78981CD54A0B00DB00A7
:10E7F0005B1ADB00D3181B5C1B02E418A022AB18C9
:10E80000DB191B78591EB318DB191B78D81CCC4AAE
:10E810000B00DB005B1ADB00D3181B5CE318B42190
:10E8200078180360A022A818C3191B78591EB018C5
:10E83000C3191B78181DC24A0B00DB005B1ADB00F2
:10E84000D3181B5C1C06A022A818C3191B78591EDC
:10E85000B018C3191B78581DB94A0B00DB005B1AAE
:10E86000DB00D3181B5C1B04E418A022A818C319F2
:10E870001B78591EB018C3191B78981DB04A0B009D
:10E88000DB005B1ADB00D3181B5C1B02E418A02220
:10E89000A818C3191B78591EB018C3191B78D81DA6
:10E8A000A74A0B00DB005B1ADB00D3181B5CE318E4
:10E8B000B021781803602C00A022A818C3191B7877
:10E8C000591E3500B018C3191B78093318009C4A2B
:10E8D0000B00DB005B1ADB00D3181B5C9846994BDE
:10E8E0001B789C46A022A018C3191B78591EA81893
:10E8F000C3191B780B331800914A0B00DB005B1A1D
:10E90000DB00D3181E5CA022A018C3191B78591E67
:10E91000AD18EB191B780A331800894A0B00DB008D
:10E920005B1ADB00D3181D5CA0202218D3191B78BA
:10E93000591E29221418E3191B7818000830804A40
:10E940000B00DB005B1ADB00D3181C5C1C23A0202F
:10E950001A18D3191B78591E29221218D3191B789B
:10E960000C331800764A0B00DB005B1ADB00D3186F
:10E970001B5C5A1E9341DBB20393B023FA18136851
:10E980000293B423FB181B68019300942B00320000
:10E9900061464046FDF732FA03F0EFF91C25A0244A
:10E9A0002B19DB191B785A1E29263319DB19187805
:10E9B00063491300DB009B1ADB00CB181B5C002BA8
:10E9C00000D03AE12B19DB191B78591E3319DB19DA
:10E9D0001B78981C5A4A0B00DB005B1ADB00D3182B
:10E9E0001B5C1C06A022AB18DB191B78591EB31840
:10E9F000DB191B78D81C524A0B00DB005B1ADB00CA
:10EA0000D3181B5C1B04E418A022AB18DB191B787D
:10EA1000591EB318DB191B78181D494A0B00DB007F
:10EA20005B1ADB00D3181B5C1B02E418A022AB1896
:10EA3000DB191B78591EB318DB191B78581D404A87
:10EA40000B00DB005B1ADB00D3181B5CE318C02152
:10EA500079180B60A022AB18DB191B78591EB3186C
:10EA6000DB191B78581C364A0B00DB005B1ADB00F5
:10EA7000D3181B5C082B00D966E39A00324BD318DD
:10EA80001B689F46C023FB181B681B78DBB22F4A0C
:10EA900013702D23A0229B18DB191B7801221F2144
:10EAA0001800FCF709FE56E3C023FB181B681B780F
:10EAB0005BB2DBB2254A13702D23A0229B18DB1911
:10EAC0001B7801221F211800FCF7F6FD43E3C0214B
:10EAD0007B181B681B889BB2DBB21C4A13707B1827
:10EAE0001B681B889BB21B0A9BB2DBB2174A537090
:10EAF0002D23A0229B18DB191B7802221F2118004E
:10EB0000FCF7DAFD27E3C0217B181B681B881BB2CA
:10EB1000DBB20E4A13707B181B681B881BB21B12DA
:10EB20001BB2DBB2094A53702D23A0229B18DB19BC
:10EB30001B7802221F211800FCF7BEFD0BE3C04624
:10EB400014160020110100205CDD0208A41700202B
:10EB5000C0217B181B681B68DBB2DB4A13707B1873
:10EB60001B681B681B0ADBB2D74A53707B181B68F3
:10EB70001B681B0CDBB2D44A93707B181B681B68A4
:10EB80001B0EDBB2D04AD3702D23A0229B18DB19B9
:10EB90001B7804221F211800FCF78EFDDBE2C02148
:10EBA0007B181B681B68DBB2C74A13707B181B6895
:10EBB0001B681B12DBB2C44A53707B181B681B68AE
:10EBC0001B14DBB2C04A93707B181B681B681B16B2
:10EBD000DBB2BD4AD3702D23A0229B18DB191B7812
:10EBE00004221F211800FCF767FDB4E2C0217B1846
:10EBF0001B681B78DBB2B44A13707B181B680133A7
:10EC00001B78DBB2B04A53707B181B6802331B7849
:10EC1000DBB2AD4A93707B181B6803331B78DBB201
:10EC2000A94AD3702D23A0229B18DB191B78082238
:10EC30001F211800FCF740FD8DE21C24A026A3191B
:10EC4000DB191B785A1E2925AB19DB1918789F4947
:10EC50001300DB009B1ADB00CB181B5C022B00D0DF
:10EC60003CE1A319DB191B78581EA319DB191B788B
:10EC70005A1E974B9B5C591E944A0300DB001B1ADB
:10EC8000DB00D21800235354A319DB191B785A1E3A
:10EC9000AB19DB191B78591C1300DB009B1ADB0036
:10ECA0005A188A4BD3182C25AA19D4191800F5F72D
:10ECB000D7FB03002370AB19DB191B78002B0AD19B
:10ECC0002D239B19DB191B7801221F211800FCF74B
:10ECD000F3FC03F047F82C20A0240319DB191B7860
:10ECE0005A1E7C4913005B009B189B005B58C02296
:10ECF000BA1813600319DB191B785A1E75491300E3
:10ED00005B009B189B00CB1804331B786E4A137072
:10ED10006D4B1B78082B00D919E29A006E4BD31863
:10ED20001B689F46C023FB181B681B78DBB2664A32
:10ED300053702D23A0229B18DB191B7802221F2160
:10ED40001800FCF7B9FC06E2C023FB181B681B780F
:10ED50005BB2DBB25C4A53702D23A0229B18DB19F7
:10ED60001B7802221F211800FCF7A6FCF3E1C0214A
:10ED70007B181B681B889BB2DBB2534A53707B180D
:10ED80001B681B889BB21B0A9BB2DBB24E4A937076
:10ED90002D23A0229B18DB191B7803221F211800AA
:10EDA000FCF78AFCD7E1C0217B181B681B881BB2CB
:10EDB000DBB2454A53707B181B681B881BB21B12C1
:10EDC0001BB2DBB2404A93702D23A0229B18DB19A3
:10EDD0001B7803221F211800FCF76EFCBBE1C02149
:10EDE0007B181B681B68DBB2374A53707B181B68A3
:10EDF0001B681B0ADBB2344A93707B181B681B68C4
:10EE00001B0CDBB2304AD3707B181B681B681B0ECF
:10EE1000DBB22D4A13712D23A0229B18DB191B781E
:10EE200005221F211800FCF747FC94E1C0217B1844
:10EE30001B681B68DBB2244A53707B181B681B6875
:10EE40001B12DBB2204A93707B181B681B681B14D3
:10EE5000DBB21D4AD3707B181B681B681B16DBB224
:10EE6000194A13712D23A0229B18DB191B78052248
:10EE70001F211800FCF720FC6DE1C0217B181B68E6
:10EE80001B78DBB2104A53707B181B6801331B7868
:10EE9000DBB20D4A93707B181B6802331B78DBB220
:10EEA000094AD3707B181B6803331B78DBB2064A10
:10EEB00013712D23A0229B18DB191B7809221F2117
:10EEC0001800FCF7F9FB46E1A417002014160020F7
:10EED0009C170020FC28002080DD02081C24A026AE
:10EEE000A319DB191B785A1E2925AB19DB191878D1
:10EEF000D9491300DB009B1ADB00CB181B5C022BEB
:10EF000001D802F02FFFA319DB191B785A1E340019
:10EF1000AB19DB191878D0491300DB009B1ADB0012
:10EF2000CB181B5C043BCD4A9B009B58DAB20F23E5
:10EF30001340DBB2CA4A1370C94B1B78002B0AD1AD
:10EF40002D231B19DB191B7801221F211800FCF748
:10EF5000B3FB02F007FF1C23A0215B18DB191B7811
:10EF60005A1E29235B18DB191878BB491300DB00F4
:10EF70009B1ADB00CB181B5C043BB84A9B009B58D8
:10EF80001B0C8022920594466344C022BA18136079
:10EF9000B34B1B78082B00D9DCE09A00B14BD31897
:10EFA0001B689F46C023FB181B681B78DBB2AC4A6A
:10EFB00053702D23A0229B18DB191B7802221F21DE
:10EFC0001800FCF779FBC6E0C023FB181B681B7810
:10EFD0005BB2DBB2A24A53702D23A0229B18DB192F
:10EFE0001B7802221F211800FCF766FBB3E0C0214A
:10EFF0007B181B681B889BB2DBB2994A53707B1845
:10F000001B681B889BB21B0A9BB2DBB2944A9370AD
:10F010002D23A0229B18DB191B7803221F21180027
:10F02000FCF74AFB97E0C0217B181B681B881BB2CA
:10F03000DBB28B4A53707B181B681B881BB21B12F8
:10F040001BB2DBB2864A93702D23A0229B18DB19DA
:10F050001B7803221F211800FCF72EFB7BE0C02148
:10F060007B181B681B68DBB27D4A53707B181B68DA
:10F070001B681B0ADBB27A4A93707B181B681B68FB
:10F080001B0CDBB2764AD3707B181B681B681B0E07
:10F09000DBB2734A13712D23A0229B18DB191B7856
:10F0A00005221F211800FCF707FB54E0C0217B1844
:10F0B0001B681B68DBB26A4A53707B181B681B68AD
:10F0C0001B12DBB2664A93707B181B681B681B140B
:10F0D000DBB2634AD3707B181B681B681B16DBB25C
:10F0E0005F4A13712D23A0229B18DB191B78052280
:10F0F0001F211800FCF7E0FA2DE0C0217B181B68E7
:10F100001B78DBB2564A53707B181B6801331B789F
:10F11000DBB2534A93707B181B6802331B78DBB257
:10F120004F4AD3707B181B6803331B78DBB24C4A01
:10F1300013712D23A0229B18DB191B7809221F2194
:10F140001800FCF7B9FA06E0C04602F00BFEC04614
:10F1500002F008FEC04602F005FE434B1A685B68E9
:10F16000032A01D1002B08D03F4B1A685B68022AA2
:10F1700000D0DFE1002B00D0DCE11C24A026A31985
:10F18000DB191B785A1E2925AB19DB19187832496F
:10F190001300DB009B1ADB00CB181B5C334A137097
:10F1A000A319DB191B785A1EAB19DB1918782A49E9
:10F1B0001300DB009B1ADB00CB181B5C082B00D96B
:10F1C000B6E19A002A4BD3181B689F46294A1023A0
:10F1D0001370AEE11C23A0229B18DB191B78591E6B
:10F1E00029239B18DB191B78581C1B4A0B00DB00DA
:10F1F0005B1ADB00D3181B5C9822B9180B60002344
:10F200009C2179180B60184BBA1811685268196064
:10F210005A608EE11C23A0229B18DB191B78591E13
:10F2200029239B18DB191B78581C0B4A0B00DB00A9
:10F230005B1ADB00D3181B5C5BB29022B9180B6021
:10F24000DB17942179180B60074BBA1811685268C4
:10F2500019605A606DE1C04614160020DC170020CA
:10F26000A4170020A4DD0208581800201301002074
:10F27000C8DD0208D61700201C25A022AB18DB1918
:10F280001B78591E2926B318DB191B78581CE74A2E
:10F290000B00DB005B1ADB00D3181B5C1C00A022F8
:10F2A000AB18DB191B78591EB318DB191B78981C97
:10F2B000DE4A0B00DB005B1ADB00D3181B5C1B0271
:10F2C000E3188822B9180B60DB178C2179180B60C2
:10F2D000D74BBA181168526819605A6029E11C2589
:10F2E000A022AB18DB191B78591E2926B318DB198D
:10F2F0001B78581CCD4A0B00DB005B1ADB00D318CF
:10F300001B5C1C00A022AB18DB191B78591EB3181C
:10F31000DB191B78981CC54A0B00DB005B1ADB006D
:10F32000D3181B5C1B02E3188022B9180B60DB1793
:10F33000842179180B60BE4BBA18116852681960A5
:10F340005A60F6E01C25A022AB18DB191B78591E69
:10F350002926B318DB191B78581CB44A0B00DB00B4
:10F360005B1ADB00D3181B5C1C00A022AB18DB1956
:10F370001B78591EB318DB191B78981CAB4A0B007D
:10F38000DB005B1ADB00D3181B5C1B02E418A02215
:10F39000AB18DB191B78591EB318DB191B78D81C66
:10F3A000A24A0B00DB005B1ADB00D3181B5C1B04BA
:10F3B000E418A022AB18DB191B78591EB318DB190F
:10F3C0001B78181D994A0B00DB005B1ADB00D31871
:10F3D0001B5C1B06E318BB670023FB67944BB96FEC
:10F3E000FA6F19605A60A4E01C25A022AB18DB1943
:10F3F0001B78591E2926B318DB191B78581C8B4A19
:10F400000B00DB005B1ADB00D3181B5C1C00A02286
:10F41000AB18DB191B78591EB318DB191B78981C25
:10F42000824A0B00DB005B1ADB00D3181B5C1B025B
:10F43000E418A022AB18DB191B78591EB318DB198E
:10F440001B78D81C794A0B00DB005B1ADB00D31851
:10F450001B5C1B04E418A022AB18DB191B78591E97
:10F46000B318DB191B78181D704A0B00DB005B1A00
:10F47000DB00D3181B5C1B06E3183B67DB177B67BD
:10F480006B4B396F7A6F19605A6052E01C25A022CD
:10F49000AB18DB191B78591E2926B318DB191B780A
:10F4A000581C624A0B00DB005B1ADB00D3181B5CA4
:10F4B0001C00A022AB18DB191B78591EB318DB19EE
:10F4C0001B78981C594A0B00DB005B1ADB00D31831
:10F4D0001B5C1B02E418A022AB18DB191B78591E19
:10F4E000B318DB191B78D81C504A0B00DB005B1AE1
:10F4F000DB00D3181B5C1B04E418A022AB18DB193B
:10F500001B78591EB318DB191B78181D474A0B00CE
:10F51000DB005B1ADB00D3181B5C1B06E318BB6621
:10F520000023FB66424BB96EFA6E19605A6000E028
:10F53000C046A2E13E4B1A685B681100194300D037
:10F540009BE13B4B1C685D680822002320002900DA
:10F55000F0F7EEFF431C012B00D98DE1A200354BE3
:10F56000D3181B689F461C23A0215B18DB191B784E
:10F570005A1E29235B18DB1918782C491300DB006D
:10F580009B1ADB00CB181B5C3B6600237B66284B79
:10F59000396E7A6E19605A606FE11C23A0215B18E6
:10F5A000DB191B785A1E29235B18DB1918781F49B1
:10F5B0001300DB009B1ADB00CB181B5C5BB2BB6546
:10F5C000DB17FB651A4BB96DFA6D19605A6054E18F
:10F5D0001C25A0216B18DB191B785A1E29267318CD
:10F5E000DB19187811491300DB009B1ADB00CB18DC
:10F5F0001B5C1C00A022AB18DB191B78591EB3182A
:10F60000DB191B78581C094A0B00DB005B1ADB0076
:10F61000D3181B5C1B02E3183B65DB177B65044BAF
:10F62000396D7A6D19605A6027E1C04614160020C2
:10F6300058180020ECDD02081C25A0216B18DB19EE
:10F640001B785A1E29267318DB191878E74913000E
:10F65000DB009B1ADB00CB181B5C1C00A022AB1844
:10F66000DB191B78591EB318DB191B78581CDF4AAD
:10F670000B00DB005B1ADB00D3181B5C1B02E318DA
:10F68000BB64DB17FB64DA4BB96CFA6C19605A6027
:10F69000F3E01C25A0216B18DB191B785A1E2926C4
:10F6A0007318DB191878D1491300DB009B1ADB00B3
:10F6B000CB181B5C1C00A022AB18DB191B78591E51
:10F6C000B318DB191B78581CC84A0B00DB005B1A07
:10F6D000DB00D3181B5C1B02E418A022AB18DB195B
:10F6E0001B78591EB318DB191B78981CBF4A0B00F6
:10F6F000DB005B1ADB00D3181B5C1B04E418A022A0
:10F70000AB18DB191B78591EB318DB191B78D81CF2
:10F71000B64A0B00DB005B1ADB00D3181B5C1B0630
:10F72000E3183B6400237B64B14B396C7A6C19603D
:10F730005A60A2E01C25A0216B18DB191B785A1E09
:10F7400029267318DB191878A8491300DB009B1AC7
:10F75000DB00CB181B5C1C00A022AB18DB191B784C
:10F76000591EB318DB191B78581CA04A0B00DB008C
:10F770005B1ADB00D3181B5C1B02E418A022AB1839
:10F78000DB191B78591EB318DB191B78981C974A94
:10F790000B00DB005B1ADB00D3181B5C1B04E418B6
:10F7A000A022AB18DB191B78591EB318DB191B7884
:10F7B000D81C8E4A0B00DB005B1ADB00D3181B5CE5
:10F7C0001B06E318BB63DB17FB63894BB96BFA6B52
:10F7D00019605A6051E01C25A0216B18DB191B78B9
:10F7E0005A1E29267318DB19187880491300DB008C
:10F7F0009B1ADB00CB181B5C1C00A022AB18DB198A
:10F800001B78591EB318DB191B78581C774A0B005C
:10F81000DB005B1ADB00D3181B5C1B02E418A02280
:10F82000AB18DB191B78591EB318DB191B78981C11
:10F830006E4A0B00DB005B1ADB00D3181B5C1B0459
:10F84000E418A022AB18DB191B78591EB318DB197A
:10F850001B78D81C654A0B00DB005B1ADB00D31851
:10F860001B5C1B06E3183B6300237B63604B396B17
:10F870007A6B19605A6000E0C0465E4B1B78102B13
:10F8800001D102F071FA5B4A0023137002F06CFAA6
:10F89000584A002313701C24A026A319DB191B78D7
:10F8A0005A1E2925AB19DB19187850491300DB00C3
:10F8B0009B1ADB00CB181B5C002B01D100F0D6FC9F
:10F8C000A319DB191B785A1EAB19DB1918784749A5
:10F8D0001300DB009B1ADB00CB181B5C1E2B01D92D
:10F8E00000F0C0FCA319DB191B785A1EAB19DB19F9
:10F8F00018783E491300DB009B1ADB00CB181B5C19
:10F90000013B3D4A9B009B581B0C3C4A9446634478
:10F91000C022BA181360A319DB191B78591EAB1942
:10F92000DB191B78581C314A0B00DB005B1ADB002B
:10F93000D3181B5C082B01D900F017FC9A00304B40
:10F94000D3181B689F461C24A0216318DB191B7861
:10F950005A1E29235B18DB19187824491300DB0091
:10F960009B1ADB00CB181B5C013B234A9B009A5877
:10F970000F23134049D1012015F04EF90300C02098
:10F980003D182B603B181B68002B3BD03B181B68B5
:10F99000E0221206944663441D042600A022A31808
:10F9A000DB191B78591E29239B18DB191B78581C5F
:10F9B0000E4A0B00DB005B1ADB00D3181B5C1C003B
:10F9C000A0217318DB191B785A1E29235B18DB1939
:10F9D000187806491300DB009B1ADB00CB181B5C70
:10F9E000013B2919044A9B0099500EE0141600208F
:10F9F00058180020D6170020DC1700200000012036
:10FA000010DE0208D04A12231370CF4B1B78122B42
:10FA100000D1ACE31C23A0229B18DB191B78591ED4
:10FA200029239B18DB191B78981CC023FB181C6822
:10FA3000C64A0B00DB005B1ADB00D3181B5C23708B
:10FA400095E31C24A0216318DB191B785A1E292377
:10FA50005B18DB191878BD491300DB009B1ADB002B
:10FA6000CB181B5C013BBA4A9B009A580F231340EA
:10FA70003DD1012015F0D0F80300C0203D182B60C7
:10FA80003B181B68002B2FD03B181B68E022120686
:10FA9000944663441D042600A022A318DB191B789A
:10FAA000591E29239B18DB191B78581CA74A0B00E9
:10FAB000DB005B1ADB00D3181B5C1C00A021731851
:10FAC000DB191B785A1E29235B18DB1918789F490C
:10FAD0001300DB009B1ADB00CB181B5C013B2919D0
:10FAE0009B4A9B00995002E0974A12231370964B51
:10FAF0001B78122B00D13CE31C23A0229B18DB199E
:10FB00001B78591E29239B18DB191B78981C8F4AD8
:10FB10000B00DB005B1ADB00D3181B5CC022BA1899
:10FB200012685BB2137024E31C24A0216318DB1954
:10FB30001B785A1E29235B18DB1918788349130098
:10FB4000DB009B1ADB00CB181B5C013B804A9B004F
:10FB50009A580F2313403DD1022015F05DF80300A1
:10FB6000C0203D182B603B181B68002B2FD03B1882
:10FB70001B68E0221206944663441D042600A0225E
:10FB8000A318DB191B78591E29239B18DB191B7836
:10FB9000581C6E4A0B00DB005B1ADB00D3181B5CA1
:10FBA0001C00A0217318DB191B785A1E29235B182F
:10FBB000DB19187865491300DB009B1ADB00CB18B2
:10FBC0001B5C013B2919624A9B00995002E05E4A86
:10FBD000122313705C4B1B78122B00D1CBE21C2537
:10FBE000A022AB18DB191B78591E2926B318DB1984
:10FBF0001B78981C554A0B00DB005B1ADB00D318FE
:10FC00001B5C1C00A022AB18DB191B78591EB31813
:10FC1000DB191B78D81C4D4A0B00DB005B1ADB009C
:10FC2000D3181B5C1B029BB2C022BA181268E318DF
:10FC30009BB213809FE21C24A0216318DB191B7860
:10FC40005A1E29235B18DB19187840491300DB0082
:10FC50009B1ADB00CB181B5C013B3D4A9B009A586A
:10FC60000F2313403DD1022014F0D6FF0300C02023
:10FC70003D182B603B181B68002B2FD03B181B68CE
:10FC8000E0221206944663441D042600A022A31815
:10FC9000DB191B78591E29239B18DB191B78581C6C
:10FCA0002A4A0B00DB005B1ADB00D3181B5C1C002C
:10FCB000A0217318DB191B785A1E29235B18DB1946
:10FCC000187822491300DB009B1ADB00CB181B5C61
:10FCD000013B29191E4A9B00995002E01A4A12233F
:10FCE0001370194B1B78122B00D146E21C25A02261
:10FCF000AB18DB191B78591E2926B318DB191B78A2
:10FD0000981C124A0B00DB005B1ADB00D3181B5C4B
:10FD10001C00A022AB18DB191B78591EB318DB1985
:10FD20001B78D81C094A0B00DB005B1ADB00D318D8
:10FD30001B5C1B029BB2E3189BB2C022BA1812686C
:10FD40001BB2138019E2C046D617002014160020FB
:10FD5000DC1700201C24A0216318DB191B785A1E15
:10FD600029235B18DB191878CD491300DB009B1A97
:10FD7000DB00CB181B5C013BCA4A9B009A580F233F
:10FD800013403DD1042014F047FF0300C0203D186C
:10FD90002B603B181B68002B2FD03B181B68E02200
:10FDA0001206944663441D042600A022A318DB1902
:10FDB0001B78591E29239B18DB191B78581CB84A3D
:10FDC0000B00DB005B1ADB00D3181B5C1C00A021BE
:10FDD0007318DB191B785A1E29235B18DB19187856
:10FDE000AF491300DB009B1ADB00CB181B5C013B07
:10FDF0002919AC4A9B00995002E0AB4A12231370B8
:10FE0000A94B1B78122B00D1B9E11C25A022AB18FD
:10FE1000DB191B78591E2926B318DB191B78981C8F
:10FE20009F4A0B00DB005B1ADB00D3181B5C1C0035
:10FE3000A022AB18DB191B78591EB318DB191B78ED
:10FE4000D81C974A0B00DB005B1ADB00D3181B5C45
:10FE50001B02E418A022AB18DB191B78591EB3183B
:10FE6000DB191B78181D8E4A0B00DB005B1ADB00C8
:10FE7000D3181B5C1B04E418A022AB18DB191B78F9
:10FE8000591EB318DB191B78581D854A0B00DB007F
:10FE90005B1ADB00D3181B5C1B06C022BA18126861
:10FEA000E31813606BE11C24A0216318DB191B7895
:10FEB0005A1E29235B18DB19187879491300DB00D7
:10FEC0009B1ADB00CB181B5C013B764A9B009A58BF
:10FED0000F2313403DD1042014F09EFE0300C020E8
:10FEE0003D182B603B181B68002B2FD03B181B685C
:10FEF000E0221206944663441D042600A022A318A3
:10FF0000DB191B78591E29239B18DB191B78581CF9
:10FF1000634A0B00DB005B1ADB00D3181B5C1C0080
:10FF2000A0217318DB191B785A1E29235B18DB19D3
:10FF300018785B491300DB009B1ADB00CB181B5CB5
:10FF4000013B2919574A9B00995002E0564A122357
:10FF50001370554B1B78122B00D112E11C25A022E7
:10FF6000AB18DB191B78591E2926B318DB191B782F
:10FF7000981C4B4A0B00DB005B1ADB00D3181B5CA0
:10FF80001C00A022AB18DB191B78591EB318DB1913
:10FF90001B78D81C424A0B00DB005B1ADB00D3182D
:10FFA0001B5C1B02E418A022AB18DB191B78591E3E
:10FFB000B318DB191B78181D394A0B00DB005B1ADC
:10FFC000DB00D3181B5C1B04E418A022AB18DB1960
:10FFD0001B78591EB318DB191B78581D304A0B00CB
:10FFE000DB005B1ADB00D3181B5C1B06C022BA18AF
:10FFF0001268E3181360C4E01C24A0216318DB1905
:020000040801F1
:100000001B785A1E29235B18DB1918782449130022
:10001000DB009B1ADB00CB181B5C013B214A9B00D9
:100020009A580F23134044D1042014F0F5FD030027
:10003000C0203D182B603B181B68002B36D03B18A6
:100040001B68E0221206944663441D042600A02289
:10005000A318DB191B78591E29239B18DB191B7861
:10006000581C0F4A0B00DB005B1ADB00D3181B5C2B
:100070001C00A0217318DB191B785A1E29235B185A
:10008000DB19187806491300DB009B1ADB00CB183C
:100090001B5C013B2919034A9B00995009E0C046AB
:1000A00014160020DC170020D6170020EB4A12237C
:1000B0001370EA4B1B78122B65D01C25A022AB18BD
:1000C000DB191B78591E2926B318DB191B78981CDD
:1000D000E34A0B00DB005B1ADB00D3181B5C1C003F
:1000E000A022AB18DB191B78591EB318DB191B783B
:1000F000D81CDB4A0B00DB005B1ADB00D3181B5C4F
:100100001B02E418A022AB18DB191B78591EB31888
:10011000DB191B78181DD24A0B00DB005B1ADB00D1
:10012000D3181B5C1B04E418A022AB18DB191B7846
:10013000591EB318DB191B78581DC94A0B00DB0088
:100140005B1ADB00D3181B5C1B06E318BB620023A1
:10015000FB62C44BB96AFA6A19605A60C14BC0228B
:10016000BA1812681B6813600DE0C0460CE0C04668
:100170000AE0C04608E0C04606E0C04604E0C046CB
:1001800002E0C04600E0C0461C26A0217318DB191F
:100190001B785A1E29256B18DB191878B0491300F3
:1001A000DB009B1ADB00CB181B5C013BAE4A9B00BB
:1001B0009A580F231A401400A022B318DB191B7899
:1001C000591EAB18DB191B78581CA54A0B00DB0025
:1001D0005B1ADB00D3181B5C9C4201D100F0CCFB06
:1001E000A0217318DB191B785A1E2C006B18DB1921
:1001F00018789B491300DB009B1ADB00CB181B5CB3
:10020000013B994A9B009D58A022B318DB191B782B
:10021000591EA318DB191B78581C914A0B00DB00F0
:100220005B1ADB00D3181B5C904A944663441C00A5
:10023000A0217318DB191B785A1E29235B18DB19C0
:10024000187887491300DB009B1ADB00CB181B5C76
:10025000013B21002940844A9B0099507F4A142386
:10026000137089E37D4A1323137085E31C25A022B4
:10027000AB18DB191B78591E2926B318DB191B781C
:10028000981C774A0B00DB005B1ADB00D3181B5C61
:100290001C06A022AB18DB191B78591EB318DB19FA
:1002A0001B78D81C6E4A0B00DB005B1ADB00D318EE
:1002B0001B5C1B04E418A022AB18DB191B78591E29
:1002C000B318DB191B78181D654A0B00DB005B1A9D
:1002D000DB00D3181B5C1B02E418A022AB18DB194F
:1002E0001B78591EB318DB191B78581D5C4A0B008C
:1002F000DB005B1ADB00D3181B5CE318C021781805
:1003000003607B181A6880239B059A4200D2AFE1F4
:100310007B181A68564B9A4200D9A9E1A022AB1863
:10032000DB191B78591EB318DB191B78581C4C4A73
:100330000B00DB005B1ADB00D3181B5C082B00D919
:1003400094E19A004B4BD3181B689F461C23A022B4
:100350009B18DB191B78591E29239B18DB191B7866
:10036000981DC023FB181C683D4A0B00DB005B1A7C
:10037000DB00D3181B5C237079E11C23A0229B189F
:10038000DB191B78591E29239B18DB191B78981D34
:10039000334A0B00DB005B1ADB00D3181B5CC02266
:1003A000BA1812685BB2137061E11C25A022AB1869
:1003B000DB191B78591E2926B318DB191B78981DE9
:1003C000274A0B00DB005B1ADB00D3181B5C1C0008
:1003D000A022AB18DB191B78591EB318DB191B7848
:1003E000D81D1F4A0B00DB005B1ADB00D3181B5C17
:1003F0001B029BB2C022BA181268E3189BB213808A
:1004000035E11C25A022AB18DB191B78591E2926C3
:10041000B318DB191B78981D114A0B00DB005B1A1F
:10042000DB00D3181B5C1C00A022AB18DB191B7867
:10043000591EB318DB191B78D81D094A0B00DB00C5
:100440005B1ADB00D3181B5C1B029BB2E3189BB248
:10045000C022BA1812681BB2138008E1D617002018
:100460001416002058180020DC170020F0FF0000B0
:10047000FF3F022034DE02081C25A022AB18DB1946
:100480001B78591E2926B318DB191B78981DCB4AF7
:100490000B00DB005B1ADB00D3181B5C1C00A022E6
:1004A000AB18DB191B78591EB318DB191B78D81D44
:1004B000C24A0B00DB005B1ADB00D3181B5C1B027B
:1004C000E418A022AB18DB191B78591EB318DB19EE
:1004D0001B7808331800B94A0B00DB005B1ADB00FD
:1004E000D3181B5C1B04E418A022AB18DB191B7883
:1004F000591EB318DB191B7809331800AF4A0B00DB
:10050000DB005B1ADB00D3181B5C1B06C022BA1889
:100510001268E3181360AAE01C25A022AB18DB19AF
:100520001B78591E2926B318DB191B78981DA34A7E
:100530000B00DB005B1ADB00D3181B5C1C00A02245
:10054000AB18DB191B78591EB318DB191B78D81DA3
:100550009A4A0B00DB005B1ADB00D3181B5C1B0202
:10056000E418A022AB18DB191B78591EB318DB194D
:100570001B7808331800914A0B00DB005B1ADB0084
:10058000D3181B5C1B04E418A022AB18DB191B78E2
:10059000591EB318DB191B7809331800874A0B0062
:1005A000DB005B1ADB00D3181B5C1B06C022BA18E9
:1005B0001268E31813605AE01C25A022AB18DB195F
:1005C0001B78591E2926B318DB191B78981D7B4A06
:1005D0000B00DB005B1ADB00D3181B5C1C00A022A5
:1005E000AB18DB191B78591EB318DB191B78D81D03
:1005F000724A0B00DB005B1ADB00D3181B5C1B028A
:10060000E418A022AB18DB191B78591EB318DB19AC
:100610001B7808331800694A0B00DB005B1ADB000B
:10062000D3181B5C1B04E418A022AB18DB191B7841
:10063000591EB318DB191B78093318005F4A0B00E9
:10064000DB005B1ADB00D3181B5C1B06E3183B6264
:1006500000237B625A4B396A7A6A19605A60584B98
:10066000C022BA1812681B68136000E0C04683E11C
:10067000C0243B191A6880231B059A4200D278E1F6
:100680003B191A684F4B9A4200D972E10EF0AEFB4B
:100690002623A0229B18DB191B88222B04D13B198F
:1006A0001B68180005F0E4FD474B1B78002B00D0B9
:1006B00052E11C23A0229B18DB191B78591E292309
:1006C0009B18DB191B78581C3C4A0B00DB005B1A9B
:1006D000DB00D3181B5C082B00D93CE19A003B4B94
:1006E000D3181B689F46C023FB181B681B889AB24F
:1006F000374B9A4203D0344A162313702CE11C2343
:10070000A0229B18DB191B78591E29239B18DB1983
:100710001B78981D294A0B00DB005B1ADB00D318FD
:100720001B5CBB610023FB61254BB969FA69196049
:100730005A6011E1C023FB181B681B889AB2244B36
:100740009A4203D0204A1623137005E11C25A022EB
:10075000AB18DB191B78591E2926B318DB191B7837
:10076000981D164A0B00DB005B1ADB00D3181B5CDC
:100770001C00A022AB18DB191B78591EB318DB191B
:100780001B78D81D0D4A0B00DB005B1ADB00D31869
:100790001B5C1B02E3183B61DB177B61084B39696B
:1007A0007A6919605A60D7E0C023FB181B681B6880
:1007B00001330FD0044A16231370CDE01416002025
:1007C00058180020FFFF0108D617002058DE020845
:1007D000FFFF00001C25A022AB18DB191B78591E57
:1007E0002926B318DB191B78981DA04A0B00DB00E3
:1007F0005B1ADB00D3181B5C1C00A022AB18DB19B2
:100800001B78591EB318DB191B78D81D974A0B00AB
:10081000DB005B1ADB00D3181B5C1B02E418A02270
:10082000AB18DB191B78591EB318DB191B7808337A
:1008300018008E4A0B00DB005B1ADB00D3181B5C30
:100840001B04E418A022AB18DB191B78591EB3183F
:10085000DB191B7809331800844A0B00DB005B1A94
:10086000DB00D3181B5C1B06E318BB600023FB6096
:100870007F4BB968FA6819605A606DE0C023FB18B5
:100880001B681B68013303D07A4A1623137063E098
:100890001C25A022AB18DB191B78591E2926B3187A
:1008A000DB191B78981D714A0B00DB005B1ADB001B
:1008B000D3181B5C1C00A022AB18DB191B78591E37
:1008C000B318DB191B78D81D684A0B00DB005B1AD4
:1008D000DB00D3181B5C1B02E418A022AB18DB1949
:1008E0001B78591EB318DB191B78083318005F4AB0
:1008F0000B00DB005B1ADB00D3181B5C1B04E41845
:10090000A022AB18DB191B78591E1500B318DB1990
:100910001B7809331800554A0B00DB005B1ADB001B
:10092000D3181B5C1B06E3183B6000237B60504B15
:1009300039687A6819605A604D4B1A685B682E21D5
:100940004919CC19C0217918096801200EF000FA64
:100950000300237000E0C0460EF06CFA2E23A022A4
:100960009B18DB191B78002B06D0424A1623137004
:1009700002E0404A152313703F4B1B78602B05D0D3
:100980003D4B1B78202B01D001F0F0F9394B1B783F
:100990003A4A13702D23A0229B18DB191B780122E1
:1009A00021211800FAF788FE01F0E0F91C23A021AC
:1009B0005B18DB191B785A1E29235B18DB19187882
:1009C0002A491300DB009B1ADB00CB181B5C294A69
:1009D000137001F0D2F91C24A026A319DB191B788F
:1009E0005A1E2925AB19DB19187820491300DB00A2
:1009F0009B1ADB00CB18185CA319DB191B785A1E55
:100A00003400AB19DB191B78591C1300DB009B1A4F
:100A1000DB005A18154BD1181A231B19DB191B7848
:100A20009BB2013B9AB20A2300930A2308F078FE96
:100A300001F0A3F91C23A0215B18DB191B785A1EB7
:100A400029235B18DB19187808491300DB009B1A6F
:100A5000DB00CB181B5C022B00D1DBE100DD24E2C4
:100A6000002B0DD0012B00D1EDE01EE2141600206A
:100A700058180020D617002070140020A41700205A
:100A80001C25A022AB18DB191B78591E2926B31888
:100A9000DB191B78581CDD4A0B00DB005B1ADB00FE
:100AA000D3181B5C1C00A022AB18DB191B78591E45
:100AB000B318DB191B78981CD44A0B00DB005B1AB7
:100AC000DB00D3181B5C1B02E418A022AB18DB1957
:100AD0001B78591EB318DB191B78D81CCB4A0B00A6
:100AE000DB005B1ADB00D3181B5C1B04E418A0229C
:100AF000AB18DB191B78591EB318DB191B78181DAE
:100B0000C24A0B00DB005B1ADB00D3181B5C1B0620
:100B1000E218BF4B1A60A022AB18DB191B78591ED4
:100B2000B318DB191B78581DB84A0B00DB005B1AA1
:100B3000DB00D3181B5C1C00A022AB18DB191B7850
:100B4000591EB318DB191B78981DB04A0B00DB0047
:100B50005B1ADB00D3181B5C1B02E418A022AB1845
:100B6000DB191B78591EB318DB191B78D81DA74A4F
:100B70000B00DB005B1ADB00D3181B5C1B04E418C2
:100B8000A022AB18DB191B78591EB318DB191B7890
:100B9000083318009D4A0B00DB005B1ADB00D318FA
:100BA0001B5C1B06E2189A4B5A60A022AB18DB199B
:100BB0001B78591EB318DB191B7809331800934AA8
:100BC0000B00DB005B1ADB00D3181B5C1C00A022AF
:100BD000AB18DB191B78591EB318DB191B780A33C5
:100BE00018008A4A0B00DB005B1ADB00D3181B5C81
:100BF0001B02E418A022AB18DB191B78591EB3188E
:100C0000DB191B780B331800804A0B00DB005B1AE2
:100C1000DB00D3181B5C1B04E418A022AB18DB1903
:100C20001B78591EB318DB191B780C331800774A50
:100C30000B00DB005B1ADB00D3181B5C1B06E21801
:100C4000734B9A6031E11C25A022AB18DB191B788D
:100C5000591E2926B318DB191B78581C6B4A0B0048
:100C6000DB005B1ADB00D3181B5C1C00A022AB1856
:100C7000DB191B78591EB318DB191B78981C634AC3
:100C80000B00DB005B1ADB00D3181B5C1B02E418B3
:100C9000A022AB18DB191B78591EB318DB191B787F
:100CA000D81C5A4A0B00DB005B1ADB00D3181B5C14
:100CB0001B04E418A022AB18DB191B78591EB318CB
:100CC000DB191B78181D514A0B00DB005B1ADB0097
:100CD000D3181B5C1B06E2184D4BDA60A022AB1840
:100CE000DB191B78591EB318DB191B78581D474AAE
:100CF0000B00DB005B1ADB00D3181B5C1C00A0227E
:100D0000AB18DB191B78591EB318DB191B78981D1B
:100D10003E4A0B00DB005B1ADB00D3181B5C1B0296
:100D2000E418A022AB18DB191B78591EB318DB1985
:100D30001B78D81D354A0B00DB005B1ADB00D3188B
:100D40001B5C1B04E418A022AB18DB191B78591E8E
:100D5000B318DB191B78083318002C4A0B00DB0092
:100D60005B1ADB00D3181B5C1B06E218284B1A61C8
:100D7000A022AB18DB191B78591EB318DB191B789E
:100D800009331800214A0B00DB005B1ADB00D31883
:100D90001B5C1C00A022AB18DB191B78591EB31872
:100DA000DB191B780A331800184A0B00DB005B1AAA
:100DB000DB00D3181B5C1B02E418A022AB18DB1964
:100DC0001B78591EB318DB191B780B3318000F4A18
:100DD0000B00DB005B1ADB00D3181B5C1B04E41860
:100DE000A022AB18DB191B78591EB318DB191B782E
:100DF0000C331800054A0B00DB005B1ADB00D3182C
:100E00001B5C1B06E218024B5A614EE014160020D0
:100E1000B42300201C25A022AB18DB191B78591E17
:100E20002926B318DB191B78581CED4A0B00DB0090
:100E30005B1ADB00D3181B5C1C00A022AB18DB196B
:100E40001B78591EB318DB191B78981CE44A0B0059
:100E5000DB005B1ADB00D3181B5C1B02E418A0222A
:100E6000AB18DB191B78591EB318DB191B78D81C7B
:100E7000DB4A0B00DB005B1ADB00D3181B5C1B0496
:100E8000E418A022AB18DB191B78591EB318DB1924
:100E90001B78181DD24A0B00DB005B1ADB00D3184D
:100EA0001B5C1B06E218CF4B9A611C24A026A319D9
:100EB000DB191B785A1E2925AB19DB191878C8498C
:100EC0001300DB009B1ADB00CB181B5CC64A1380A7
:100ED000A319DB191B78591EAB19DB191B78581C99
:100EE000BF4A0B00DB005B1ADB00D3181B5CBF4A58
:100EF0001380BE4B1B88002B10D1BB4B1B88DAB272
:100F0000BB4B1900100006F0A3FFB74B1B88D8B2EB
:100F1000B84AB74B190006F0F3FF13E0B34B1B8838
:100F2000012B0FD1B04B1B88DAB2B34B1900100064
:100F300006F08EFFAC4B1B88D8B2AE4AAE4B190000
:100F400006F0DEFFAD4AAE4B1100180007F05EF868
:100F50001C25A026AB19DB191B785A1E2924A319BE
:100F6000DB1918789E491300DB009B1ADB00CB18B5
:100F70001B5C9D4A13809C4B1B88DAB2A14B190065
:100F8000100007F03BF93200AB18DB191B78591E33
:100F90002600B318DB191B78581D914A0B00DB00A3
:100FA0005B1ADB00D3181B5C1C00A022AB18DB19FA
:100FB0001B78591EB318DB191B78981D884A0B0043
:100FC000DB005B1ADB00D3181B5C1B02E418A022B9
:100FD000AB18DB191B78591EB318DB191B78D81D09
:100FE0007F4A0B00DB005B1ADB00D3181B5C1B0481
:100FF000E418A022AB18DB191B78591EB318DB19B3
:101000001B7808331800764A0B00DB005B1ADB0004
:10101000D3181B5C1B06E218724BDA61A022AB18D6
:10102000DB191B78591EB318DB191B78093318001C
:101030006B4A0B00DB005B1ADB00D3181B5C1C0047
:10104000A022AB18DB191B78591EB318DB191B78CB
:101050000A331800624A0B00DB005B1ADB00D3186E
:101060001B5C1B02E418A022AB18DB191B78591E6D
:10107000B318DB191B780B331800594A0B00DB003F
:101080005B1ADB00D3181B5C1B04E418A022AB180E
:10109000DB191B78591EB318DB191B780C331800A9
:1010A0004F4A0B00DB005B1ADB00D3181B5C1B06EE
:1010B000E2184C4B1A6200F060FE534A0123137091
:1010C00000F05BFE514A0123137000F056FE504AB7
:1010D000012313701C23A0215B18DB191B785A1EF7
:1010E00029235B18DB1918783D491300DB009B1A94
:1010F000DB00CB181B5C082B01D900F08EFD9A0099
:10110000444BD3181B689F461C23A0241B19DB19D2
:101110001B78591E29231B19DB191B78581C304AD0
:101120000B00DB005B1ADB00D3181B5C002B09D122
:101130002F231B19DA1900231370374A1023137059
:1011400000F06CFD2F23A0229B18DA19FF231370E7
:1011500000F064FD1C24A026A319DB191B78591E7E
:101160002925AB19DB191B78581C1D4A0B00DB0025
:101170005B1ADB00D3181B5C002B29D12F239B1992
:10118000DA1900231370A319DB191B78591EAB1948
:10119000DB191B78981C124A0B00DB005B1ADB0082
:1011A000D3181B5C1D4A1370A319DB191B78591E39
:1011B000AB19DB191B78D81C094A0B00DB005B1A42
:1011C000DB00D3181B5C1A00154B1A6000F026FDDB
:1011D0002F23A0229B18DA19FF23137000F01EFDA5
:1011E00014160020B42300204023002042230020B6
:1011F0008CDC02085023002090DC020844230020ED
:10120000482300204C230020951400209614002031
:10121000842200207CDE0208D617002085220020D0
:10122000882200201C24A026A319DB191B78591E34
:101230002925AB19DB191B78581CD04A0B00DB00A1
:101240005B1ADB00D3181B5C002B4DD12F239B199D
:10125000DA1900231370A319DB191B78591EAB1977
:10126000DB191B78981CC54A0B00DB005B1ADB00FE
:10127000D3181B5CC24A1370A319DB191B78591EC3
:10128000AB19DB191B78D81CBC4A0B00DB005B1ABE
:10129000DB00D3181B5C1A00BA4B1A60A319DB19C8
:1012A0001B78591EAB19DB191B78181DB34A0B00AC
:1012B000DB005B1ADB00D3181B5C1A00B14B5A60D1
:1012C000A319DB191B78591EAB19DB191B78581DA4
:1012D000AA4A0B00DB005B1ADB00D3181B5C1A0068
:1012E000A84B9A6000F09AFC2F23A0229B18DA19D1
:1012F000FF23137000F092FC1C24A026A319DB1915
:101300001B78591E2925AB19DB191B78581C9B4AE1
:101310000B00DB005B1ADB00D3181B5C002B29D110
:101320002F239B19DA1900231370A319DB191B78DB
:10133000591EAB19DB191B78981C904A0B00DB0077
:101340005B1ADB00D3181B5C8D4A1370A319DB19E1
:101350001B78591EAB19DB191B78D81C874A0B0068
:10136000DB005B1ADB00D3181B5C1A00854B1A608C
:1013700000F054FC2F23A0229B18DA19FF231370CE
:1013800000F04CFC1C25A0242B19DB191B78591EDE
:1013900029263319DB191B78581C784A0B00DB000F
:1013A0005B1ADB00D3181B5C002B00D085E02F23D9
:1013B0001B19DA19002313702B19DB191B78591E1E
:1013C0003319DB191B78981C6C4A0B00DB005B1A85
:1013D000DB00D3181B5C6A4A13702B19DB191B78CE
:1013E000591E3319DB191B78D81C644A0B00DB002B
:1013F0005B1ADB00D3181B5C1C00A022AB18DB19A6
:101400001B78591EB318DB191B78181D5B4A0B009B
:10141000DB005B1ADB00D3181B5C1B02E218594B84
:101420001A60A022AB18DB191B78591EB318DB1900
:101430001B78581D514A0B00DB005B1ADB00D318E8
:101440001B5C1C00A022AB18DB191B78591EB318BB
:10145000DB191B78981D494A0B00DB005B1ADB0087
:10146000D3181B5C1B02E218464B5A60A022AB1833
:10147000DB191B78591EB318DB191B78D81D3F4A9E
:101480000B00DB005B1ADB00D3181B5C1C00A022E6
:10149000AB18DB191B78591EB318DB191B780833FE
:1014A0001800364A0B00DB005B1ADB00D3181B5C0C
:1014B0001B02E218334B9A60B0E32F23A0229B1843
:1014C000DA19FF231370A9E31C24A026A319DB1942
:1014D0001B78591E2925AB19DB191B78581C274A84
:1014E0000B00DB005B1ADB00D3181B5C002B3ED12A
:1014F0002F239B19DA19002313703200A319DB196B
:101500001B78591E2E00B318DB191B78981C1B4A38
:101510000B00DB005B1ADB00D3181B5C184A13704E
:101520002500A022A318DB191B78591EB318DB195C
:101530001B78D81C114A0B00DB005B1ADB00D318A8
:101540001B5C1C00A022AB18DB191B78591EB318BA
:10155000DB191B78181D094A0B00DB005B1ADB0046
:10156000D3181B5C1B02E218064B1A6056E32F23AC
:10157000A0229B18DA19FF2313704FE314160020E2
:1015800085220020882200201C25A0242B19DB198D
:101590001B78591E29263319DB191B78581CE94A78
:1015A0000B00DB005B1ADB00D3181B5C002B5ED149
:1015B0002F231B19DA19002313702B19DB191B7841
:1015C000591E3319DB191B78981CDE4A0B00DB000F
:1015D0005B1ADB00D3181B5CDB4A13702B19DB1979
:1015E0001B78591E3319DB191B78D81CD54A0B0000
:1015F000DB005B1ADB00D3181B5C1C00A022AB18BD
:10160000DB191B78591EB318DB191B78181DCD4A3E
:101610000B00DB005B1ADB00D3181B5C1B02E41819
:10162000A022AB18DB191B78591EB318DB191B78E5
:10163000581DC44A0B00DB005B1ADB00D3181B5C8F
:101640001B04E418A022AB18DB191B78591EB31831
:10165000DB191B78981DBB4A0B00DB005B1ADB0013
:10166000D3181B5C1B06E218B84B1A60D6E22F2376
:10167000A0229B18DA19FF231370CFE21C25A024A7
:101680002B19DB191B78591E29263319DB191B78F6
:10169000581CAC4A0B00DB005B1ADB00D3181B5C48
:1016A000002B00D047E12F231B19DA1900231370F8
:1016B0002B19DB191B78591E3319DB191B78981C61
:1016C000A04A0B00DB005B1ADB00D3181B5C9E4AB0
:1016D00013702B19DB191B78591E3319DB191B7872
:1016E000D81C984A0B00DB005B1ADB00D3181B5C8C
:1016F0001C00A022AB18DB191B78591EB318DB198C
:101700001B78181D8F4A0B00DB005B1ADB00D31817
:101710001B5C1B02E418A022AB18DB191B78591EB6
:10172000B318DB191B78581D864A0B00DB005B1AC7
:10173000DB00D3181B5C1B04E418A022AB18DB19D8
:101740001B78591EB318DB191B78981D7D4A0B00B6
:10175000DB005B1ADB00D3181B5C1B06E2187B4B1B
:101760001A60A022AB18DB191B78591EB318DB19BD
:101770001B78D81D734A0B00DB005B1ADB00D31803
:101780001B5C1C00A022AB18DB191B78591EB31878
:10179000DB191B78083318006A4A0B00DB005B1A60
:1017A000DB00D3181B5C1B021C43A022AB18DB1907
:1017B0001B78591EB318DB191B7809331800614ACE
:1017C0000B00DB005B1ADB00D3181B5C1B041C4303
:1017D000A022AB18DB191B78591EB318DB191B7834
:1017E0000A331800574A0B00DB005B1ADB00D318E2
:1017F0001B5C1B0622001A43544B5A60A022AB18F4
:10180000DB191B78591EB318DB191B780B33180032
:101810004C4A0B00DB005B1ADB00D3181B5C1C007E
:10182000A022AB18DB191B78591EB318DB191B78E3
:101830000C331800434A0B00DB005B1ADB00D318A3
:101840001B5C1B021C43A022AB18DB191B78591E22
:10185000B318DB191B780D3318003A4A0B00DB0074
:101860005B1ADB00D3181B5C1B041C43A022AB18C3
:10187000DB191B78591EB318DB191B780E331800BF
:10188000304A0B00DB005B1ADB00D3181B5C1B0625
:1018900022001A432D4B9A60A022AB18DB191B784B
:1018A000591EB318DB191B780F331800254A0B009B
:1018B000DB005B1ADB00D3181B5C1C00A022AB18FA
:1018C000DB191B78591EB318DB191B78103318006D
:1018D0001C4A0B00DB005B1ADB00D3181B5C1B02ED
:1018E0001C43A022AB18DB191B78591EB318DB1957
:1018F0001B7811331800134A0B00DB005B1ADB0066
:10190000D3181B5C1B041C43A022AB18DB191B78EB
:10191000591EB318DB191B7812331800094A0B0043
:10192000DB005B1ADB00D3181B5C1B0622001A438A
:10193000064BDA6072E12F23A0229B18DA19FF23ED
:1019400013706BE1141600208522002088220020ED
:101950001C25A0242B19DB191B78591E29263319A5
:10196000DB191B78581CF64A0B00DB005B1ADB0006
:10197000D3181B5C002B00D048E12F231B19DA1968
:10198000002313702B19DB191B78591E3319DB192F
:101990001B78981CEA4A0B00DB005B1ADB00D318AB
:1019A0001B5CE84A13702B19DB191B78591E33197D
:1019B000DB191B78D81CE24A0B00DB005B1ADB004A
:1019C000D3181B5C1C00A022AB18DB191B78591E16
:1019D000B318DB191B78181DD94A0B00DB005B1A02
:1019E000DB00D3181B5C1B021C43A022AB18DB19C5
:1019F0001B78591EB318DB191B78581DD04A0B00F1
:101A0000DB005B1ADB00D3181B5C1B041C43A02209
:101A1000AB18DB191B78591EB318DB191B78981DFE
:101A2000C74A0B00DB005B1ADB00D3181B5C1B06EC
:101A300022001A43C44B1A60A022AB18DB191B7892
:101A4000591EB318DB191B78D81DBD4A0B00DB00EB
:101A50005B1ADB00D3181B5C1C00A022AB18DB193F
:101A60001B78591EB318DB191B7808331800B44AC9
:101A70000B00DB005B1ADB00D3181B5C1B021C4352
:101A8000A022AB18DB191B78591EB318DB191B7881
:101A900009331800AA4A0B00DB005B1ADB00D318DD
:101AA0001B5C1B041C43A022AB18DB191B78591EBE
:101AB000B318DB191B780A331800A14A0B00DB00AE
:101AC0005B1ADB00D3181B5C1B0622001A439E4BDB
:101AD0005A60A022AB18DB191B78591EB318DB190A
:101AE0001B780B331800964A0B00DB005B1ADB00F7
:101AF000D3181B5C1C00A022AB18DB191B78591EE5
:101B0000B318DB191B780C3318008D4A0B00DB006F
:101B10005B1ADB00D3181B5C1B021C43A022AB1812
:101B2000DB191B78591EB318DB191B780D3318000D
:101B3000834A0B00DB005B1ADB00D3181B5C1B0421
:101B40001C43A022AB18DB191B78591EB318DB19F4
:101B50001B780E3318007A4A0B00DB005B1ADB009F
:101B6000D3181B5C1B0622001A43774B9A60A022F5
:101B7000AB18DB191B78591EB318DB191B780F3310
:101B800018006F4A0B00DB005B1ADB00D3181B5CEC
:101B90001C00A022AB18DB191B78591EB318DB19E7
:101BA0001B7810331800664A0B00DB005B1ADB0061
:101BB000D3181B5C1B021C43A022AB18DB191B783B
:101BC000591EB318DB191B78113318005C4A0B003F
:101BD000DB005B1ADB00D3181B5C1B041C43A02238
:101BE000AB18DB191B78591EB318DB191B7812339D
:101BF0001800534A0B00DB005B1ADB00D3181B5C98
:101C00001B0622001A43504BDA6007E02F23A02264
:101C10009B18DA19FF23137000E0C046ADE01C23C7
:101C2000A0241B19DB191B785A1E29231B19DB1949
:101C3000187843491300DB009B1ADB00CB181B5CB0
:101C4000424A1370414B1B781800F4F7B7F90300B0
:101C50001A002F210B19DB191B78934200D187E062
:101C60000B19DA19FF23137082E01C23A0241B191F
:101C7000DB191B785A1E29231B19DB1918783049E8
:101C80001300DB009B1ADB00CB181B5C304A13707F
:101C90002F4B1B781800F4F7EDF903001A002F21E1
:101CA0000B19DB191B78934264D00B19DA19FF2347
:101CB00013705FE02F26A0203318DD191B231B189B
:101CC000DB191C782D221318DB191B789C461C216C
:101CD00002000B18DB19197826208318DB191888E5
:101CE00029239B18DB191B7800932300624600F020
:101CF0009DF803002B70A022B318DB191B78012B71
:101D00003AD1B318DD191B2316009B19DB191C7877
:101D10002D229319DB191A781C218B19DB191978DC
:101D200026208319DB19188829239B19DB191B78B6
:101D30000093230000F0BAFC03002B701CE0C046A7
:101D4000141600208522002088220020682300200D
:101D500069230020C04610E0C0460EE0C0460CE0FB
:101D6000C0460AE0C04608E0C04606E0C04604E0BF
:101D7000C04602E0C04600E0C0462F24A0256319FB
:101D8000DB191B78012B0CD12D235B19DB191B7878
:101D9000002200211800F9F78FFC6319DA190023DB
:101DA00013701C21A0254B19DB191B78013B1A006D
:101DB000D200D21AD3001A00194BD0180C004B19BC
:101DC000DB191B785A1E174B9B5C1A00002114F07C
:101DD0004AFB6319DB191B78591E124A002353541E
:101DE0006319DB191A78104B9B5C022B13D0631913
:101DF000DB191A780C4B9B5C032B0CD06319DB1995
:101E00001A78094B9B5C042B05D06319DB191978F0
:101E1000054A0023535408F0CBFAFAF702FEC046F5
:101E2000141600209C17002098140020B0B584B030
:101E300000AF05000C0010001900BB1D2A1C1A8001
:101E40007B1D221C1A703B1D021C1A70FB1C0A1CF5
:101E50001A700F217B1801221A707B181B7818004A
:101E6000BD4604B0B0BD0000B0B5A6B000AF5C2464
:101E70003B1918003C231A00002114F0F4FA4C25F9
:101E80007B19180010231A00002114F0ECFA3B0013
:101E900018004C231A00002114F0E5FA80239B005F
:101EA00018000EF0B5FA3B1909221A603B1980227E
:101EB00052025A6021007B1801229A617B1802228B
:101EC0001A627B1803225A627B1800229A627B18DE
:101ED0000C22DA627B18802292021A637B1880221D
:101EE00092045A637B18802292059A637B1818002B
:101EF0000EF0DAFA29007B1807221A607B180222FA
:101F00005A607B1800229A607B180022DA607B18E6
:101F1000022118000EF028FE3B00114A1A603B0017
:101F200000229A603B00802292001A643B00180055
:101F30000EF0C4FF3B0040221A603B000022DA6131
:101F40003B0018000EF0BAFF01235B420022002183
:101F500018000CF0DBF9C046BD4626B0B0BDC04647
:101F600002000200F0B589B004AF05000C001000BB
:101F70001900FB1D2A1C1A70BB1D221C1A707B1D28
:101F8000021C1A703B1D0A1C1A700F257B190022B7
:101F90001A700E26BB1900221A704A4B1A787C1947
:101FA000BB1D1B7819001000F2F794FD030023708D
:101FB0003B1D1B78002B0ED0424B1B78BA1D1278AC
:101FC0009A4208D17B193A1D12781A70BB193D4A02
:101FD00012781A701BE03B1D1B78002B17D1BB1D1C
:101FE0001B78013B384AD35C012B05D10E23FB182B
:101FF000344A12781A700AE0BB1D1B78013B324A42
:10200000D35C5A1E0E23FB1830498A5C1A702D4B84
:102010001B78FA1D12789A422FD107F039FF03007E
:10202000BB603B1D1B78002B08D1294B1968BB1DD9
:102030001A78BB68180014F097F908E0254B196866
:10204000BB1D1A783B1D1B78B86814F08DF9224B24
:102050001A68BB681100180014F00DFABB6818006C
:10206000EEF75CF803009AB2B9687B1D187832234A
:1020700007F0ACFB64200BF005F97B1D1B78180002
:1020800000F02CF80F257B191B78180000F026F8BB
:102090000C4B19780B4B1C787B191A787B1D187820
:1020A0000023039301235B42029301235B420193CC
:1020B000022300932300F9F7A1FEC046BD4605B0F8
:1020C000F0BDC046110100206C15002098220020B0
:1020D00004010020080100200C01002080B584B01C
:1020E00000AF0200FB1D1A70FB1D1B78180007F0E3
:1020F000C9FB0300FB60FB68E12212025A60FB6827
:102100008022D2001A61FB68802252019A60FB682B
:1021100018000FF00DFEFB681B681A68FB681B684F
:1021200020210A431A60C046BD4604B080BD0000AD
:1021300080B584B002AF06F0B9FE06F0F5FE06F0F9
:1021400031FF06F06DFF06F097FF06F0C5FF04F0C3
:1021500023F904F0AFFA00F07FFF01237B6061E018
:102160007B68DBB2180007F08DFB0200384B9A4207
:1021700006D17B685A1E374B92003749D1504EE04A
:102180007B68DBB2180007F07DFB0200334B9A42FC
:1021900006D17B685A1E2F4B92003149D1503EE048
:1021A0007B68DBB2180007F06DFB02002D4B9A42F2
:1021B00006D17B685A1E274B92002B49D1502EE046
:1021C0007B68DBB2180007F05DFB0200274B9A42E8
:1021D00006D17B685A1E1F4B92002549D1501EE044
:1021E0007B68DBB2180007F04DFB0200214B9A42DE
:1021F00006D17B685A1E174B92001F49D1500EE042
:102200007B68DBB2180007F03DFB02001B4B9A42D3
:1022100005D17B685A1E0F4B92001949D1507B683B
:1022200001337B607B68062B9ADD07F07EFF02009E
:10223000144B1A60144A15491548164B0193032391
:102240000093002309F005F8C046BD4602B080BDEA
:1022500080250020541400200C0002401426002089
:1022600020000240A8260020340002403C27002025
:1022700048000240D02700205C0002406428002073
:1022800070000240F8280020C4090000A0DF020806
:10229000212F010850290020F0B58DB000AF1C237C
:1022A00008215B18DB1900221A701B267318DB1932
:1022B00000221A7026235B18DB1908221A801823C3
:1022C0005B18DB1900221A807B1800221A60043385
:1022D00011220021180014F0C6F80CF087FDC44B41
:1022E000190004200CF0B4FE0823F218D619FA23C2
:1022F0009B0018000CF0BAFD03003370BD4B1900B1
:1023000004200CF0A5FE1B260823F218D619FA2388
:102310009B0018000CF0AAFD030033701B26082355
:10232000F318DB191B78002B03D0B34B5B68DBB2CF
:10233000B2E1B24B5A69B14B02218A435A61B04BA8
:102340001B78002B00D1B5E0AE4B1B781B029AB274
:10235000AB4B1B781900182008268319DB1952187B
:102360001A808319DB191B889BB23B6000237B60BA
:102370009F493A687B6801200CF0EAFC1B239B19FB
:10238000DE19FA239B0018000CF070FD0300337077
:102390001B2308269B19DB191B78002B03D0964BB7
:1023A0005B68DBB278E1954B5A69944B01218A4313
:1023B0005A61252308229B18DB1901221A7070E04C
:1023C000242308229B18DB1900221A705AE02520CA
:1023D00008268319DB191B785A1E8B491300DB0072
:1023E0009B1A5B005B5A002B43D0262331005B18FD
:1023F000DB191B887E4A9E184318DB191B785A1E6E
:1024000024235B18DB1918787F491300DB009B1A23
:102410001B185B005B5A1C0000231D0022002B00D0
:10242000310001200CF094FC1B2308215B18DE19FD
:10243000FA239B0018000CF019FD030033701B23D6
:1024400008215B18DB191B78002B03D06A4B5B68F3
:10245000DBB221E1694B5A69684B01218A435A6119
:10246000262208215318DB195218D2191288083273
:102470001A80242108200B18DB191A780B18DB1995
:1024800001321A70242308201B18DB191B780A2B31
:102490009DD925210B18DB191A780B18DB1901328D
:1024A0001A70584B1B78252208215218D21912781D
:1024B0009A4285D94F4BBB621F2308229B18DB1918
:1024C00000221A70D8E01F2008240319DB191A789B
:1024D0004E4913009B009B189B005B5C002B00D1B6
:1024E000C1E03B19FE221A700319DB191A78130098
:1024F0009B009B189B00454A99183B1901331422F5
:10250000180014F0D8F81E231B19DB1900221A70CA
:1025100032E0B96A1E2308269B19DB191B78DB0001
:10252000BA19D3181A685B6801200CF011FC1B253E
:10253000AB19DC19FA239B0018000CF097FC030080
:102540002370AB19DB191B78002B03D02A4B5B6877
:10255000DBB2A1E0294B5A69284B01218A435A6119
:10256000BB6A0833BB621E2108200B18DB191A78DE
:102570000B18DB1901321A701E2308229B18DB1975
:102580001B78042BC5D91D239B18DB1900221A7058
:1025900050E0B86A1F2308241B19DB191A781B495D
:1025A00013009B009B189B00CB180C331B681D224B
:1025B0001219D219127892009B181A685B680100F0
:1025C00001200CF0C5FB1B2526002B19DC19FA2372
:1025D0009B0018000CF04AFC03002370AB19DB19B8
:1025E0001B78002B14D0044B5B68DBB254E0C04670
:1025F0000000040800100408F89B0120002002409D
:102600001101002010010020F8030020C018002054
:10261000234B5A69224B01218A435A61BB6A083312
:10262000BB621D2108200B18DB191A780B18DB1967
:1026300001321A701D2308229B18DB191C781F23F6
:102640009B18DB191A78174913009B009B189B00F5
:10265000CB180C331B681800EDF760FD0300013345
:102660009B089C4295D31F2108200B18DB191A7870
:102670000B18DB1901321A700B4B1B781F22082430
:102680001219D21912789A4200D21CE70CF0D2FB30
:102690001C231B19DB191B781800BD460DB0F0BDBB
:1026A00000200240C018002024190020B0B588B0D6
:1026B00002AF05000C0010001900BB1D2A1C1A8077
:1026C0007B1D221C1A703B1D021C1A70FB1C0A1C6D
:1026D0001A701723FB1800221A70BB1D1B88F53BCC
:1026E000FF3B092B00D9BAE39A00EF4BD3181B68C4
:1026F0009F467B1D1B785A1E28257B191978EB48AD
:102700001300DB009B1ADB00C3185C5C7B1D1B788D
:102710005A1E7B191B78591CE4481300DB009B1AD6
:10272000DB00C3185B5C00221900200001F03EFBB7
:102730009AE37B1D1B785A1E28257B191978DB48E4
:102740001300DB009B1ADB00C3185C5C7B1D1B784D
:102750005A1E7B191B78591CD4481300DB009B1AA6
:10276000DB00C3185B5C02221900200001F01EFB95
:102770007AE37B1D1B785A1E28257B191978CB48D4
:102780001300DB009B1ADB00C3185C5C7B1D1B780D
:102790005A1E7B191B78591CC4481300DB009B1A76
:1027A000DB00C3185B5C03221900200001F0FEFA75
:1027B0005AE37B1D1B785A1E28257B191978BB48C4
:1027C0001300DB009B1ADB00C3185C5C7B1D1B78CD
:1027D0005A1E7B191B78591CB4481300DB009B1A46
:1027E000DB00C3185B5C04221900200001F0DEFA54
:1027F0003AE37B1D1B785A1E28257B191978AB48B4
:102800001300DB009B1ADB00C3185C5C7B1D1B788C
:102810005A1E7B191B78591CA4481300DB009B1A15
:10282000DB00C3185B5C01221900200001F0BEFA36
:102830001AE37B1D1B785A1E28257B191B78991CCF
:102840009A481300DB009B1ADB00C3185B5C1C007A
:102850007B1D1B785A1E7B191B78D91C93481300CB
:10286000DB009B1ADB00C3185B5C1B02E1187B1DBD
:102870001B785A1E7B191B78181D8C4C1300DB002B
:102880009B1ADB00E3181B5C1B04C9187B1D1B781B
:102890005A1E7B191B78581D844C1300DB009B1AB1
:1028A000DB00E3181B5C1B06CB183B617B1D1B7810
:1028B0005A1E7B191B78991D7C481300DB009B1A5C
:1028C000DB00C3185B5C1C007B1D1B785A1E7B1948
:1028D0001B78D91D75481300DB009B1ADB00C31859
:1028E0005B5C1B02E1187B1D1B785A1E7B191B7851
:1028F000083318006D4C1300DB009B1ADB00E31853
:102900001B5C1B04C9187B1D1B785A1E7B191B7886
:1029100009331800654C1300DB009B1ADB00E31839
:102920001B5C1B06CB18FB607B1D1B785A1E7B199A
:1029300019785E481300DB009B1ADB00C3185C5C4F
:102940007B1D1B785A1E7B191B78591C5748130096
:10295000DB009B1ADB00C318595C3A69FB680093E3
:1029600013000022200001F0CDF97DE27B1D1B78D1
:102970005A1E28257B191B78991C4C481300DB0034
:102980009B1ADB00C3185B5C1C007B1D1B785A1E66
:102990007B191B78D91C45481300DB009B1ADB0010
:1029A000C3185B5C1B02E1187B1D1B785A1E7B1948
:1029B0001B78181D3D4C1300DB009B1ADB00E3184D
:1029C0001B5C1B04C9187B1D1B785A1E7B191B78C6
:1029D000581D364C1300DB009B1ADB00E3181B5C10
:1029E0001B06CB183B617B1D1B785A1E7B191B787D
:1029F000991D2E481300DB009B1ADB00C3185B5C9B
:102A00001C007B1D1B785A1E7B191B78D91D27487B
:102A10001300DB009B1ADB00C3185B5C1B02E11890
:102A20007B1D1B785A1E7B191B78083318001F4C1E
:102A30001300DB009B1ADB00E3181B5C1B04C918A6
:102A40007B1D1B785A1E7B191B7809331800174C05
:102A50001300DB009B1ADB00E3181B5C1B06CB1882
:102A6000FB607B1D1B785A1E7B1919780F481300D9
:102A7000DB009B1ADB00C3185C5C7B1D1B785A1EB5
:102A80007B191B78591C09481300DB009B1ADB00DB
:102A9000C318595C3A69FB680093130002222000B6
:102AA00001F030F9E0E1C046ACDF02081416002066
:102AB0007B1D1B785A1E28257B191B78991CEE4814
:102AC0001300DB009B1ADB00C3185B5C1C007B1D42
:102AD0001B785A1E7B191B78D91CE7481300DB00B2
:102AE0009B1ADB00C3185B5C1B02E1187B1D1B7883
:102AF0005A1E7B191B78181DDF4C1300DB009B1A34
:102B0000DB00E3181B5C1B04C9187B1D1B785A1ED5
:102B10007B191B78581DD84C1300DB009B1ADB0077
:102B2000E3181B5C1B06CB183B617B1D1B785A1EF0
:102B30007B191B78991DD0481300DB009B1ADB0022
:102B4000C3185B5C1C007B1D1B785A1E7B191B780D
:102B5000D91DC9481300DB009B1ADB00C3185B5C5E
:102B60001B02E1187B1D1B785A1E7B191B7808334A
:102B70001800C14C1300DB009B1ADB00E3181B5C40
:102B80001B04C9187B1D1B785A1E7B191B7809333F
:102B90001800B94C1300DB009B1ADB00E3181B5C28
:102BA0001B06CB18FB607B1D1B785A1E7B191978FE
:102BB000B1481300DB009B1ADB00C3185C5C7B1D73
:102BC0001B785A1E7B191B78591CAB481300DB007D
:102BD0009B1ADB00C318595C3A69FB680093130029
:102BE0000322200001F08EF83EE17B1D1B785A1E67
:102BF00028257B191B78991C9F481300DB009B1A22
:102C0000DB00C3185B5C1C007B1D1B785A1E7B1904
:102C10001B78D91C98481300DB009B1ADB00C318F3
:102C20005B5C1B02E1187B1D1B785A1E7B191B780D
:102C3000181D914C1300DB009B1ADB00E3181B5C92
:102C40001B04C9187B1D1B785A1E7B191B78581D45
:102C5000894C1300DB009B1ADB00E3181B5C1B068E
:102C6000CB183B617B1D1B785A1E7B191B78991D65
:102C700081481300DB009B1ADB00C3185B5C1C005F
:102C80007B1D1B785A1E7B191B78D91D7A481300AF
:102C9000DB009B1ADB00C3185B5C1B02E1187B1D89
:102CA0001B785A1E7B191B7808331800724C1300CE
:102CB000DB009B1ADB00E3181B5C1B04C9187B1D9F
:102CC0001B785A1E7B191B78093318006A4C1300B5
:102CD000DB009B1ADB00E3181B5C1B06CB18FB60B8
:102CE0007B1D1B785A1E7B19197863481300DB0083
:102CF0009B1ADB00C3185C5C7B1D1B785A1E7B197A
:102D00001B78591C5C481300DB009B1ADB00C318BE
:102D1000595C3A69FB68009313000422200000F01C
:102D2000F1FFA1E07B1D1B785A1E28257B191B781B
:102D3000991C51481300DB009B1ADB00C3185B5C35
:102D40001C007B1D1B785A1E7B191B78D91C4A4816
:102D50001300DB009B1ADB00C3185B5C1B02E1184D
:102D60007B1D1B785A1E7B191B78181D424C1300C3
:102D7000DB009B1ADB00E3181B5C1B04C9187B1DDE
:102D80001B785A1E7B191B78581D3B4C1300DB0027
:102D90009B1ADB00E3181B5C1B06CB183B617B1DF9
:102DA0001B785A1E7B191B78991D33481300DB00D2
:102DB0009B1ADB00C3185B5C1C007B1D1B785A1E32
:102DC0007B191B78D91D2C481300DB009B1ADB00F4
:102DD000C3185B5C1B02E1187B1D1B785A1E7B1914
:102DE0001B7808331800244C1300DB009B1ADB000F
:102DF000E3181B5C1B04C9187B1D1B785A1E7B192A
:102E00001B78093318001C4C1300DB009B1ADB00F5
:102E1000E3181B5C1B06CB18FB607B1D1B785A1E3E
:102E20007B19197814481300DB009B1ADB00C318C8
:102E30005C5C7B1D1B785A1E7B191B78591C0E4845
:102E40001300DB009B1ADB00C318595C3A69FB686E
:102E5000009313000122200000F054FF04E0172328
:102E6000FB1801221A70C0461723FB181B781800A4
:102E7000BD4606B0B0BDC0461416002080B500AFF8
:102E8000054B180006F04EFF044B180006F04AFFF1
:102E9000C046BD4680BDC04600DF020890DF020884
:102EA00080B582B000AF78607B681B68164A934299
:102EB00001D1012323E07B681B68144A934201D1AE
:102EC00002231CE07B681B68114A934201D1032353
:102ED00015E07B681B680F4A934201D104230EE082
:102EE0007B681B680C4A934201D1052307E07B688D
:102EF0001B680A4A934201D1062300E00023180010
:102F0000BD4602B080BDC046004C004000440040B9
:102F1000004800400038014000500040003C0140A3
:102F200090B585B002AF7860194B1B78032B1DD08C
:102F300027DC012B10D0022B23D1164B1878164B0F
:102F40001978164B1A78164B1C68164B1B680093A1
:102F5000230000F0D7FE18E0134B1878134B1978B4
:102F6000134B1B781A0000F021FF0EE0114B18687C
:102F7000114B1968114B1A78114B1B7800F000FCAB
:102F800003E00A2006F00CFEC04607F011FACBE77A
:102F90007C29002063290020622900206729002065
:102FA000682900206C290020652900206429002060
:102FB000662900207429002078290020702900202B
:102FC00072290020F0B587B002AF0200FB1D1A7015
:102FD000BB1D0A1C1A700F257B1900221A70FB1DDD
:102FE0001B78802252421343DAB2194B1A70184BE5
:102FF000BA1D12785A70722319000E26BC19144A91
:10300000144801235B42009302230CF025FC0300CB
:103010002370BB191B78022B08D011DC002B0AD0BF
:10302000012B0DD17B1919221A700AE00F23FB180E
:1030300007221A7005E00F23FB1800221A7000E027
:10304000C0460F23FB181B781800BD4605B0F0BD25
:10305000602900209431002080B582B000AFFB1DB4
:1030600000221A703A4B0F221A703A4B00221A7043
:10307000394B01221A70394B03221A70384B0E2239
:103080001A70384B16221A70374B18221A70374BA9
:103090001A221A70364B1C221A702E4B1B780021F4
:1030A0001800FFF78FFF031E05D0FB1D19221A70B1
:1030B000FB1D1B7847E0284B1B7800211800FFF709
:1030C00081FF031E05D0FB1D19221A70FB1D1B7802
:1030D00039E0224B1B78FF211800FFF773FF031E16
:1030E00005D0FB1D19221A70FB1D1B782BE01C4B11
:1030F0001B7801211800FFF765FF031E05D0FB1D9B
:1031000019221A70FB1D1B781DE0114B1B78202122
:103110001800FFF757FF031E05D0FB1D19221A7078
:10312000FB1D1B780FE00B4B1B780F211800FFF7DE
:1031300049FF031E05D0FB1D19221A70FB1D1B78C9
:1031400001E0FB1D1B781800BD4602B080BDC046E3
:103150007D2900207E2900207F2900208029002051
:103160008129002082290020832900208429002031
:1031700085290020F0B587B002AF02003960FB1D41
:103180001A700F257B1900221A70FB1D1B78602214
:1031900052421343DAB2384B1A7007F019F972230E
:1031A00019000E26BC19344A344801235B420093AF
:1031B00001230CF051FB0300237007F01BF9BB192E
:1031C0001B78022B0AD015DC002B0ED0012B11D15D
:1031D0007B1919221A707B191B7849E00F217B1883
:1031E00007221A707B181B7842E00F23FB1800227D
:1031F0001A7000E0C04607F0EBF8722319000E25A4
:103200007C191F4A1D4801235B42009302230CF0E6
:103210002BFC0300237007F0EDF87B191B78022BC1
:103220000BD016DC002B0FD0012B12D10F217B18F5
:1032300019221A707B181B781AE00F217B180722BD
:103240001A707B181B7813E00F23FB1800221A70EA
:1032500000E0C0460A4B1B781A00094B5B781B0242
:103260009BB2D3189AB23B681A800F23FB181B78C5
:103270001800BD4605B0F0BD602900209431002043
:103280005C29002090B587B000AFF860B9607A6023
:1032900017243B1900221A701A4B1B78FA68110088
:1032A0001800FFF767FF031E05D03B1919221A709B
:1032B0003B191B7822E0144B1B78BA6811001800E8
:1032C000FFF758FF031E06D017217B1819221A702A
:1032D0007B181B7812E00D4B1B787A6811001800E0
:1032E000FFF748FF031E06D017217B1819221A701A
:1032F0007B181B7802E01723FB181B781800BD46CB
:1033000007B090BD82290020832900208429002055
:1033100090B587B000AF78600F23FB1800221A70B9
:103320001623FB1800221A8000233B611AE01621A5
:103330007B181A887B1801321A80864B1B780A2466
:103340003A1911001800FFF715FF21007B181B88A0
:103350001A003B699B183B617B1800221A800120F0
:1033600009F090FF1623FB181A8896235B009A42F7
:10337000DDD33B69962251001800ECF7EBFE030009
:103380009AB20C203B1874498A1A1A8001007B18E3
:103390001A88FF239B009A4208D37B181A88872338
:1033A000DB009A4202D27B6864221A800C217B18CF
:1033B0001B886A4A934211D97B181A88FF239B0005
:1033C0009A420BD27B181B880A211800ECF748FFA1
:1033D0000B009BB25A339AB27B681A800C217B187F
:1033E0001A88FA239B009A4210D37B181B885B4AE9
:1033F00093420BD87B181B880A211800ECF730FF8A
:103400000B009BB250339AB27B681A800C217B1858
:103410001B88534A934211D97B181A88FA239B00C0
:103420009A420BD27B181B880A211800ECF718FF70
:103430000B009BB246339AB27B681A800C217B1832
:103440001B88484A934212D97B181B88444A9342EE
:103450000DD87B181B880A211800ECF701FF0B0020
:103460009BB25B089BB23C339AB27B681A800C21FA
:103470007B181B883C4A934212D97B181B88394A17
:1034800093420DD87B181B880A211800ECF7E8FE40
:103490000B009BB25B089BB232339AB27B681A80F6
:1034A0000C217B181B88314A934216D97B181B8844
:1034B0002D4A934211D87B181B883233642118009F
:1034C000ECF7B8FF0B000A211800ECF7CDFE030063
:1034D0009BB228339AB27B681A800C217B181A8819
:1034E000AF239B009A4213D37B181B881F4A934239
:1034F0000ED87B181B881E4A944663440F2118007F
:10350000ECF7B2FE03009BB21E339AB27B681A80BE
:103510000C217B181A88C8235B009A4208D37B18B9
:103520001A88AF239B009A4202D27B6814221A8029
:103530000C23FB181A88C8235B009A4202D27B68CE
:1035400000221A800F23FB181B781800BD4607B015
:1035500090BDC0468529002036040000F10300001C
:10356000DD030000C9030000B503000051030000A3
:1035700044FDFFFF90B585B000AF78600F243B1984
:1035800000221A700A4B402118000CF071F8030059
:103590005A1E9341DAB27B681A70FA235B00180056
:1035A00009F070FE3B191B781800BD4605B090BDB0
:1035B00000040050B0B586B002AF78600F243B190C
:1035C00000221A70002208257B191A7006F000FFED
:1035D000802319007A19324801235B4200930123AA
:1035E0000CF03AF9031E05D03B1919221A703B1949
:1035F0001B7850E006F0FEFE142009F043FE06F0B2
:10360000E7FE802319000823FA18254801235B42AE
:10361000009302230CF028FA031E06D00F217B181A
:1036200019221A707B181B7835E006F0E3FE08219A
:103630007B181B781B021AB27B185B781BB21343F2
:103640001AB20C217B181A807B181B881800EDF722
:1036500001FE031C8F21C905181CEDF713F9031C8B
:10366000181CEFF7F5FC00220E4BEEF7DDFD020013
:103670000B001000190000220B4BEFF79DF8020021
:103680000B0010001900EFF72BFD021C7B681A607D
:103690000F23FB181B781800BD4604B0B0BDC04610
:1036A0009431002000A0644000004440B0B586B0D2
:1036B00002AF78600F243B1900221A7001220825FE
:1036C0007B191A7006F084FE802319007A192A48A3
:1036D00001235B42009301230CF0BEF8031E05D0CA
:1036E0003B1919221A703B191B7840E006F082FE44
:1036F000142009F0C7FD06F06BFE80231900082393
:10370000FA181D4801235B42009302230CF0ACF928
:10371000031E06D00F217B1819221A707B181B7804
:1037200025E006F067FE08217B181B781B021AB201
:103730007B185B781BB213431AB20C217B181A80DA
:103740007B181B881800EDF785FD031C0B49181C1E
:10375000EDF77EFA031C8F21C905181CEDF792F8CE
:10376000031C1A1C7B681A600F23FB181B781800B7
:10377000BD4604B0B0BDC046943100200000C84230
:10378000F0B5AFB002AFF860B9601900FB1D1A7058
:10379000BB1D0A1C1A70AF23FB1800221A700023ED
:1037A000A422BA181360F968B868ECF7D3FC0300D8
:1037B000A0243A1913603B191968B868ECF7CAFCE1
:1037C0000300A822BA1813603B191B68632B01D8A9
:1037D0000B2388E2BB1D1B78042B00D97BE29A00E7
:1037E000BD4BD3181B689F46A0217B181A68BB6885
:1037F0009A4202D97B181B68BB603223FB18002257
:103800001A803023FB1800221A802E23FB18002276
:103810001A80B24B00221A703AE006F039FB03001E
:10382000A422BA1813602E257A193026B919322429
:103830003B191800FFF726FD3B191B881C00BB191C
:103840001B8819007B191B88A54A34257819019318
:1038500000912300322112F053FD7B191800ECF780
:103860005DFC03009AB2FA235C007919FB1D1878FD
:1038700001235B420093230005F052FFFA68A02366
:10388000FB181B681100180000F0BAFC031E0BD1D6
:10389000A8217B181B685A1E79180A60002BBCDC13
:1038A000BB680133B9D01BE2C04619E2A0217B18E6
:1038B0001A68BB689A4202D97B181B68BB60874BA9
:1038C00000221A702DE006F0E3FA0300A422BA18D1
:1038D00013602D243B191800FFF74CFE3B191B7891
:1038E000804A34257819322112F00AFD7B1918001C
:1038F000ECF714FC03009AB2FA235C007919FB1D63
:10390000187801235B420093230005F009FFFA6851
:10391000A023FB181B681100180000F071FC031EA7
:103920000BD1A8217B181B685A1E79180A60002B3E
:10393000C9DCBB680133C6D0D2E1C046D0E1A021CA
:103940007B181A68BB689A4202D97B181B68BB6057
:103950000023BB622023FB1800221A6000221A7188
:103960000123FB615D4B00221A7096E006F090FA8D
:103970000300A422BA1813602823FB181800FFF7CD
:1039800095FEBA6A584B1A60574B1B68181CECF727
:1039900027FE0300FB61544B1B685449181CEDF7CC
:1039A00057F9031C1C1CFA6913009B009B185B0051
:1039B0001800EDF74FFC031C191C201CEDF786FACC
:1039C000031C181CECF70CFE0300DAB29E23FB1854
:1039D0001A80FB690A211800ECF742FC0B00DAB2EE
:1039E0009C23FB181A80FB690A211800ECF7B2FB34
:1039F00003000A211800ECF733FC0B00DAB29A211D
:103A00007B181A807B181B88002B04D12023FB18FD
:103A100020221A7008E09A23FB181B88DBB230338F
:103A2000DAB22023FB181A709C23FB181B88DBB228
:103A30003033DAB220217B185A707B182E229A700C
:103A40009E23FB181B88DBB23033DAB27B18DA70A6
:103A50007B1800221A717B18254A342578193221E7
:103A600012F04EFC7B191800ECF758FB03009AB2D9
:103A7000FA235C007919FB1D187801235B4200933F
:103A8000230005F04DFEFA68A023FB181B68110007
:103A9000180000F0B5FB031E0DD1A8217B181B6890
:103AA0005A1E79180A60002B00DD5FE7BB680133FE
:103AB00000D15BE714E1C04612E1A0217B181A682F
:103AC000BB689A4202D97B181B68BB60034B00227B
:103AD0001A700023BB61A1E03CE0020854290020D9
:103AE000D4DF0208F4DF0208140D0020000020419A
:103AF00000E0020806F0CCF90300A422BA18136013
:103B00001823FB181800FFF755FD794B1B68181C8C
:103B1000ECF766FD0300FB61754B1B687549181CCB
:103B2000EDF796F8031C1C1CFA6913009B009B1808
:103B30005B001800EDF78EFB031C191C201CEDF731
:103B4000C5F9031C181CECF74BFD0300DAB29E23E9
:103B5000FB181A80FB690A211800ECF781FB0B00A7
:103B6000DAB29C23FB181A80FB690A211800ECF7D3
:103B7000F1FA03000A211800ECF772FB0B00DAB22D
:103B80009A217B181A807B181B88002B04D12023D4
:103B9000FB1820221A7008E09A23FB181B88DBB25E
:103BA0003033DAB22023FB181A709C23FB181B88D1
:103BB000DBB23033DAB220217B185A707B182E2208
:103BC0009A709E23FB181B88DBB23033DAB27B1865
:103BD000DA707B1800221A717B18474A342578194D
:103BE000322112F08DFB7B191800ECF797FA0300D5
:103BF0009AB2FA235C007919FB1D187801235B4205
:103C00000093230005F08CFDFA68A023FB181B68C5
:103C10001100180000F0F4FA031E0DD1A8217B1842
:103C20001B685A1E79180A60002B00DD62E7BB682A
:103C3000013300D15EE753E0C04651E0A0217B187C
:103C40001A68BB689A4202D97B181B68BB602B4B71
:103C500000221A701623FB1800221A802DE006F0AD
:103C600017F90300A422BA18136016243B19180090
:103C7000FFF74EFB3B191B88214A34257819322166
:103C800012F03EFB7B191800ECF748FA03009AB2D9
:103C9000FA235C007919FB1D187801235B4200931D
:103CA000230005F03DFDFA68A023FB181B681100F6
:103CB000180000F0A5FA031E0BD1A8217B181B6881
:103CC0005A1E79180A60002BC9DCBB680133C6D0C4
:103CD00006E0C04604E0AF23FB180B221A70C04672
:103CE000AF23FB181B781800BD462DB0F0BDC046B1
:103CF000040D00200000204114E002085429002097
:103D00002CE0020890B587B000AF04000800110055
:103D10003B60FB1D221C1A70BB1D021C1A707B1D10
:103D20000A1C1A701723FB1800221A7000233B612B
:103D30000023FB603968B86AECF70CFA0300FB60FB
:103D4000BB6A632B02D9FB68632B22D80B2329E0C3
:103D50001723FC187B1D1A78BB1D1978FB1D1B78D7
:103D6000180000F023F803002370FA6813005B01C9
:103D70009B1A9B009B18DB001A00FA239900100085
:103D8000ECF7E8F90300180007F09AFB3B690133F0
:103D90003B613A693B689A42DAD300233B611723BF
:103DA000FB181B781800BD4607B090BDB0B588B0B1
:103DB00000AF040008001100FB1D221C1A70BB1D7F
:103DC000021C1A707B1D0A1C1A701F23FB1800228C
:103DD0001A70BB1D1B78002B07D1E54B1B78FA1D11
:103DE00012789A4201D10B2301E27B1D1B78042B30
:103DF00000D9EEE19A00DF4BD3181B689F461C20C8
:103E00003B1800221A801A217B1800221A801825DC
:103E10007B1900221A801F23FC187A1979183B1885
:103E20001800FFF72FFA03002370D14B1B78FA1DFF
:103E300012789A4203D0FB1D1B78002B2BD11C213A
:103E40007B181B78DAB2CC4B1A707B1801331B78C5
:103E5000DAB2C94B5A701A217B181B78DAB2C64BFA
:103E60009A707B1801331B78DAB2C34BDA701821D1
:103E70007B181B78DAB2C04B1A717B1801331B78A0
:103E8000DAB2BD4B5A71BC49BB1D18780A23062211
:103E900005F09CFCA2E11F23FB181B78002B03D12B
:103EA000B64B00225A7002E0B44BFF225A70B34B5B
:103EB00003221A70B14B03229A701C217B181B78C5
:103EC000DAB2AE4BDA707B1801331B78DAB2AB4B47
:103ED0001A711A217B181B78DAB2A84B5A717B1819
:103EE00001331B78DAB2A54B9A7118217B181B7825
:103EF000DAB2A24BDA717B1801331B78DAB29F4B2E
:103F00001A72FB1D1B7809222E211800F7F7D4FB2B
:103F100064E11F23FC181723FB181800FFF72AFB86
:103F200003002370924B1B78FA1D12789A4203D03B
:103F3000FB1D1B78002B0DD11723FB181B781A00D3
:103F40008D4B1A708C49BB1D18780A23012205F08D
:103F50003DFC43E11F23FB181B78002B03D1874B4B
:103F600000225A7002E0854BFF225A70834B0822D0
:103F70001A70824B01229A701723FB181B781A00C3
:103F80007E4BDA70FB1D1B7807222E211800F7F7F5
:103F900093FB23E11F23FC181423FB181800FFF7E1
:103FA000B7F903002370724B1B78FA1D12789A42FE
:103FB00003D0FB1D1B78002B13D114217B181B7819
:103FC000DAB26D4B1A707B1801331B78DAB26A4B88
:103FD0005A706949BB1D18780A23042205F0F6FBC4
:103FE000FCE01F23FB181B78002B03D1634B00223E
:103FF0005A7002E0614BFF225A70604B03221A7024
:104000005E4B01229A7014217B181B78DAB25B4B4D
:10401000DA707B1801331B78DAB2584B1A71FB1D2A
:104020001B7805222E211800F7F746FBD6E01F2348
:10403000FC181023FB181800FFF7BCFA03002370CC
:104040004B4B1B78FA1D12789A4203D0FB1D1B784C
:10405000002B1FD110217B181B78DAB2464B1A7047
:104060007B1801331B78DAB2434B5A707B1802334A
:104070001B78DAB2404B9A707B1803331B78DAB2A4
:104080003D4BDA703C49BB1D18780A23042205F029
:104090009DFBA3E01F23FB181B78002B03D1374B9C
:1040A00000225A7002E0354BFF225A70334B072230
:1040B0001A70324B01229A7010217B181B78DAB2E9
:1040C0002E4BDA707B1801331B78DAB22B4B1A7146
:1040D0007B1802331B78DAB2284B5A717B180333F2
:1040E0001B78DAB2254B9A71FB1D1B7807222E2113
:1040F0001800F7F7E1FA71E01F23FC180C23FB18F6
:104100001800FFF7D3FA03002370194B1B78FA1D30
:1041100012789A4203D0FB1D1B78002B1FD10C2173
:104120007B181B78DAB2144B1A707B1801331B789A
:10413000DAB2114B5A707B1802331B78DAB20E4B8D
:104140009A707B1803331B78DAB20B4BDA700A498A
:10415000BB1D18780A23042205F038FB3EE01F231C
:10416000FB181B78002B0BD1044B00225A700AE07D
:104170001101002050E0020888290020A417002027
:104180001D4BFF225A701C4B07221A701A4B01223A
:104190009A700C217B181B78DAB2174BDA707B18F7
:1041A00001331B78DAB2144B1A717B1802331B7877
:1041B000DAB2114B5A717B1803331B78DAB20E4B0B
:1041C0009A71FB1D1B7807222E211800F7F774FA4D
:1041D00004E01F23FB180B221A70C046074B042271
:1041E0000021180012F03FF91F23FB181B7818005C
:1041F000BD4608B0B0BDC046A417002088290020E5
:1042000090B587B000AF786039606423FB60F968CF
:104210007868EBF79FFF03007B617B68F968180003
:10422000ECF71EF80B00BB6047E0FA6813005B0177
:104230009B1A9B009B18DB001A00FA2399001000C0
:10424000EBF788FF0300180007F03AF91323FB1877
:1042500001221A7026E0264B1B785A1E13243B19A4
:104260001978244813005B009B189B01C3185B5C02
:104270000D2B11D11E4B1B785A1E3B1919781D4866
:1042800013005B009B189B01C31800225A541A4B61
:1042900001221A700A2327E013217B181A787B1851
:1042A00001321A701323FB181B78BF2BD3D9134B81
:1042B0001B78002B01D00A2316E07B695A1E7A6115
:1042C000002BB2DCBA6813005B019B1A9B009B18A1
:1042D000DB001A00FA2399001000EBF73BFF030004
:1042E000180007F0EDF800231800BD4607B090BD98
:1042F000D8170020801B00205829002054290020B6
:1043000090B585B000AF0400080011003B60FB1DB4
:10431000221C1A70BB1D021C1A707B1D0A1C1A700D
:104320000F217B1800221A700D4B02221A700D4BC0
:10433000BA1D12781A700C4BFA1D12781A700B4BBA
:104340003A681A600A4B3A6A1A600A4B7A1D127868
:104350001A707B181B781800BD4605B090BDC0468A
:104360007C29002062290020632900206829002080
:104370006C29002067290020F0B587B002AF786073
:1043800039600E203B1800221A800C217B18002275
:104390001A800A243B1900221A803B181A88134BF2
:1043A0001A807B181A88124B1A803B191A88114BF5
:1043B0001A803A190E00791804003B181800FEF70D
:1043C00061FF3B191B881D00BB191B881C000A23B9
:1043D000FB181B88084A39687868019300942B0001
:1043E00011F08EFFC046BD4605B0F0BD0C0D00209B
:1043F0000E0D0020100D0020D4DF020890B585B00E
:1044000000AF786039600E217B1800221A800C0002
:104410007B181800FEF77CFF21007B181A88064BDA
:104420001A807B181B88054A3968786811F068FF84
:10443000C046BD4605B090BD120D00202CE002081C
:10444000B0B588B000AF7860396000237B61142379
:10445000FB181800FFF7AEF87A693D4B1A600C257F
:104460007B1900221A6000221A710123BB60384BAD
:104470001B68181CECF7B4F80300BB60344B1B68D6
:104480003449181CECF7E4FB031C1C1CBA6813002D
:104490009B009B185B001800ECF7DCFE031C191C4A
:1044A000201CECF713FD031C181CECF799F8030013
:1044B000DAB21E23FB181A80BB680A211800EBF73A
:1044C000CFFE0B00DAB21C23FB181A80BB680A214E
:1044D0001800EBF73FFE03000A211800EBF7C0FEBF
:1044E0000B00DAB21A217B181A807B181B88002B6C
:1044F00003D17B1920221A7008E01A23FB181B88AD
:10450000DBB23033DAB20C23FB181A701C23FB1811
:104510001B88DBB23033DAB20C217B185A707B185F
:104520002E229A701E23FB181B88DBB23033DAB2BE
:104530007B18DA707B1800221A717B18064A3968DA
:10454000786811F0DDFEC046BD4608B0B0BDC0467B
:10455000040D00200000204114E00208B0B588B02E
:1045600000AF7860396000237B611423FB181800CA
:10457000FFF79CF87A693D4B1A600C257B190022E5
:104580001A6000221A710123BB60384B1B68181C8B
:10459000ECF726F80300BB60344B1B683449181C49
:1045A000ECF756FB031C1C1CBA6813009B009B18FD
:1045B0005B001800ECF74EFE031C191C201CECF7E6
:1045C00085FC031C181CECF70BF80300DAB21E2361
:1045D000FB181A80BB680A211800EBF741FE0B009C
:1045E000DAB21C23FB181A80BB680A211800EBF70B
:1045F000B1FD03000A211800EBF732FE0B00DAB21E
:104600001A217B181A807B181B88002B03D17B1979
:1046100020221A7008E01A23FB181B88DBB2303303
:10462000DAB20C23FB181A701C23FB181B88DBB2B0
:104630003033DAB20C217B185A707B182E229A7014
:104640001E23FB181B88DBB23033DAB27B18DA701A
:104650007B1800221A717B18064A3968786811F0B5
:104660004FFEC046BD4608B0B0BDC046140D002088
:104670000000204100E0020890B585B000AF7860EE
:1046800039600F243B191800FEF774FF21007B18D6
:104690001B781A00064B1A707B181B78054A39687C
:1046A000786811F02DFEC046BD4605B090BDC046ED
:1046B000180D0020F4DF0208B0B58CB002AFF8602E
:1046C000B9607A601B23FB1800221A7000237B62FA
:1046D000F968B868EBF73EFD03007B617B69632BEB
:1046E00001D80B2393E02323FB1800221A7021E04A
:1046F000494B1B785A1E23243B191978474813004D
:104700005B009B189B01C3185B5C0D2B0CD1424BCB
:104710001B785A1E3B191978404813005B009B1800
:104720009B01C31800225A5423217B181A787B1846
:1047300001321A702323FB181B78BF2BD8D9384BB2
:104740001B78012B16D1364B00221A70324B1C7885
:10475000344B1D68334B1B681800EBF7DFFC03007C
:104760009AB20A232900200005F030F81B23FB1819
:104770001B784CE07A69BB689A4201D97B69BB60BF
:104780007969B868EBF7E6FC0300FB61264B002271
:104790001A7022E005F07CFB03007B627A6A7B687A
:1047A0006421100098471C4B1C787B6A1800EBF7BB
:1047B000B5FC03009AB2FA235800796A01235B42E0
:1047C00000930300200004F0ABFFFA687B6911003E
:1047D0001800FFF715FD031E08D1FB695A1EFA6188
:1047E000002BD7DCBB680133D4D000E0C04699234E
:1047F0009A007B6A0021180011F035FE0B4A7B6A93
:104800001100180011F0B0FD1B23FB181B781800D5
:10481000BD460AB0B0BDC046D8170020801B00209E
:1048200058290020840400205429002064E0020854
:1048300080B58CB000AFF860B9607A60474BFB621E
:10484000474BBB62474B7B62474B3B62474BFB612D
:104850000023BB6100237B61FB6800221A701423D4
:10486000FA187B680121180005F01AFB0300BB61F0
:10487000BB69002B07D13E4AB968FB68180011F0EC
:104880003FFD002365E0FB6A1800EBF747FC0200E0
:10489000F96ABB69180011F009FE031E06D1BA6857
:1048A000FB6811001800FFF767FD51E0BB6A1800B4
:1048B000EBF734FC0200B96ABB69180011F0F6FD91
:1048C000031E06D1BA68FB6811001800FFF796FDB9
:1048D0003EE07B6A1800EBF721FC0200796ABB69B5
:1048E000180011F0E3FD031E06D1BA68FB68110041
:1048F0001800FFF7A5FD2BE03B6A1800EBF70EFC54
:104900000200396ABB69180011F0D0FD031E06D100
:10491000BA68FB6811001800FFF720FE18E0FB6979
:104920001800EBF7FBFB0200F969BB69180011F0F6
:10493000BDFD031E06D1BA68FB6811001800FFF721
:104940009BFE05E00A4AB968FB68180011F0D8FC24
:1049500000231800BD460CB080BDC04668E00208C8
:1049600070E002087CE0020884E0020890E002089F
:1049700094E0020880B58CB000AFF860B9607A604E
:104980003B600023FB620023BB620023FB6100232A
:10499000BB6100237B6200233B6200237B61002319
:1049A0003B617A68FB680121180005F079FA020082
:1049B000BB681A601C23FA18FB680221180005F076
:1049C0006FFA0300FB621823FA18FB680321180032
:1049D00005F066FA0300BB62BB681B68002B05D0BC
:1049E000FB6A002B02D0BB6A002B01D1002348E0F8
:1049F000FB6A180010F003F903001A00BB6B1A6081
:104A0000BB6A180010F0FBF803001A00FB6B1A6079
:104A10003B6801221A701423FA18FB68042118005D
:104A200005F03EFA03007B621023FA18FB680521AB
:104A3000180005F035FA03003B623B6A002B04D1F5
:104A40007B6A002B01D101231BE03B6A002B02D0C3
:104A50007B6A002B01D1002313E07B6A180010F061
:104A6000CEF80300DAB23B6C1A703B6A180010F003
:104A7000C6F80300DAB27B6C1A703B6800221A7029
:104A800001231800BD460CB080BD0000F0B593B006
:104A900004AFF860B9607A608B4B7B638B4B3B63F0
:104AA0008B4BFB628B4BBB628B4B7B6200233B626D
:104AB0000023FB611B257B1900221A701A26BB19E3
:104AC00000221A7019217B1801221A7000237B61C1
:104AD00000233B61FB6800221A707C181023FA182F
:104AE0001423F9187868BB1903937B1902931C23CC
:104AF000FB1801932023FB1800932300FFF73AFFD4
:104B000003001A0001235340DBB2002B07D0734A85
:104B1000B968FB68180011F0F3FB0023CFE07C6953
:104B20007B6B1800EBF7FAFA02007B6B1900200090
:104B300011F0BCFC031E19D11923FB181B78002BA4
:104B400006D03B6AF969664A1800FFF7B5FDAFE089
:104B50001A23FB1818781B23FB1819783A6AFB698B
:104B6000009313000022FFF7CBFBA1E07C693B6BB5
:104B70001800EBF7D3FA02003B6B1900200011F08C
:104B800095FC031E19D11923FB181B78002B06D0A6
:104B90003B6AF969534A1800FFF78EFD88E01A2333
:104BA000FB1818781B23FB1819783A6AFB690093E5
:104BB00013000222FFF7A4FB7AE07C69FB6A18006D
:104BC000EBF7ACFA0200FB6A1900200011F06EFC52
:104BD000031E19D11923FB181B78002B06D03B6A42
:104BE000F969414A1800FFF767FD61E01A23FB18D5
:104BF00018781B23FB1819783A6AFB690093130095
:104C00000322FFF77DFB53E07C69BB6A1800EBF7DA
:104C100085FA0200BB6A1900200011F047FC031E50
:104C200019D11923FB181B78002B06D03B6AF969B0
:104C30002B4A1800FFF740FD3AE01A23FB181878BA
:104C40001B23FB1819783A6AFB69009313000422AE
:104C5000FFF756FB2CE07C697B6A1800EBF75EFAE5
:104C600002007B6A1900200011F020FC031E19D1FC
:104C70001923FB181B78002B06D03B6AF9691B4AE5
:104C80001800FFF719FD13E01A23FB1818781B23EF
:104C9000FB1819783A6AFB69009313000122FFF7A9
:104CA0002FFB05E00D4AB968FB68180011F028FBDE
:104CB0000F4AB968FB68180011F022FB00231800A6
:104CC000BD460FB0F0BDC04668E0020870E00208C3
:104CD0007CE0020884E0020890E0020894E0020808
:104CE00079430108FD430108414401087946010860
:104CF00064E0020880B584B000AFF860B9607A6003
:104D0000BB689B00094A944663441B687F22934317
:104D10001900BB689B00054A944663447A680A43BD
:104D20001A60C046BD4604B080BDC04600080240BF
:104D300080B582B000AF204B9A6B1F4B01210A4314
:104D40009A631D4B9B6B012213407B607B681A4B5F
:104D50009A6B194B02210A439A63174B9B6B0222F1
:104D600013403B603B68154A154B1100180000F0DA
:104D70003DF8144A144B1100180000F037F8134A9C
:104D8000134B1100180000F031F8124A124B1100B9
:104D9000180000F02BF8114A114B1100180000F018
:104DA00025F8104A104B1100180000F01FF8C046FB
:104DB000BD4602B080BDC046001002404400024023
:104DC000DC2900201C0002403C2A00203000024068
:104DD0009C2A002008000240FC2A002058000240C3
:104DE0005C2B00206C000240BC2B002080B582B000
:104DF00000AF786039607B683A681A607B6800228F
:104E00009A607B680022DA607B6880221A617B6886
:104E100000225A617B6800229A617B682022DA6155
:104E20007B68802292011A627B68180009F0E2FC1C
:104E3000C046BD4602B080BD80B582B000AF78608C
:104E400039607B683A681A607B6800229A607B68E8
:104E50000022DA607B6800221A617B6800225A61B6
:104E60007B6800229A617B682022DA617B6880225D
:104E700052011A627B68180009F0BCFCC046BD46AE
:104E800002B080BD80B500AF1F4B5B78002B05D111
:104E90001E4A1F4B1100180000F050F81A4B9B7867
:104EA000002B05D11B4A1C4B1100180000F046F8DE
:104EB000154BDB78002B05D1184A194B110018004F
:104EC00000F03CF8104B1B79002B05D1154A164B0E
:104ED0001100180000F032F80B4B5B79002B05D164
:104EE000124A134B1100180000F028F8064B9B796A
:104EF000002B05D10F4A104B1100180000F01EF8CE
:104F0000C046BD4680BDC04698140020DC29002064
:104F10003C2700203C2A0020142600209C2A002048
:104F2000A8260020FC2A0020802500205C2B0020E1
:104F3000D0270020BC2B00206428002080B582B040
:104F400000AF786039607B681800FDF7A9FF0300A7
:104F50005A1E13005B009B189B01054A99187B6839
:104F6000C02218000FF034FDC046BD4602B080BD1F
:104F7000801B002080B582B000AF78607B68DB6F5B
:104F8000180000F031F97B68DB6F00229A627B68C1
:104F90000022DA67C046BD4602B080BDB0B586B01B
:104FA00000AFF860B960BB1D1A8017257C19FB683B
:104FB0001800FDF775FF030023707B191B785A1E3C
:104FC00013005B009B185B010D4A9B183B613A691B
:104FD000FB681100180000F079F9FB688822202195
:104FE0009950BB681B6828331900BB1D1A88FB68E1
:104FF00018000FF0EDFCC046BD4606B0B0BDC0467F
:105000003C2D002080B584B000AF0200FB1D1A705B
:10501000FB1D1B785A1E13005B009B185B01124A94
:105020009B18FB60FB1D1B78180004F02BFC030091
:10503000BB60BB6818000DF0C3F8FB681B6800225A
:105040005A60FB1D1B785A1E084B92000021D1505C
:10505000FB1D1B785A1E064B92000021D150C04602
:10506000BD4604B080BDC0463C2D00205820002025
:105070007020002080B584B000AF0200FB1D1A70C4
:10508000FB1D1B78180004F0FDFB0300FB60FB1DFB
:105090001B785A1E13005B009B185B01074A9B1884
:1050A000BB60FB6818000DF08BF8BB681B68002222
:1050B0005A60C046BD4604B080BDC046DC29002011
:1050C00080B582B000AF0200FB1D1A70FB1D1B787B
:1050D0001800FFF7CFFFFB1D1B785A1E13005B0063
:1050E0009B185B01084A9818FB1D1B785A1E07493C
:1050F00013005B009B185B015B581900FFF79CFED7
:10510000C046BD4602B080BD3C2D0020DC290020F9
:1051100080B584B000AF0200FB1D1A70FB1D1B7828
:105120001800FFF76FFFFB1D1B78180004F0AAFBA7
:105130000300FB60FB1D1B785A1E13005B009B18CD
:105140005B01254A9818FB1D1B785A1E2349130042
:105150005B009B185B015B581900FFF747FEFB687B
:10516000180003F0E9FFFB1D1B785A1E1B491300B2
:105170005B009B185B01CB1828331B681800FDF7F8
:105180008FFE03001A00164B00219954FB1D1B785B
:105190005A1E124913005B009B185B0100225A50F3
:1051A000FB1D1B785A1E0F4B92000021D150FB1D96
:1051B0001B78180004F066FBFB1D1B785A1E1300B9
:1051C0005B009B185B01044A9B181900FFF7B6FEB1
:1051D000C046BD4604B080BDDC2900203C2D002027
:1051E000981400204020002080B582B000AF786085
:1051F0007B681B68294A934247D0284A934248D883
:10520000274A934241D0264A934242D8254A9342A4
:105210003BD0244A93423CD8234A934231D0224A7D
:10522000934236D8214A93422BD0204A934230D819
:105230001F4A934229D01E4A93422AD81D4A9342BC
:1052400023D01C4A934224D81B4A93421DD01A4AA9
:1052500093421ED8194A934217D0184A934218D83D
:10526000174A93420DD0164A934212D8154A9342D8
:1052700003D0154A934204D00BE0092009F06BF8E3
:1052800008E00A2009F067F804E00B2009F063F851
:1052900000E0C046C046BD4602B080BD5804024092
:1052A00044040240300402401C040240080402404E
:1052B000800002406C00024058000240440002405E
:1052C00030000240080002401C00024080B582B05D
:1052D00000AF786039607B681B68374A93420BD116
:1052E0003B681B68354A934206D1354B3222002178
:1052F0001800FFF7FFFC53E07B681B68314A9342BC
:105300000BD13B681B68304A934206D12F4B3422A5
:1053100001211800FFF7EEFC42E07B681B682C4A75
:1053200093420BD13B681B682A4A934206D12A4B11
:10533000362202211800FFF7DDFC31E07B681B6894
:10534000264A93420BD13B681B68254A934206D1FB
:10535000244B382203211800FFF7CCFC20E07B68A7
:105360001B68214A93420BD13B681B681F4A93423A
:1053700006D11F4B4A2204211800FFF7BBFC0FE0A7
:105380007B681B681B4A93420AD13B681B681A4A18
:10539000934205D1194B4C2205211800FFF7AAFCB6
:1053A0007B6880213A685A503B687A689A62C046A6
:1053B000BD4602B080BDC046003801400800024032
:1053C0009C300020004400401C000240A03000201F
:1053D0000048004030000240A4300020004C004053
:1053E00044000240A8300020005000405800024015
:1053F000AC300020003C01406C000240B030002086
:1054000080B500AF0D4B0E4A1A600C4B1022DA60CB
:105410000A4B00225A71094B00221A71074B0022D5
:105420005A61064B00229A61044B03221A62034B15
:10543000180008F0ADFFC046BD4680BDCC3000204E
:105440000030024080B584B000AF7860084B9A6BA2
:10545000074B802149010A439A63054B9A6B8023CD
:105460005B011340FB60FB68C046BD4604B080BDD5
:105470000010024080B586B000AF78600A00BB1C07
:105480001A800823FB1800221A607B68002B00D1C9
:1054900092E0BB1C1B88002B00D18DE0BB1C1B883D
:1054A000032B33D81623FB1800221A7000233B610C
:1054B0001BE01622BB181B78BA18591C11701A0071
:1054C0007B689B1819780823FA183B69D3180A1CC3
:1054D0001A70BB1CBA1C1288013A1A80BB1C1B88AC
:1054E000002B06D03B6901333B613B69032BE0DDB8
:1054F00000E0C0460823F918324B0122180008F0DA
:10550000F4FF02001723FB181A7051E0BB1C1B8824
:105510009B089BB21A0079682A4B180008F0E5FF37
:1055200002001723FB181A70BB1C1B8803221340B0
:105530009BB2002B3CD0BB1C1B88DAB21623FB1895
:1055400003218A431A70BB1CBA1C128803210A402B
:105550001A800023FB601BE01622BB181B78BA18C8
:10556000591C11701A007B689B1819780823FA18C7
:10557000FB68D3180A1C1A70BB1CBA1C1288013AAB
:105580001A80BB1C1B88002B06D0FB680133FB6014
:10559000FB68032BE0DD00E0C0460823F918094B47
:1055A0000122180008F05AFF02001723FB181A7096
:1055B0001723FB181B7800E000231800BD4606B037
:1055C00080BDC046CC300020B0B584B000AF0A2406
:1055D0003B1906221A8008257B1906221A800E2301
:1055E000FB1800221A80BB1D00221A803B1D0022DE
:1055F0001A800C23FB18012252421A80BB1C012284
:105600001A8009F0F3FBD14B1A683B191A80D04B72
:105610001A687B191A803B191B88CE4A93420CD01A
:1056200080225202934200DBD7E2002B00D1DFE15F
:10563000C94A934200D1AEE0CFE20823FB181B8891
:10564000002B36D1C14A80231B021100180009F03B
:10565000FFFCFA239B00180009F008FC03001A0065
:10566000BB1C1A80BB1C1B88002B03D0BB4B5B6888
:105670009BB2D1E2BA4A80231B021100180009F044
:10568000E7FCFA239B00180009F0F0FB03001A0066
:10569000BB1C1A80BB1C1B88002B03D0AF4B5B6864
:1056A0009BB2B9E2AF4B5A69AE4B02218A435A61B1
:1056B000A8E20823FB181B88A74A934254D1A34AA7
:1056C00080231B021100180009F0C2FCFA239B0082
:1056D000180009F0CBFB03001A00BB1C1A80BB1C8E
:1056E0001B88002B03D09D4B5B689BB294E29C4AC5
:1056F00080231B021100180009F0AAFCFA239B006A
:10570000180009F0B3FB03001A00BB1C1A80BB1C75
:105710001B88002B03D0914B5B689BB27CE2914BC2
:105720005A69904B02218A435A618F4A01235B4296
:105730008749012009F00CFBFA239B00180009F0AF
:1057400095FB03001A00BB1C1A80BB1C1B88002B96
:1057500003D0824B5B689BB25EE2824B5A69814BFD
:1057600001218A435A614DE2BC1C00F0FFFA03009C
:105770002380FA239B00180009F078FB03001A002D
:10578000BB1C1A80BB1C1B88002B00D13AE2734B58
:105790005B689BB240E20823FB181B88002B00D0FB
:1057A000A1E00E23FB1801221A8044E06F4B1B88F6
:1057B0009BB20E217A1812889A4204D10C23FB184E
:1057C0007A1812881A800E257B191A880C23FB1868
:1057D00000215B5E9A4228D03C1D654A7B191B88DC
:1057E0001100180000F030FA030023803B1D1B88D5
:1057F000012B1AD05E4B1A88BC1D7B191B88110027
:10580000180000F0A1FB03002380FA239B0018007E
:1058100009F02CFB03001A00BB1C1A80BB1C1B8860
:10582000002B02D0BB1D1B88F6E10E217B181A88C5
:105830007B1801321A800E23FB181A888023DB00A4
:105840009A42B3D9484A01235B424049012009F0FA
:105850007FFAFA239B00180009F008FB03001A00E6
:10586000BB1C1A80BB1C1B88002B03D03B4B5B6806
:105870009BB2D1E13B4B5A693A4B01218A435A61B1
:10588000334B1900042009F0E3FBFA239B001800B6
:1058900009F0ECFA03001A00BB1C1A80BB1C1B8821
:1058A000002B03D02D4B5B689BB2B5E1314B190047
:1058B000042009F0CDFBFA239B00180009F0D6FA6A
:1058C00003001A00BB1C1A80BB1C1B88002B03D0D2
:1058D000224B5B689BB29FE1224B5A69214B02210C
:1058E0008A435A6190E10823FB181B88194A9342A6
:1058F00067D1174B1900042009F0AAFBFA239B007B
:10590000180009F0B3FA03001A00BB1C1A80BB1C74
:105910001B88002B03D0114B5B689BB27CE1154BBD
:105920001900042009F094FBFA239B00180009F0E9
:105930009DFA03001A00BB1C1A80BB1C1B88002B9D
:105940001AD0064B5B689BB266E1C04600D80708D8
:1059500000E80708FFFF0000EEEE0000F89B0120C2
:1059600000E00708002002400000FFFF06D80708FB
:105970004031002000F00708A94B5A69A84B0221CA
:105980008A435A61A74A01235B42A749012009F0D3
:10599000DFF9FA239B00180009F068FA03001A00E7
:1059A000BB1C1A80BB1C1B88002B03D09F4B5B6861
:1059B0009BB231E19A4B5A69994B01218A435A6152
:1059C00022E1BC1C00F0D2F903002380FA239B00E3
:1059D000180009F04BFA03001A00BB1C1A80BB1C0C
:1059E0001B88002B00D10FE1904B5B689BB213E149
:1059F0000823FB181B88002B15D1BC1C00F0B6F93E
:105A000003002380FA239B00180009F02FFA0300FB
:105A10001A00BB1C1A80BB1C1B88002B00D1F5E0B0
:105A2000BB1C1B88F8E00823FB181B88804A9342A4
:105A300032D17D4B1900042009F00AFBFA239B00A8
:105A4000180009F013FA03001A00BB1C1A80BB1CD3
:105A50001B88002B03D0754B5B689BB2DCE0754B59
:105A60001900042009F0F4FAFA239B00180009F049
:105A7000FDF903001A00BB1C1A80BB1C1B88002BFD
:105A800003D06A4B5B689BB2C6E0654B5A69644BB6
:105A900002218A435A61B9E00E23FB1801221A80C1
:105AA00044E0654B1B889BB20E217A1812889A42FB
:105AB00004D10C23FB187A1812881A800E257B1942
:105AC0001A880C23FB1800215B5E9A4228D03C1DEB
:105AD0005A4A7B191B881100180000F0B5F8030022
:105AE00023803B1D1B88012B1AD0544B1A88BC1DE8
:105AF0007B191B881100180000F026FA0300238090
:105B0000FA239B00180009F0B1F903001A00BB1C2E
:105B10001A80BB1C1B88002B02D0BB1D1B887BE09E
:105B20000E217B181A887B1801321A800E23FB186D
:105B30001A888023DB009A42B3D93B490022002314
:105B4000012009F005F9FA239B00180009F08EF9ED
:105B500003001A00BB1C1A80BB1C1B88002B03D03F
:105B6000324B5B689BB257E02D4B5A692C4B01219D
:105B70008A435A61324B1900042009F069FAFA236A
:105B80009B00180009F072F903001A00BB1C1A8070
:105B9000BB1C1B88002B03D0244B5B689BB23BE0F3
:105BA000284B1900042009F053FAFA239B0018002F
:105BB00009F05CF903001A00BB1C1A80BB1C1B888F
:105BC000002B03D0194B5B689BB225E0144B5A693C
:105BD000134B02218A435A6118E0BC1C00F0C6F83E
:105BE00003002380FA239B00180009F03FF903000B
:105BF0001A00BB1C1A80BB1C1B88002B08D0BB1CC6
:105C00001B8809E0C04604E0C04602E0C04600E050
:105C1000C04609F00FF900231800BD4604B0B0BD1E
:105C2000002002400000FFFF00E80708F89B012069
:105C3000FFFF000000F0070806E8070840310020D9
:105C400000D8070800E00708B0B586B000AF020032
:105C50003960BB1D1A800E217B1800221A800C238C
:105C6000FB18264A1A801623FB1801221A800023EB
:105C70003B610023BB600D007C18002000F01CF984
:105C8000030023807B191B88AB2B01D1AB2330E0B1
:105C90000E22BB181B881A498C466344DB02BB608A
:105CA000BB181B88174A94466344DB023B6118E02B
:105CB0003A690C217B1812881A807A18BB1D128849
:105CC0001B889A420AD13B69083B1B889AB23B6801
:105CD0001A801623FB1800221A8007E03B69083B54
:105CE0003B61BB6804333A699A42E1D81623FB183A
:105CF0001B881800BD4606B0B0BDC0465555000013
:105D0000FB000100FD000100B0B584B000AF02004F
:105D1000BB1D1A803B1D0A1C1A800E257B19002210
:105D20001A8009F063F87C193B1D1A88BB1D1B887B
:105D30001100180000F008F9030023807B191B886C
:105D4000802B0AD17C193B1D1A88BB1D1B881100B2
:105D5000180000F087F90300238009F06BF80E2388
:105D6000FB181B881800BD4604B0B0BD90B583B0C9
:105D700000AFFB1D00221A7009F038F8474A802353
:105D80001B021100180009F063F9FC1DFA239B00A7
:105D9000180009F06BF803002370FB1D1B78002B23
:105DA00003D03F4B5B689BB274E03E4A80231B02EA
:105DB0001100180009F04CF9FC1DFA239B00180093
:105DC00009F054F803002370FB1D1B78002B03D04F
:105DD000334B5B689BB25DE0334B5A69324B022117
:105DE0008A435A61314A01235B422C49012008F061
:105DF000AFFFFC1DFA239B00180009F037F80300E1
:105E00002370FB1D1B78002B03D0254B5B689BB2D6
:105E100040E0254B5A69244B01218A435A6109F01D
:105E200009F8234A80231B021100180009F010F919
:105E3000FC1DFA239B00180009F018F803002370DA
:105E4000FB1D1B78002B03D0154B5B689BB221E038
:105E5000184A80231B021100180009F0F9F8FC1DF4
:105E6000FA239B00180009F001F803002370FB1DC2
:105E70001B78002B03D00A4B5B689BB20AE00A4BED
:105E80005A69094B01218A435A6108F0D3FFFB1D6F
:105E90001B789BB21800BD4603B090BD00D8070820
:105EA000F89B012000E00708002002400000FFFFEF
:105EB00000E8070800F0070880B584B000AF0200D2
:105EC000FB1D1A700623FB600623BB601B4B1B885F
:105ED0009BB2FB601A4B1B889BB2BB60FB1D1B78FF
:105EE000002B19D0012B23D1BB68002B07D1FB68F5
:105EF000144A934201D100231BE0022319E0FB68FE
:105F0000002B07D1BB680F4A934201D1022310E056
:105F100000230EE0AB230CE0FB68002B01D1002333
:105F200007E0BB68002B01D1022302E0AB2300E0B5
:105F300000231800BD4604B080BDC04600D8070845
:105F400000E80708EEEE0000F0B587B000AF0200F1
:105F5000BB1D1A803B1D0A1C1A801323FB1800224C
:105F60001A701026BB1900221A8000237B610023BF
:105F7000FB6008F03BFFBE190120FFF79DFF030007
:105F800033801026BB191B88AB2B01D1AB235CE0FF
:105F90001022BB181B882F498C466344DB027B61AF
:105FA000BB181B880233DB022B4A94466344FB6018
:105FB00044E07B691B6801333DD13B1D1B889BB2CC
:105FC0001C0000231D00796922002B00012008F02D
:105FD000BFFE13257C19FA239B00180008F046FF2A
:105FE000030023707B191B78002B03D01B4B5B68CD
:105FF0009BB22AE01A4B5A69194B01218A435A6114
:1060000013257C19FA239B00180008F02FFF0300CA
:1060100023707B191B78002B03D0104B5B689BB25D
:1060200013E00F4B5A690E4B01218A435A610B4B07
:106030005B689BB209E07B6908337B617A69FB6826
:106040009A42B6D308F0F6FE80231800BD4607B08A
:10605000F0BDC046FB000100FED70708F89B0120F9
:1060600000200240F0B589B000AF0200BB1D1A80CD
:106070003B1D0A1C1A801923FB1800221A700023EA
:106080007B610023FB6112243B1900221A801A2332
:10609000FB1800221A801023FB1800221A800E23FE
:1060A000FB1800221A8008F0A1FE25003C190020F0
:1060B000FFF702FF030023807B191B88022B04D10A
:1060C000664B7B61664BFB610BE01223FB181B8860
:1060D000002B04D1624B7B61604BFB6101E0AB2381
:1060E000B7E019257C19FA239B00180008F0BEFEC2
:1060F000030023707B191B78002B03D0594B5B687E
:106100009BB2A6E0584B5A69574B01218A435A610A
:1061100010257C193B1D1A88BB1D1B881100180017
:10612000FFF712FF030023807B191B88002B02D08E
:106130007B191B888DE01A23FB1801221A802EE0A0
:106140001A257A19BB1D12881B889A4221D00E2667
:10615000BC19464A7B191B8811001800FFF774FD13
:1061600003002380BB191B88012B12D03F4B1A88D8
:106170001026BC197B191B8811001800FFF7E4FEDC
:1061800003002380BB191B88002B02D0BB191B887E
:106190005FE01A217B181A887B1801321A801A23B3
:1061A000FB181A888023DB009A42C9D9FB691900C1
:1061B000042008F04DFF19257C19FA239B001800D4
:1061C00008F054FE030023707B191B78002B03D0CA
:1061D000244B5B689BB23CE0FB6980221201944631
:1061E00063441900042008F033FF19257C19FA23B1
:1061F0009B00180008F03AFE030023707B191B78FF
:10620000002B03D0174B5B689BB222E0164B5A69F8
:10621000154B02218A435A6119257C19FA239B00E8
:10622000180008F023FE030023707B191B78002B55
:1062300003D00C4B5B689BB20BE00B4B5A690A4BCB
:1062400001218A435A6108F0F5FD1923FB181B78D8
:106250009BB21800BD4609B0F0BDC04600D8070883
:1062600000E80708F89B0120002002404031002090
:10627000B0B588B000AF78601F23FB1800221A70F9
:106280000C217B1802221A607B187A689A607B18AE
:106290000122DA601E257C190823FA187B181100E8
:1062A000180008F051FE030023707B191B78002BA7
:1062B00002D1BB68013302D0044B16221A701F238F
:1062C000FB181B781800BD4608B0B0BDD6170020DB
:1062D00080B586B000AF214B5A6B204B04210A4396
:1062E0005A631E4B5B6B042213407B617B691B4B23
:1062F0005A6B1A4B01210A435A63184B5B6B0122FC
:1063000013403B613B69154B5A6B144B08210A4300
:106310005A63124B5B6B08221340FB60FB680F4B08
:106320005A6B0E4B02210A435A630C4B5B6B0222E1
:106330001340BB60BB68094B5A6B084B20210A43D2
:106340005A63064B5B6B202213407B607B6800F036
:1063500007F8C046BD4606B080BDC04600100240EA
:1063600080B586B000AF3B1D8022D2011A603B1D74
:1063700001225A603B1D00229A603B1D0222DA6016
:106380003B1D044A1900100008F02EFFC046BD4610
:1063900006B080BD0004005080B586B000AF3B1D44
:1063A000C0221A603B1D12225A603B1D00229A60D7
:1063B0003B1D0022DA603B1D08221A613A1DA02312
:1063C000DB051100180008F00FFF104BDA6B0F4BC4
:1063D0008021C9030A43DA630C4BDA6B8023DB03A9
:1063E00013403B603B683B1D40221A603B1D00226E
:1063F0005A603B1D02229A603B1D054A190010009D
:1064000008F0F2FEC046BD4606B080BD0010024056
:1064100000040050F0B593B002AF534B5A6B524B8F
:1064200001210A435A63504B5B6B012213403B61CD
:106430003B694D4B5A6B4C4B02210A435A634A4B02
:106440005B6B02221340FB60FB68474B5A6B464B69
:1064500004210A435A63444B5B6B04221340BB6024
:10646000BB68414B5A6B404B08210A435A633E4B71
:106470005B6B082213407B607B682423F8181A2585
:106480007A192823F9181823FB1800930300012018
:1064900000F06EF81C23F8181623FA182023F918B8
:1064A0001426BB1900930300062000F061F82C218C
:1064B0007B1801225A607B1800229A607B191B8886
:1064C0001A007B181A60BB6A1A000C007B181900AE
:1064D000100008F089FE21007B1800225A607B180A
:1064E00002229A60BB191B881A007B181A60FB698C
:1064F0001A007B181900100008F076FEBB6A18001D
:106500007B191B880022190009F0CFF8052002F042
:10651000A9FCFB691A00BB191B881900100009F0BF
:10652000A7F8031E17D1BB6A18007B191B8801222C
:10653000190009F0BAF8052002F094FCFB691A0072
:10654000BB191B881900100009F092F80300012BF9
:1065500001D1012304E0054B012252421A600023BD
:106560001800BD4611B0F0BD00100240F07F0020C1
:1065700080B586B000AFB9607A603B600F217B18B0
:10658000021C1A701723FB1800221A707B181B7844
:10659000180003F077F903003B613A693D4B9A42DA
:1065A00010D1BB68A022D2051A607B6880229200BD
:1065B0001A803B68A022D2051A603B6A8022D20072
:1065C0001A8060E03A69344B9A420ED1BB68A0222F
:1065D000D2051A607B6804221A803B68A022D2058B
:1065E0001A603B6A08221A804DE03A692B4B9A42A6
:1065F0000ED1BB682A4A1A607B688022D2001A80BA
:106600003B68274A1A603B6A802212011A803AE0EE
:106610003A69244B9A420ED1BB68A022D2051A6077
:106620007B6801221A803B68A022D2051A603B6A6F
:1066300002221A8027E03A691B4B9A420CD1BB68B0
:106640001A4A1A607B6808221A803B68174A1A6047
:106650003B6A04221A8016E03A69154B9A420ED121
:10666000BB680F4A1A607B68802252001A803B6820
:106670000B4A1A603B6A802292001A8003E01723BB
:10668000FB18FF221A701723FB181B781800BD4651
:1066900006B080BD8025002014260020A8260020FA
:1066A000000400503C270020D0270020000C0050A0
:1066B0006428002080B582B000AF0F4B5A6B0E4BA0
:1066C00020210A435A630C4B5B6B202213407B60F2
:1066D0007B68094B5A6B084B01210A435A63064BEE
:1066E0005B6B012213403B603B6800F007F8C0463B
:1066F000BD4602B080BDC0460010024080B500AF6C
:10670000154B164A1A60144B154A5A60124B002258
:106710009A60114B0122DA600F4B00221A610E4B76
:1067200000225A610C4B00229A610B4B0022DA6165
:10673000094B00221A62084B180008F0EFFF064BC5
:106740000021180009F028FD034B0021180009F072
:106750006FFDC046BD4680BD94310020005800400A
:106760005D3E302080B582B000AF0200FB1D1A7084
:10677000C046BD4602B080BD90B587B002AF0F23C2
:10678000FB1800221A700E23FB1800221A700D232A
:10679000FB1801221A7000F0B3FB0D203B181A7889
:1067A000C2491300DB009B18CB1801331B78002B68
:1067B00001D100F09FFBBE4B1B7801225340DBB29E
:1067C000002B07D03B181A78B8491300DB009B1840
:1067D00000225A543C1DBA1C0823F9180D23FB183B
:1067E00018783B0000932300FFF7C2FEBB68180037
:1067F000BB1C1B880022190008F057FF0A2002F07A
:106800000DFB7B681A003B001B881900100008F084
:106810002FFF031E16D1BB681800BB1C1B8801226A
:10682000190008F042FF0A2002F0F8FA7B681A000B
:106830003B001B880F217C181900100008F018FF7E
:1068400003002370BB681800BB1C1B8800221900C2
:1068500008F02BFF0D23FB181A7894491300DB0076
:106860009B18CB1801331B78042B44D057DC032B27
:106870002DD054DC012B02D0022B14D04FE00F237B
:10688000FB181B78012B04D10E23FB1804221A706D
:1068900047E00F23FB181B78002B42D10E23FB1877
:1068A00003221A703DE00F23FB181B78012B04D143
:1068B0000E23FB1804221A7035E00F23FB181B78F7
:1068C000002B30D10E23FB1803221A702BE00F236C
:1068D000FB181B78012B04D10E23FB1802221A701F
:1068E00023E00F23FB181B78002B1ED10E23FB186F
:1068F00001221A7019E00F23FB181B78012B04D119
:106900000E23FB1801221A7011E00F23FB181B78CD
:10691000002B0CD10E23FB1802221A7007E0C04690
:1069200006E0C04604E0C04602E0C04600E0C046C3
:106930000E22BB181B78042B03D0BB181B78022B2C
:1069400019D10D217B181A785A4B9200D3585A4A04
:10695000934209D87B181B78564A99008A58511CD3
:10696000544A9B00995006E00D23FB181A78514BAE
:1069700092000021D1500E22BB181B78032B03D0AC
:10698000BB181B78012B40D10D217B181A784B4B7B
:106990009200D358484A934209D87B181B78474A3B
:1069A00099008A58511C454A9B00995006E00D23D6
:1069B000FB181A78414B92000021D150404B1B78B4
:1069C000022B11D10D217B181B783E4AD25C3E4B25
:1069D0005B799A4208D87B181B783A4AD25C01321C
:1069E000D1B2384AD15410E00D217B181B78354ABA
:1069F000D25C354B5B799A4207D9314B00221A7031
:106A00007B181B782F4A0021D1540D217B181A784E
:106A1000284B9200D3582C4A1288934200D294E01B
:106A20007B181A78234B9200D358274A1288934236
:106A300011D108007B181A781C491300DB009B1841
:106A400007225A543B181B781A4A99008A58511C3D
:106A5000184A9B0099500D217B181A78174B920009
:106A6000D358194A1288934205D97B181A78134BC8
:106A700092000021D1500D217B181A780D4B920005
:106A8000D358114A528893423ED97B181A78094B41
:106A90009200D258FA235B009A4235D2084B1B78F9
:106AA000002B13D1064B01221A704DE03832002022
:106AB000B832002078320020FEFF0000943200201F
:106AC0004A330020B032002078140020D94B1B78C4
:106AD000022B39D10D217B181B78D74AD25CD74BBA
:106AE0001B799A4230D97B181B78D34AD25CD34B9E
:106AF0005B799A4228D2CF4B03221A707B181B78FD
:106B0000CD4A0021D1541FE00D217B181A78CC4BBF
:106B10009200D258FA235B009A4216D37B181A7857
:106B2000C74B9200D358C74A93420ED8C14B1B782B
:106B3000002B02D0BF4B00221A700D23FB181B78CC
:106B4000180000F0EDF900E0C0460D217B181A781E
:106B5000BD4B9200D358B94A1288934200D277E0D5
:106B60007B181A78B84B9200D358B44A12889342D3
:106B700011D108007B181A78B4491300DB009B1868
:106B800008225A543B181B78AF4A99008A58511C66
:106B9000AD4A9B0099500D217B181A78A84B9200A2
:106BA000D358A64A1288934205D97B181A78A44B69
:106BB00092000021D1500D217B181A78A24B92002F
:106BC000D3589E4A5288934229D97B181A789E4BF3
:106BD0009200D258FA235B009A4220D2954B1B7840
:106BE000012B0BD17B181A7898491300DB009B18F6
:106BF00005225A548F4B02221A7028E08D4B1B78C5
:106C0000032B24D10D23FB181A7890491300DB00C5
:106C10009B1806225A54874B00221A7017E00D2148
:106C20007B181A78884B9200D258FA235B009A425C
:106C30000ED37B181A78844B9200D358814A934222
:106C400006D87B181B78180000F0E8F900E0C04671
:106C50000D23FB181A787D491300DB009B185B5C41
:106C6000053B092B00D934E19A00794BD3181B68F6
:106C70009F460D243B191B781800FFF773FD3B1945
:106C80001A7872491300DB009B1800225A5431E134
:106C90000D243B191B78180001F072FC3B191A787F
:106CA0006A491300DB009B1800225A5422E1694B09
:106CB0001B7801225340DBB2002B00D10BE10D20E9
:106CC0003B181A7861491300DB009B18CB18083376
:106CD0001B781A000123134000D1FCE05D4B012218
:106CE0001A703B181B78180001F054FCF3E0594B64
:106CF0001B7801225340DBB2002B00D1EDE00D20C8
:106D00003B181A7851491300DB009B18CB18083345
:106D10001B781A000223134000D1DEE04D4B012204
:106D20001A703B181B78180001F03EFCD5E0494B67
:106D30001B7801225340DBB2002B00D1CFE00D20A5
:106D40003B181A7841491300DB009B18CB18083315
:106D50001B781A000423134000D1C0E03D4B0122F0
:106D60001A703B181B780121180001F027FCB6E0CF
:106D7000384B1B7801225340DBB2002B00D1B0E02E
:106D80000D203B181A7831491300DB009B18CB18F3
:106D900008331B781A000823134000D1A1E02D4BC3
:106DA00001221A703B181B780221180001F006FC22
:106DB00097E0284B1B7801225340DBB2002B00D117
:106DC00091E00D203B181A7820491300DB009B1836
:106DD000CB1808331B781A001023134000D182E02F
:106DE0001C4B01221A703B181B780321180001F07C
:106DF000E5FB78E0174B1B7801225340DBB2002BF8
:106E000000D172E00D203B181A7810491300DB0006
:106E10009B18CB1808331B781A002023134064D02A
:106E20000C4B01221A703B181B780121180001F04D
:106E3000D2FB5AE04A330020B03200207814002000
:106E400078320020FEFF000094320020383200200B
:106E5000C0E00208B83200202F4B1B7801225340BB
:106E6000DBB2002B43D00D203B181A782B491300BE
:106E7000DB009B18CB1808331B781A004023134003
:106E800035D0254B01221A703B181B7802211800BF
:106E900001F0A1FB2BE0204B1B7801225340DBB219
:106EA000002B26D00D203B181A781C491300DB005C
:106EB0009B18CB1808331B785BB2002B19DA164BE2
:106EC00001221A703B181B780321180001F083FB84
:106ED0000FE0C0460EE0C0460CE0C0460AE0C046E7
:106EE00008E0C04606E0C04604E0C04602E0C046F6
:106EF00000E0C0460D217B181A787B1801321A7009
:106F00000D23FB181B78062B00D846E4C046C0466C
:106F1000BD4605B090BDC046B832002038320020D2
:106F200080B586B000AF0200FB1D1A701723FB1856
:106F300000221A70FB1D1A7836491300DB009B18DB
:106F4000CB1802331B783B61FB1D1A7831491300C3
:106F5000DB009B18CB1803331B78FB60FB1D1A78F2
:106F60002C491300DB009B18CB1804331B78BB6043
:106F70003A6913005B019B1A9B009B18DB003B6185
:106F8000FA6813005B019B1A9B009B18DB00FB60F7
:106F9000BA6813005B019B1A9B009B18DB00BB6067
:106FA000FB1D1A781C4B9200D3583A699A4208D1BB
:106FB000FB1D1A7817491300DB009B1809225A544D
:106FC00020E0FB1D1A78144B9200D358FA689A42BD
:106FD00008D1FB1D1A780F491300DB009B180A2209
:106FE0005A540FE0FB1D1A780B4B9200D358BA6825
:106FF0009A4207D1FB1D1A7806491300DB009B1843
:107000000A225A541723FB181B781800BD4606B0F5
:1070100080BDC046383200207832002080B586B06E
:1070200000AF0200FB1D1A701723FB1800221A7014
:10703000FB1D1A7836491300DB009B18CB1805336B
:107040001B783B61FB1D1A7831491300DB009B184C
:10705000CB1806331B78FB60FB1D1A782C491300F4
:10706000DB009B18CB1807331B78BB603A69130011
:107070005B019B1A9B009B18DB003B61FA681300C5
:107080005B019B1A9B009B18DB00FB60BA68130036
:107090005B019B1A9B009B18DB00BB60FB1D1A78F1
:1070A0001C4B9200D3583A699A4208D1FB1D1A78BA
:1070B00017491300DB009B180C225A5420E0FB1DDB
:1070C0001A78144B9200D358FA689A4208D1FB1DE3
:1070D0001A780F491300DB009B180D225A540FE059
:1070E000FB1D1A780B4B9200D358BA689A4207D10D
:1070F000FB1D1A7806491300DB009B180D225A5419
:107100001723FB181B781800BD4606B080BDC0468B
:107110003832002094320020F0B58FB002AF020068
:10712000FB1D1A70BB1D0A1C1A702F23FB180022AE
:107130001A702E23FB1800221A708C4B1B78002B20
:107140000FD0BB1D1A788A4B9200D358180002F05A
:10715000ABFDBB1D1A78874B9200D358180002F084
:10716000A3FDBB1D1B78844A0421D1547F4B1B789F
:10717000002B08D0BB1D1B78180002F083FB030016
:1071800018000AF02BFE1023FC180E257A19142380
:10719000F918BB1D18780C26BB1900932300FFF7C4
:1071A000E7F97B191B881A0018243B191A603B1950
:1071B00001225A603B1900229A603B190022DA60D2
:1071C0007B691A003B191900100008F00DF8BB1973
:1071D0001B881A003B191A603B1900225A603B19A0
:1071E00002229A603B691A003B191900100007F04F
:1071F000FBFFBB1D1A7861491300DB009B18CB18FD
:107200000133FA1D12781A70BB1D1B783A339BB2FA
:107210009B009BB22C257C190A26BA191100180074
:10722000FEF712FD030023807B191B88002B57D12A
:10723000BB191B881B0A9AB22E217B181A707B1867
:107240001B781B09DBB2BA1D12789A4209D17B1850
:107250001B780F221A40FB1D1B789A4201D1002394
:107260007FE0BB1D1B781B031AB2FB1D1B781B02A2
:107270001BB213431BB29AB20A217B181A80BB1DA2
:107280001B783A339BB29B009AB27B181B8819007B
:107290001000FEF739FDBB1D1B783A339BB29B00F3
:1072A0009BB201339BB200211800FEF72DFDBB1DE0
:1072B0001B783A339BB29B009BB202339BB20021F6
:1072C0001800FEF721FDBB1D1B783A339BB29B00D3
:1072D0009BB203339BB200211800FEF715FD3DE081
:1072E000BB1D1B781B031AB2FB1D1B781B021BB2B4
:1072F00013431BB29AB20A217B181A80BB1D1B785C
:107300003A339BB29B009AB27B181B88190010007D
:10731000FEF7FAFCBB1D1B783A339BB29B009BB275
:1073200001339BB200211800FEF7EEFCBB1D1B7859
:107330003A339BB29B009BB202339BB200211800F0
:10734000FEF7E2FCBB1D1B783A339BB29B009BB25D
:1073500003339BB200211800FEF7D6FC2F23FB1845
:107360001B781800BD460DB0F0BDC046D9170020EF
:10737000F821002014220020981400203832002028
:10738000B0B586B000AF0200FB1D1A701723FB18C2
:1073900000221A70FB1D1A7872491300DB009B183B
:1073A000CB18013300221A70FB1D1A786D491300A7
:1073B000DB009B1800225A54FB1D1A786949130000
:1073C000DB009B18CB18083300221A70FB1D1A78BB
:1073D00064491300DB009B18CB18023300221A709B
:1073E000FB1D1A785F491300DB009B18CB18033391
:1073F00000221A70FB1D1A785A491300DB009B18F3
:10740000CB18043300221A70FB1D1A78554913005B
:10741000DB009B18CB18053300221A70FB1D1A786D
:1074200050491300DB009B18CB18063300221A705A
:10743000FB1D1A784B491300DB009B18CB18073350
:1074400000221A70FB1D1B783A339BB29B009BB243
:1074500014257C190E22BA1811001800FEF7F4FB4F
:10746000030023807B191B88002B2DD1FB1D1B786B
:107470003A339BB29B009BB200211800FEF744FCFC
:10748000FB1D1B783A339BB29B009BB201339BB22E
:1074900000211800FEF738FCFB1D1B783A339BB225
:1074A0009B009BB202339BB200211800FEF72CFC1C
:1074B000FB1D1B783A339BB29B009BB203339BB2FC
:1074C00000211800FEF720FCFB1D1B78180002F0BD
:1074D000D9F903003B613B691B68234A934202D1FF
:1074E00001F0E4FC2BE03B691B68204A934202D187
:1074F00001F01AFD23E03B691B681D4A934202D14B
:1075000001F050FD1BE03B691B681A4A934202D10F
:1075100001F086FD13E03B691B68174A934202D1D4
:1075200001F0AAFD0BE03B691B68144A934202D1AB
:1075300001F0D2FD03E01723FB18FF221A70FB1D98
:107540001B780F4A0021D1540E493B6901221800D3
:107550000AF0D0FD1723FB181B781800BD4606B0B3
:10756000B0BDC04638320020003801400044004021
:1075700000480040004C004000500040003C0140EA
:1075800098140020D2170020F0B585B000AF050098
:107590000C0010001900FB1D2A1C1A70BB1D221CB8
:1075A0001A707B1D021C1A703B1D0A1C1A700F23D7
:1075B000FB1800221A70FB1D1A78D2491300DB0059
:1075C0009B18CB1801331B78002B02D10B2300F042
:1075D00092FBFB1D1A78CB491300DB009B18CB18DC
:1075E00002333A1D12781A70FB1D1A78C549130030
:1075F000DB009B18CB18DA1C202308201B18DB1992
:107600001B781370FB1D1A78BE491300DB009B1812
:10761000CB18043324221218D21912781A70FB1DC9
:107620001A78B8491300DB009B18CB1805332822C1
:107630001218D21912781A70FB1D1A78B14913006A
:10764000DB009B18CB1806332C221218D2191278A3
:107650001A70FB1D1A78AB491300DB009B18CB187E
:10766000073330221218D21912781A7034221318E4
:10767000DB191B78012B08D01318DB191B78002BA2
:107680001AD1BB1D1B78002B16D0FB1D1A789D4903
:107690001300DB009B18CB1808331B78FA1D1278F7
:1076A00001210B43D8B297491300DB009B18CB187C
:1076B0000833021C1A7020E0342308229B18DB19BF
:1076C0001B78002B19D1BB1D1B78002B15D1FB1D7E
:1076D0001A788C491300DB009B18CB1808331B78F1
:1076E000FA1D127801218B43D8B286491300DB00C2
:1076F0009B18CB180833021C1A7034220821531827
:10770000DB191B78012B08D05318DB191B78002BD1
:107710001AD17B1D1B78002B16D0FB1D1A787949D6
:107720001300DB009B18CB1808331B78FA1D127866
:1077300002210B43D8B273491300DB009B18CB180E
:107740000833021C1A7020E0342308229B18DB192E
:107750001B78002B19D17B1D1B78002B15D1FB1D2D
:107760001A7868491300DB009B18CB1808331B7884
:10777000FA1D127802218B43D8B262491300DB0054
:107780009B18CB180833021C1A7034220821531896
:10779000DB191B78012B08D05318DB191B78002B41
:1077A0001AD13B1D1B78002B16D0FB1D1A785549AA
:1077B0001300DB009B18CB1808331B78FA1D1278D6
:1077C00004210B43D8B24F491300DB009B18CB18A0
:1077D0000833021C1A7020E0342308229B18DB199E
:1077E0001B78002B19D13B1D1B78002B15D1FB1DDD
:1077F0001A7844491300DB009B18CB1808331B7818
:10780000FA1D127804218B43D8B23E491300DB00E5
:107810009B18CB180833021C1A7034220821531805
:10782000DB191B78012B0AD05318DB191B78002BAE
:107830001CD120235B18DB191B78002B16D0FB1DF5
:107840001A7830491300DB009B18CB1808331B78DB
:10785000FA1D127808210B43D8B22A491300DB0025
:107860009B18CB180833021C1A7022E0342308221C
:107870009B18DB191B78002B1BD120239B18DB19CD
:107880001B78002B15D1FB1D1A781E491300DB0055
:107890009B18CB1808331B78FA1D127808218B43EC
:1078A000D8B218491300DB009B18CB180833021C10
:1078B0001A70342208215318DB191B78012B0AD0C7
:1078C0005318DB191B78002B1ED124235B18DB19FE
:1078D0001B78002B18D0FB1D1A780A491300DB0017
:1078E0009B18CB1808331B78FA1D127810210B4314
:1078F000D8B204491300DB009B18CB180833021CD4
:107900001A7024E038320020342308229B18DB1937
:107910001B78002B1BD124239B18DB191B78002B11
:1079200015D1FB1D1A786B491300DB009B18CB188F
:1079300008331B78FA1D127810218B43D8B26549A1
:107940001300DB009B18CB180833021C1A7034227A
:1079500008215318DB191B78012B0AD05318DB19A7
:107960001B78002B1CD128235B18DB191B78002BFC
:1079700016D0FB1D1A7857491300DB009B18CB1853
:1079800008331B78FA1D127820210B43D8B25149D5
:107990001300DB009B18CB180833021C1A7022E07E
:1079A000342308229B18DB191B78002B1BD12823BA
:1079B0009B18DB191B78002B15D1FB1D1A78454944
:1079C0001300DB009B18CB1808331B78FA1D1278C4
:1079D00020218B43D8B23F491300DB009B18CB1802
:1079E0000833021C1A70342208215318DB191B7843
:1079F000012B0AD05318DB191B78002B1CD12C2328
:107A00005B18DB191B78002B16D0FB1D1A78314947
:107A10001300DB009B18CB1808331B78FA1D127873
:107A200040210B43D8B22B491300DB009B18CB1825
:107A30000833021C1A7022E0342308229B18DB1939
:107A40001B78002B1BD12C239B18DB191B78002BD8
:107A500015D1FB1D1A781F491300DB009B18CB18AA
:107A600008331B78FA1D127840218B43D8B219498C
:107A70001300DB009B18CB180833021C1A70342249
:107A800008215318DB191B78012B0AD05318DB1976
:107A90001B78002B20D130235B18DB191B78002BBF
:107AA0001AD0FB1D1A780B491300DB009B18CB186A
:107AB00008331B78FA1D1278802149420B43D8B253
:107AC00004491300DB009B18CB180833021C1A7002
:107AD00025E0C04638320020342308229B18DB19E9
:107AE0001B78002B1BD130239B18DB191B78002B34
:107AF00015D1FB1D1A7882491300DB009B18CB18A7
:107B000008331B78FA1D12787F210B40D8B27C49CC
:107B10001300DB009B18CB180833021C1A70FB1DE6
:107B20001B783A339BB29B009BB20C26BC190825EC
:107B30007A1911001800FEF787F803002380BB199B
:107B40001B88002B00D0D1E02C003B191B881B0A9E
:107B50009AB20B257B191A703B191B88D9B2FB1DF1
:107B60001A7867481300DB009B18C31808331B788A
:107B700099421ED07B191B781B0219B2FB1D1A7883
:107B80005F481300DB009B18C31808331B781BB237
:107B90000B431BB29AB23B191A80FB1D1B783A3378
:107BA0009BB29B009AB23B191B8819001000FEF78C
:107BB000ABF8FB1D1B783A339BB29B009BB20133A1
:107BC0009BB208243A1911001800FEF73DF83B1942
:107BD0001B8819003B1D1B781A02282408256319ED
:107BE000DB191B781343994215D0FB1D1B783A33E0
:107BF0009BB29B009BB2013398B23B1D1B781B02CA
:107C00001AB26319DB191B781BB213431BB29BB268
:107C10001900FEF779F8FB1D1B783A339BB29B00E5
:107C20009BB202339BB208243A1911001800FEF7E8
:107C30000BF83B191B88190020240826A319DB190F
:107C40001B781A022C25AB19DB191B7813439942B8
:107C500016D0FB1D1B783A339BB29B009BB20233BC
:107C600098B2A319DB191B781B021AB2AB19DB19E6
:107C70001B781BB213431BB29BB21900FEF744F8EA
:107C8000FB1D1B783A339BB29B009BB203339BB224
:107C900008243A1911001800FDF7D6FF3B191B887C
:107CA000190024240826A319DB191B781A02302591
:107CB000AB19DB191B781343994219D0FB1D1B78B4
:107CC0003A339BB29B009BB2033398B2A319DB19E2
:107CD0001B781B021AB2AB19DB191B781BB21343BA
:107CE0001BB29BB21900FEF70FF801E00B2302E074
:107CF0000F23FB181B781800BD4605B0F0BDC04629
:107D00003832002080B500AF1D4B1E4A1A601C4B54
:107D1000802212065A601A4B00229A60184B0022E9
:107D2000DA60174B802212061A61154B04225A6141
:107D3000134B00221A76124B00225A76104B012266
:107D40009A760F4B2022002199540D4B00225A6243
:107D50000B4B00229A620A4B2C2200219954084BAB
:107D600000221A63064B180005F032FC031E01D0F6
:107D700000F0ACFB044B01221A70C046BD4680BD2A
:107D8000BC320020002401403C33002090B58BB071
:107D900000AF786014243B19180014231A00002146
:107DA0000EF061FB274B1A6C264B802149030A43D6
:107DB0001A64244B1A6C80235B0313403B613B69BC
:107DC000204B5A6B1F4B01210A435A631D4B5B6BBF
:107DD00001221340FB60FB681A4B5A6B194B0221BE
:107DE0000A435A63174B5B6B02221340BB60BB68AC
:107DF000154B1B78012B10D13B190C221A603B1933
:107E000003225A603B1900229A603A19A023DB052D
:107E10001100180007F0E8F910E014217B18C022C7
:107E200012011A607B1803225A607B1800229A60A4
:107E30007B18064A1900100007F0D6F9C046BD4667
:107E40000BB090BD001002404833002000040050E9
:107E500080B582B000AF02003960FB1D1A70FB1DB7
:107E60001B78022B03D0FB1D1B78032B39D1FB1D84
:107E70001B78022B03D11D4B01221A7002E01B4B11
:107E800001225A70FB1D1B78180001F0FBFC030057
:107E9000180009F0A3FFFB1D1B78013B144A0621C3
:107EA000D154FB1D1B78180001F0ECFC02003B686C
:107EB0001900100000F0B4FA03009AB20D4B1A80BA
:107EC0003A68FB1D1B781100180000F007FB030047
:107ED0001A00094B1A70094B1B78002B01D1FFF7D0
:107EE00011FFC046BD4602B080BDC04648330020E9
:107EF000981400202C3300203D3300203C33002018
:107F000090B585B000AFB9607A600F243B19021CB0
:107F10001A70384B1B78012B5CD13B191B78180069
:107F200001F0B0FC0200BB681900100000F078FA04
:107F300003009AB2304B1A80BA683B191B781100C3
:107F4000180000F0CBFA03001A002C4B1A702A4BD1
:107F50001B881A002A4B1A60294B01225A60284BB1
:107F600006229A60264A274B1100180005F002FEEF
:107F7000031E01D000F0AAFA224B180005F0D0FC35
:107F8000204B6421180005F055FD1E4B180005F02C
:107F9000E5FD0100194B1B781A0089B21A4B5200FB
:107FA000D152184B180005F009FD134B1B881A001D
:107FB000134B1A60124B02225A60114B06229A6030
:107FC0000F4A104B1100180005F0D4FD031E01D01C
:107FD00000F07CFA094B1B781A000B4B5200D35A65
:107FE0001800E9F737F9021C7B681A60C046BD46E5
:107FF00005B090BD3C3300202C3300203D330020E1
:1080000020330020BC32002030330020B0B582B0D5
:1080100000AF78603960694B1B78002B01D1FFF706
:1080200071FE674B674A1A60654B01225A60644BC8
:1080300002229A60624A644B1100180005F09AFD12
:10804000031E01D000F042FA5F4B180005F068FCF7
:108050005D4B6421180005F0EDFC5B4B180005F04A
:108060007DFD03009AB2594B1A80584B1B881800AB
:10807000EAF79CFF564A574BEAF7D6F802000B0086
:10808000100019000022544BE9F78AFC02000B0093
:1080900010001900514A524BEAF78EFB02000B0008
:1080A000100019004F4A504BE9F77AFC02000B0010
:1080B0001000190000224D4BE9F70EF902000B00E9
:1080C00010001900EBF70CF8021C7B681A603E4B9D
:1080D000180005F073FC3A4B3A4A1A60384B0222FA
:1080E0005A60374B02229A60354A374B110018000C
:1080F00005F040FD031E01D000F0E8F9304B3C4A8A
:108100001A602F4B01225A602D4B06229A602C4A8E
:108110002D4B1100180005F02DFD031E01D000F0BD
:10812000D5F9294B180005F0FBFB274B64211800FB
:1081300005F080FC244B180005F010FD03009AB2F6
:108140002C4B1A802C4B1B881800EAF72FFF204A73
:10815000204BEAF769F802000B0014001D00254BC4
:108160001B881800EAF722FF02000B0020002900FC
:10817000E9F716FC02000B0010001900EAF7B0FF47
:10818000021C3B681A60104B180005F017FC0C4BE2
:10819000174A1A600A4B02225A60094B02229A605F
:1081A000074A094B1100180005F0E4FC031E01D03A
:1081B00000F08CF9C046BD4602B0B0BD3C33002093
:1081C00020330020001000B0BC32002038330020E3
:1081D0006666666666660A4000FEAF408FC2F52896
:1081E0005C8FF63F33333333333311400000394073
:1081F000002000B43A330020BAF7FF1F80B588B0E2
:1082000000AF02003960FB1D1A70FB1D1B78022BAA
:1082100004D0FB1D1B78032B00D0E1E0734B1B78CF
:10822000002B57D1FFF76EFDFB1D1B78180001F0E6
:1082300029FB0300180009F0D1FDFB1D1B78032B5F
:1082400025D18023DA00A023DB051100180007F0F8
:1082500037F90C217B188022D2001A607B1801228A
:108260005A607B180222DA607B18614A19001000FC
:1082700006F0BAFFFB1D1B785E4A0621D15480230D
:10828000DB005B480122190007F00FFA22E0A0236F
:10829000DB050421180007F013F90C217B180422D8
:1082A0001A607B1801225A607B180222DA607A1861
:1082B000A023DB051100180006F096FFFB1D1B78BC
:1082C0004C4A0621D154A023DB05012204211800C9
:1082D00007F0EBF9FB1D1B78180001F0D3FA020040
:1082E000454B1900100000F09BF803009AB2434B75
:1082F0001A80424B1B881A00414B1A60404B0122E6
:108300005A603F4B02229A603D4A3E4B11001800D2
:1083100005F030FC031E01D000F0D8F8394B1800EE
:1083200005F0FEFA374B6421180005F083FB354B4E
:10833000180005F013FC03001800E8F78BFF021C7F
:10834000314B1A60304B1B68181CEAF781FE2F4A2C
:108350002F4BE9F769FF02000B0010001900002203
:108360002C4BE9F71DFB02000B0010001900EAF787
:10837000B7FE021C244B1A60234B1B682649181CAD
:10838000E8F766FC031C181CEAF762FE1F4A204B44
:10839000E9F706FB02000B0010001900EAF7A0FE47
:1083A000021C1E4B1A601D4B1A683B681A60154B65
:1083B000180005F003FB114B1B881A00104B1A60C4
:1083C0000F4B02225A600E4B02229A600C4A0D4B50
:1083D0001100180005F0CEFB031E01D000F076F866
:1083E000C046181CBD4608B080BDC0463C330020C6
:1083F0000004005098140020E8E002082C3300200C
:1084000020330020BC3200204033002066666666C0
:1084100066660A4000FEAF400000C84244330020B8
:1084200080B582B000AF786039607B681B681F4AF6
:10843000934209D11E4A3B6811001800E7F764FE19
:10844000031E01D11B4B2CE07B681B68174A93422B
:1084500009D1194A3B6811001800E7F755FE031EC1
:1084600001D1164B1DE07B681B68154A934209D168
:108470000F4A3B6811001800E7F746FE031E01D1C2
:10848000104B0EE07B681B680D4A934209D10A4AE3
:108490003B6811001800E7F737FE031E01D10A4BB5
:1084A000FFE71800BD4602B080BDC0460044004052
:1084B000F0E0020804000008E8E002080800000CF0
:1084C000004800400008002C0080003C80B500AF50
:1084D000642004F0D7FEC046BD4680BD80B582B0A2
:1084E00000AF02003960FB1D1A70FB1D1B78022BC8
:1084F0000BD1204A3B6811001800E7F705FE031E68
:1085000003D11D4B00221A702EE0FB1D1B78022B9D
:108510000BD11A4A3B6811001800E7F7F5FD031E5E
:1085200003D1154B01221A701EE0FB1D1B78032B93
:108530000BD1104A3B6811001800E7F7E5FD031E58
:1085400003D10D4B02221A700EE0FB1D1B78032B8A
:108550000AD10A4A3B6811001800E7F7D5FD031E4F
:1085600002D1054B03221A70034B1B781800BD463D
:1085700002B080BDF0E002083D330020E8E00208D0
:1085800080B582B000AF0200FB1D1A70C046BD4628
:1085900002B080BD80B582B000AF0200FB1D1A7032
:1085A000C046BD4602B080BD80B582B000AF0200BB
:1085B000FB1D1A70C046BD4602B080BD80B582B0BA
:1085C00000AF0200FB1D1A70BB1D0A1C1A70C046CA
:1085D000BD4602B080BD80B582B000AF0200FB1D79
:1085E0001A70BB1D0A1C1A70C046BD4602B080BD81
:1085F00080B500AFBFF34F8FC046044B044ADA602A
:10860000BFF34F8FC046C046FDE7C04600ED00E017
:108610000400FA0580B500AF04F018FE01F076FB07
:10862000C046BD4680BD000080B584B002AF0B4B94
:108630007B600B4B18787968FF230093FF2311228E
:1086400001F06EF8064B1878064B1968FF2300936B
:10865000FF230F2201F064F8FFF7CAFF0CE10208C4
:10866000D81700201405002080B584B000AF7860D2
:108670000A00BB1C1A800F4BBA1C12881A800E4BC2
:108680001B780133DAB20C4B1A700023FB600B4BE2
:108690001B680C22BA181100180004F071F9FB686D
:1086A000002B03D0064B802252051A60C046BD46FF
:1086B00004B080BDAA330020AC330020D8210020B4
:1086C00004ED00E080B582B000AF00237B60074B73
:1086D000180009F009FE7B68002B03D0044B8022B0
:1086E00052051A60C046BD4602B080BD80250020FC
:1086F00004ED00E080B582B000AF00237B60074B43
:10870000180009F0F1FD7B68002B03D0044B802298
:1087100052051A60C046BD4602B080BD1426002036
:1087200004ED00E080B582B000AF00237B600D4B0C
:10873000180009F0D9FD0C4B180009F0D5FD0B4BC2
:10874000180009F0D1FD0A4B180009F0CDFD7B6837
:10875000002B03D0074B802252051A60C046BD464D
:1087600002B080BDA82600203C270020D027002092
:108770006428002004ED00E080B584B000AF78608C
:108780000023FB607B68DB6F002B03D07B68180045
:10879000FCF7F0FB7B681800FAF782FB03001A0075
:1087A000064B9200D3580C22BA181100180002F0A0
:1087B000D6F9C046BD4604B080BDC0461422002094
:1087C000B0B584B000AF78607B68882220219950D2
:1087D0000F257C197B681800FAF762FB03002370F1
:1087E00029007B181B78254AD35C022B13D17B18F8
:1087F0001B785A1E224B9200D3581B68283319004D
:108800007B6880229B581B685B689AB27B68180063
:108810000CF0DEF82EE00F243B191B78013B194ABF
:108820000021D1543B191B78013B174A0021D15438
:108830003B191B785A1E13005B009B189B01134ABF
:108840009B18C022002118000DF00DFE3B191B786B
:108850005A1E13005B009B189B010C4A99187B68F9
:10886000C02218000CF0B4F83B191B78013B084AF1
:108870000121D154C046BD4604B0B0BD98140020BB
:1088800040200020441400204C140020801B0020B5
:108890008820002080B582B000AF7860C046BD4619
:1088A00002B080BD80B586B002AF786039600B4BF6
:1088B000FB600B4B1878F968FF230093FF2310220D
:1088C00000F02EFF064B1878064B1968FF23009323
:1088D000FF230F2200F024FFFFF78AFE20E10208A9
:1088E000D81700201405002080B584B002AF0B4BD0
:1088F0007B600B4B18787968FF230093FF231422C9
:1089000000F00EFF064B1878064B1968FF23009302
:10891000FF230F2200F004FFFFF76AFE34E1020894
:10892000D81700201405002080B500AF294BDA6D60
:10893000284B802109020A43DA65274B274A1A602F
:10894000254B00229A60244B7C22DA60224B244A79
:108950001A61214B00225A611F4B00229A611E4B63
:108960000022DA611C4B8022D2051A621A4B0022C7
:108970005A62194B180008F0DDFC031E01D0FF23DA
:1089800025E0154B0121180009F072F80300154A83
:10899000934202D000F02AF811E00E4B1A6E8023A9
:1089A0001B05134002D0104B00221A70094B1A6E9F
:1089B0008023DB04134002D00B4B01221A70054BBD
:1089C0001A6E044B802109040A431A66002318001A
:1089D000BD4680BD00100240003400200028004049
:1089E000CF070000F23200002C340020B0B58EB06A
:1089F00000AF0C257B195A4A13CA13C33B00594ACE
:108A000003CA03C312781A707B19093318000CF0DB
:108A1000F6F802003523FB181A707B1900229A71B0
:108A20007B19043318000CF0EAF802003423FB1819
:108A30001A707B190022DA703623FB1800221A7094
:108A400019E036243B191A78474B9200D2580C2370
:108A5000FB1811001800E7F757FB031E05D1372359
:108A6000FB183A19127801321A7036217B181A78DD
:108A70007B1801321A703623FB181B780B2BE0D9B8
:108A80003B00063318000CF0BAF802003323FB1841
:108A90001A700C243B1900225A713B000333180052
:108AA0000CF0ADF802003223FB181A703B190022BB
:108AB0009A703B0018000CF0A2F802003123FB185A
:108AC0001A702C217B183522BA181278DA707B18AC
:108AD0003722BA1812785A707B183422BA181278D2
:108AE0009A707B1801221A707918204B0022180006
:108AF00008F0CEFD031E01D0FF232CE018217B18C7
:108B00003122BA1812781A707B183222BA181278E9
:108B10005A707B183322BA1812789A707B18002288
:108B2000DA70134B18225A737B180022DA607B1814
:108B300000221A6179180D4B0022180008F0A4FCDD
:108B4000031E01D0FF2306E00A4A084B012118004A
:108B500008F071FF00231800BD460EB0B0BDC0463E
:108B600054E1020860E10208B40000200034002053
:108B700078140020F2320000B0B588B000AF0500D4
:108B80000C0010001900FB1D2A1C1A70BB1D221CB2
:108B90001A703B1D021C1A80FB1C0A1C1A703B1D1C
:108BA0001B88DBB23033DAB21C217B18DA707B18F9
:108BB000FA1D12785A707B18BA1D12789A707B18B9
:108BC000FA1C12781A707918324B0022180008F03B
:108BD0005FFD031E01D0FF2358E008217B183820D9
:108BE0003A1812781A707B183422BA1812785A7010
:108BF0007A183023FB181B7893707B1800221A61B7
:108C00003B181B780C2B02D9234B18225A733C2398
:108C1000FB181B78012B07D10823FB180022DA7000
:108C20001D4B0C225A730FE03C23FB181B78022BC0
:108C300007D10823FB180122DA70174B0C225A7354
:108C400002E0154B18225A730823F918114B002221
:108C5000180008F019FC031E01D0FF2316E00E4B8C
:108C60005B7B1B021AB20C4B1B791BB213431BB26A
:108C70009AB28D235B0011001800FDF745F8074AF2
:108C8000044B0121180008F0D6FE00231800BD4651
:108C900008B0B0BD0034002078140020F23200008B
:108CA00090B587B000AF39001F4B0022180008F0C4
:108CB00093FC142439191C4B0022180008F07AFD8B
:108CC0003B00DB78DB09DBB20133DAB2174BDA7435
:108CD0003B005B685B089AB2144BDA813B009A78E0
:108CE000124B1A743B005A78104B5A743B001A7896
:108CF0000E4B9A743B199A780C4B5A753B195A785B
:108D00000A4B9A753B191A78084B1A753B19DB7890
:108D1000FA22D200944663449AB2044B1A83C046A6
:108D2000BD4607B090BDC046003400207814002036
:108D300080B582B000AF174B1A6C164B80218902A8
:108D40000A431A64134B1A6C80239B0213407B6006
:108D50007B68114B114A1A600F4B2F225A600E4B41
:108D600000229A600C4B0E4ADA600B4B00221A610B
:108D7000094B00225A61084B00229A61064B1800E9
:108D800008F091FE044B180008F0EEFEC046BD4608
:108D900002B080BD00100240803400200044014039
:108DA000FFFF000080B582B000AF174B1A6C164B66
:108DB0008021C9020A431A64134B1A6C8023DB0218
:108DC00013407B607B68114B114A1A600F4B114AAC
:108DD0005A600E4B00229A600C4B0F4ADA600B4B24
:108DE00000221A61094B00225A61084B00229A6145
:108DF000064B180008F057FE044B180008F0B4FEAC
:108E0000C046BD4602B080BD00100240CC340020F8
:108E1000004801407FBB0000FFFF000080B584B028
:108E200000AF0200BB1D1A800023FB6001F0D0FAE6
:108E3000BB1D1B88002B0DD0094B1B685B6AFB60B8
:108E4000C046074B1B685A6AFB68D21ABB1D1B88B9
:108E50009A42F6D901F0CEFAC046BD4604B080BDB4
:108E60008034002080B584B000AF0200BB1D1A80A2
:108E70000023FB6001F0ACFABB1D1B88002B0DD05A
:108E8000094B1B685B6AFB60C046074B1B685A6A4C
:108E9000FB68D21ABB1D1B889A42F6D901F0AAFAC8
:108EA000C046BD4604B080BDCC34002080B500AFC4
:108EB0001B4B1C4A1A601A4BE12212035A60184BD2
:108EC00000229A60164B0022DA60154B00221A61CC
:108ED000134B0C225A61124B00229A61104B002254
:108EE000DA610F4B00221A620D4B00225A620C4BC2
:108EF00000229A620A4B180008F01AFF084B002162
:108F000018000BF0E3FC064B002118000BF01EFDCF
:108F1000034B18000BF0A0FCC046BD4680BDC04608
:108F2000802500200038014080B500AF1B4B1C4A53
:108F30001A601A4BE12212035A60184B00229A6001
:108F4000164B0022DA60154B00221A61134B0C22DB
:108F50005A61124B00229A61104B0022DA610F4BCA
:108F600000221A620D4B00225A620C4B00229A62B8
:108F70000A4B180008F0DCFE084B002118000BF02B
:108F8000A5FC064B002118000BF0E0FC034B180079
:108F90000BF062FCC046BD4680BDC04614260020D2
:108FA0000044004080B500AF1B4B1C4A1A601A4BAE
:108FB000E12212035A60184B00229A60164B0022DD
:108FC000DA60154B00221A61134B0C225A61124BC6
:108FD00000229A61104B0022DA610F4B00221A62C4
:108FE0000D4B00225A620C4B00229A620A4B180069
:108FF00008F09EFE084B002118000BF067FC064BA2
:10900000002118000BF0A2FC034B18000BF024FC0D
:10901000C046BD4680BDC046A8260020004800408E
:1090200080B500AF124B134A1A60114BE1221203B4
:109030005A600F4B00229A600D4B0022DA600C4BF5
:1090400000221A610A4B0C225A61094B00229A61D4
:10905000074B0022DA61064B00221A62044B002201
:109060009A62034B180008F063FEC046BD4680BDFF
:109070003C270020004C004080B500AF144B154A3F
:109080001A60134BE12212035A60114B00229A60BE
:109090000F4B0022DA600E4B00221A610C4B0C229F
:1090A0005A610B4B00229A61094B0022DA61084B8E
:1090B00000221A62064B00225A62054B00229A6275
:1090C000034B180008F034FEC046BD4680BDC046C4
:1090D000D02700200050004080B500AF144B154A47
:1090E0001A60134BE12212035A60114B00229A605E
:1090F0000F4B0022DA600E4B00221A610C4B0C223F
:109100005A610B4B00229A61094B0022DA61084B2D
:1091100000221A62064B00225A62054B00229A6214
:10912000034B180008F004FEC046BD4680BDC04693
:1091300064280020003C0140B0B5A6B000AF7860C4
:1091400084243B19180014231A0000210DF08BF918
:1091500038257B1918004C231A0000210DF083F9E3
:109160007B681B68E94A934272D17B1901221A601D
:109170007B1900225A607B19180007F09FFEE44B10
:109180001A6CE34B8021C9010A431A64E04B1A6C44
:109190008023DB0113407B637B6BDD4B5A6BDC4B25
:1091A00001210A435A63DA4B5B6B012213403B6394
:1091B0003B6B3B19C022D2001A6021007B180222AF
:1091C0005A607B1800229A607B180022DA607B18B4
:1091D00001221A617A18A023DB051100180006F09D
:1091E00003F8CC4BCC4A1A60CA4B32225A60C94BA6
:1091F00000229A60C74B0022DA60C64B80221A61B7
:10920000C44B00225A61C34B00229A61C14B2022F9
:10921000DA61C04B00221A62BE4B180005F0EAFA70
:10922000002200211B2005F071F81B2005F083F8B7
:109230007B688021B74A5A50B64B7A689A62B54B20
:109240001B681A68B34B1B6804218A431A6051E2F9
:109250007B681B68B14A934272D138217B18022285
:109260001A607B1800229A607B18180007F026FE0F
:10927000A74BDA6BA64B802189020A43DA63A44B21
:10928000DA6B80239B021340FB62FB6AA04B5A6B94
:109290009F4B01210A435A639D4B5B6B0122134094
:1092A000BB62BB6A84217B180C221A607B180222E5
:1092B0005A607B1800229A607B180022DA607B18C3
:1092C00001221A617A18A023DB051100180005F0AD
:1092D0008BFF934B934A1A60914B34225A60904B08
:1092E00000229A608E4B0022DA608D4B80221A6138
:1092F0008B4B00225A618A4B00229A61884B2022B4
:10930000DA61874B00221A62854B180005F072FA69
:109310007B688021824A5A50814B7A689A62002287
:1093200000211C2004F0F2FF1C2005F004F87C4B07
:109330001B681A687A4B1B6804218A431A60D9E1BA
:109340007B681B68784A934272D138217B180422CB
:109350001A607B180022DA607B18180007F0AEFD57
:109360006B4BDA6B6A4B8021C9020A43DA63684BA4
:10937000DA6B8023DB0213407B627B6A644B5A6B9F
:10938000634B02210A435A63614B5B6B0222134019
:109390003B623B6A84217B18C02212011A607B1851
:1093A00002225A607B1800229A607B180022DA6041
:1093B0007B1804221A617B185C4A1900100005F022
:1093C00013FF5B4B5B4A1A60594B36225A60584B6D
:1093D00000229A60564B0022DA60554B80221A61B7
:1093E000534B00225A61524B00229A61504B20226B
:1093F000DA614F4B00221A624D4B180005F0FAF962
:109400007B6880214A4A5A50494B7A689A62002206
:1094100000211D2004F07AFF1D2004F08CFF444B36
:109420001B681A68424B1B6804218A431A6061E179
:109430007B681B68404A934200D083E0344BDA6B70
:10944000334B802109030A43DA63314BDA6B802303
:109450001B031340FB61FB692D4B5A6B2C4B012105
:109460000A435A632A4B5B6B01221340BB61BB6901
:1094700084217B1803221A607B1802225A607B1811
:1094800000229A607B180022DA607B1804221A619D
:109490007A18A023DB051100180005F0A5FE274B64
:1094A000274A1A60254B38225A60244B00229A60C2
:1094B000224B0022DA60214B80221A611F4B0022CE
:1094C0005A611E4B00229A611C4B2022DA611B4B11
:1094D00000221A62194B180005F08CF97B68802174
:1094E000164A5A50154B7A689A62002200211D20B4
:1094F00004F00CFF1D2004F01EFF104B1B681A68BF
:109500000E4B1B6804218A431A60F3E000380140C7
:10951000001002408C35002008000240004400404A
:10952000EC3500201C0002400048004000040050C0
:109530004C36002030000240004C0040AC36002089
:10954000440002407B681B686C4A934266D16C4BB6
:10955000DA6B6B4B802149000A43DA63684BDA6BA4
:1095600080235B0013407B617B69654B5A6B644BC6
:1095700008210A435A63624B5B6B082213403B612C
:109580003B6984217B180C221A607B1802225A60E6
:109590007B1800229A607B180022DA607B18032275
:1095A0001A617B18574A1900100005F01DFE564B32
:1095B000564A1A60544B4A225A60534B00229A6012
:1095C000514B0022DA60504B80221A614E4B002230
:1095D0005A614D4B00229A614B4B2022DA614A4B73
:1095E00000221A62484B180005F004F97B688021BC
:1095F000454A5A50444B7A689A62002200211D2045
:1096000004F084FE1D2004F096FE3F4B1B681A6890
:109610003D4B1B6804218A431A606BE07B681B6822
:109620003B4A934266D1364BDA6B354B8021890039
:109630000A43DA63324BDA6B80239B001340FB60F2
:10964000FB682F4B5A6B2E4B02210A435A632C4B5B
:109650005B6B02221340BB60BB6884217B18C02275
:1096600092001A607B1802225A607B1800229A60CE
:109670007B180022DA607B1808221A617B18254AC1
:109680001900100005F0B0FD234B244A1A60224B4C
:109690004C225A60204B00229A601F4B0022DA6055
:1096A0001D4B80221A611C4B00225A611A4B00226A
:1096B0009A61194B2022DA61174B00221A62164B6D
:1096C000180005F097F87B688021134A5A50124B16
:1096D0007A689A62002200211D2004F017FE1D20E6
:1096E00004F029FE0C4B1B681A680B4B1B68042105
:1096F0008A431A60C046BD4626B0B0BD0050004047
:1097000000100240000C00500C37002058000240AE
:10971000003C0140000400506C3700206C00024007
:10972000B0B586B000AFB96011007B600F243B1963
:10973000021C1A700C23FB180A1C1A801723FB1832
:1097400001221A703B191B78180000F09BF8031EC9
:1097500032D03B191A781C4B9200D3587A6811000A
:10976000180000F057FA031E26D113E00F23FB1850
:109770001B78180000F086F805001723FC18B86A5B
:109780000C23FB181A88B9680300280008F06EFB48
:10979000030023701722BB181B78002B03D0BB18C3
:1097A0001B78032BE2D10F23FB181A78064B92008B
:1097B000D358180000F078FA1723FB181B7818000C
:1097C000BD4606B0B0BDC04614220020F0B587B03B
:1097D00000AFB96011007B600F243B19021C1A70A6
:1097E0000C257B190A1C1A801726BB1901221A7036
:1097F0003B191B78180000F045F8031E19D03B19DF
:109800001A780F4B9200D3587A681100180000F0B4
:1098100001FA031E0DD13B191B78180000F032F835
:10982000BC197B191A88BB68190008F0BBFB030040
:1098300023701723FB181B781800BD4607B0F0BD36
:109840001422002090B585B000AF02003960FB1DE6
:109850001A700F243B1900221A70FB1D1B78180088
:1098600000F010F80300BB60BB683A685A60BB6840
:10987000180008F05DFA3B191B781800BD4605B0CA
:1098800090BD000080B582B000AF0200FB1D1A70D1
:10989000FB1D1B78062B10D89A000A4BD3181B68A7
:1098A0009F46094B0AE0094B08E0094B06E0094BCB
:1098B00004E0094B02E0094B00E000231800BD461C
:1098C00002B080BD74E102083C270020142600206D
:1098D000A826002080250020D02700206428002012
:1098E00080B582B000AF78600A00FB1C1A707B68FC
:1098F000002B54D0FB1C1B78012B26D17B68180051
:10990000F9F7CEFA0300013B802212021A4111003E
:10991000254B1B785A1E254B5200D35A1AB20BB254
:10992000134319B2204B1B785A1E89B21F4B5200A9
:10993000D1527B6808229A627B68802212029A6365
:109940007B68180008F0F4F929E0FB1C1B78002B59
:1099500025D17B681800F9F7A3FA0300013B8022A8
:1099600012021A411300D9430F4B1B785A1E0F4B9A
:109970005200D35A1BB20AB2134019B20A4B1B78D9
:109980005A1E89B2094B5200D1527B6808229A6252
:109990007B6800229A637B68180008F0C9F9C0460A
:1099A000BD4602B080BDC0461101002078350020C0
:1099B00080B582B000AFFB1D00221A70BB1D0122D2
:1099C0001A7035E0204B1B78BA1D12789A4211D0DC
:1099D000BB1D1B78002213211800F1F76DFE322009
:1099E000FFF740FA194B1B78002B1CD0FB1D0222FD
:1099F0001A7018E07B1D01221A7010E0124B1B78C0
:109A0000591E114B1B785A1E114B4900C95A104B55
:109A10005200D1527B1D1A787B1D01321A707B1DBA
:109A20001B78062BEAD9BB1D1A78BB1D01321A70B0
:109A3000084B1B78BA1D12789A42C3D9FB1D1B78BC
:109A40001800BD4602B080BD11010020D6170020CD
:109A5000783500201001002080B586B000AF0200EC
:109A6000FB1D1A700F23FB1800221A701623FB1817
:109A700000221A8001233B6118E03B69DBB2180029
:109A8000FFF700FF03009A6B80231B029A420AD162
:109A90001622BB181B88BA18591C11801A003B6982
:109AA000D9B20C4B99543B6901333B613B69062B9E
:109AB000E3DD1623FB181A88FB1D1B781421180000
:109AC000F1F7FAFD0F23FB181B781800BD4606B00E
:109AD00080BDC046A41700201748854600F045F811
:109AE00016481749174A002302E0D458C4500433DB
:109AF000C4188C42F9D3144A144C002301E01360BB
:109B00000432A242FBD312481249026800608A4222
:109B100005D000F02AF80CF093FD0BF043F80E4846
:109B20000E4901600E480D4901600E4801688D46DE
:109B300040680047FEE700000040022000000020CF
:109B4000FC0C00202CE90208200D002008A10120B7
:109B5000F03F0220EFBEADDE4010024001000000E9
:109B6000000001400000FF1FFEE780B500AFC046C7
:109B7000BD4680BD80B582B000AFEFF305837B604A
:109B80007B685A1E9341DBB21800BD4602B080BD0F
:109B900080B500AF01F0BCFD00231800BD4680BDBC
:109BA00080B584B000AF78607B68FB60FB68002BF9
:109BB00001D0FB6800E00123180001F081FC0023C4
:109BC0001800BD4604B080BD80B584B000AF786099
:109BD00039603B68012B11D103220021012000F0E4
:109BE0006EFE0300FB60FB68002B05D0F8680023C5
:109BF0000022002100F0CBFEFB6806E03B683A68DB
:109C00001100180000F0ABFE03001800BD4604B0C0
:109C100080BD000080B584B000AF7860396000235B
:109C2000BB607B68002B01D1802336E00023FB6002
:109C30003B68013303D101235B42FB6009E03B68D1
:109C4000002B06D03B68FB60FB68002B01D1012391
:109C5000FB60FFF78FFF031E13D00823FA187B6801
:109C60000021180001F016F90300012B01D0FF2399
:109C700013E0BB68002B0FD00A4B802252051A60FC
:109C80000AE0FA687B681100180001F047F8030049
:109C9000012B01D0FF2300E000231800BD4604B0D3
:109CA00080BDC04604ED00E080B584B000AF7860B0
:109CB0000023FB600023BB60FFF75CFF031E13D093
:109CC0000823FA187B681100180000F048FF030011
:109CD000012B01D0FF2313E0BB68002B0FD00A4BF0
:109CE000802252051A600AE07868002300220021D1
:109CF00000F04DFE0300012B01D0FF23FB60FB6849
:109D00001800BD4604B080BD04ED00E080B500AF92
:109D100002F034FA0300012B01D000F0ADFBC04685
:109D2000BD4680BD80B584B000AF78600023FB6085
:109D3000082000F0DDFB0300BB60BB68002B12D0E5
:109D400000F046FBBB687A681A60BB6800225A6064
:109D5000074B1B68BA685A60054BBA681A6000F076
:109D600049FB0123FB60FB681800BD4604B080BDC1
:109D7000B005002080B588B000AFF860B9607A60A7
:109D80000123FB613E4B1B68002B46D13C4B3D4AF7
:109D90001A603CE03A4B1B681B681B68BB61BB69DF
:109DA0001800E6F7BBF903007B61FA687B69D318FA
:109DB0001B785BB2202B06D0FA687B69D3181B781E
:109DC0005BB2002B1ED17A69B969FB6818000CF0F0
:109DD0006DFB031E16D12A4B1B681B681B7B5BB2F5
:109DE000002B19DBFB68180000F062F903001A0071
:109DF000234B1B681B681B7B5BB29A420CD0002371
:109E0000FB6109E01E4B1B685A681D4B1A601C4B16
:109E10001B68002BBED100E0C046194B1B68002B0D
:109E20000CD0FB69002B09D17A681749BB68180070
:109E30000CF04DFB124B00221A601CE0104B1B680B
:109E4000002B10D00E4B1B681B689B68FA68796862
:109E5000B86898470300FB61FB69002B0BD1084BE6
:109E600000221A6007E07A680849BB6818000CF005
:109E70002EFB0023FB61FB691800BD4608B080BDC6
:109E8000803A0020A805002094E20208ECE20208D3
:109E900080B500AF014B1800BD4680BD1C380020C6
:109EA00080B586B000AFF860B9607A6000237B614E
:109EB00000233B617B6800221A6042E0FB680133AB
:109EC000FB60FB681B785BB2002B08D0FB681B783B
:109ED0005BB2202BF2D102E0FB680133FB60FB6830
:109EE0001B785BB2002B04D0FB681B785BB2202B85
:109EF000F2D0FB681B785BB2002B27D07B69013363
:109F00007B617A69BB689A421BD1FB683B6107E0C1
:109F10007B681B685A1C7B681A60FB680133FB6016
:109F2000FB681B785BB2002B04D0FB681B785BB22C
:109F3000202BEDD17B681B68002B09D100233B61EE
:109F400006E07A69BB689A42BBD302E0C04600E0F3
:109F5000C0463B691800BD4606B080BD80B586B0DE
:109F600000AFF860B9607A6000233B611023FA18F3
:109F70007B6801211800FFF793FF0200434B1A6032
:109F8000424B1B68002B2BD0404B1B6840490622DC
:109F900018000CF08BFA031E22D13E4B1B78072BC6
:109FA00002D13C4B00221A703A4B1B785A1CD1B29A
:109FB000384A11701A00384B9200D158BA68FB68C1
:109FC00018000CF084FA334B1B78072B05D10023C3
:109FD0007B61304B00221A7052E001237B614FE01D
:109FE0002A4B1B68002B4BD12C4B1B68002B05D137
:109FF0002A4B2B4A1A602B4B01221A70294B1A78D4
:10A00000294B1B789A421ED9FB6808331800234B52
:10A010001B681B685968BB68083B1A000CF057FAAC
:10A02000FB680133214A110018000CF03CFBFB686F
:10A0300028221A70FB68063329221A70FB6807333E
:10A0400020221A7008E0154B1B681B685968BA6813
:10A05000FB6818000CF03BFA104B1B685A680F4B5A
:10A060001A60104B1B780133DAB20E4B1A700B4B8F
:10A070001B68002B02D100237B6101E001237B617F
:10A080007B691800BD4606B080BDC046843A0020FA
:10A090003CE30208883A0020140100208C3A00209A
:10A0A000A8050020903A00209714002074B20208FE
:10A0B00080B584B000AF78600F23FB1800221A70BF
:10A0C0000023BB6018E07B681B785BB2202B0ED1AD
:10A0D000BB68012B0DD00F217B181B785BB2DBB264
:10A0E0000133DAB27B181A700123BB6001E0002350
:10A0F000BB607B6801337B607B681B785BB2002BA5
:10A10000E1D1BB68012B08D10F217B181B785BB212
:10A11000DBB2013BDAB27B181A700F23FB181B78F5
:10A120005BB21800BD4604B080BD80B582B000AF00
:10A130001C2000F0DDF903007B607B68002B07D05A
:10A140007B6800221A607B680433180000F005F871
:10A150007B681800BD4602B080BD80B582B000AFFC
:10A1600078607B6808331A007B685A607B6801223C
:10A1700052429A607B6808331A007B68DA607B6819
:10A1800008331A007B681A617B6800221A60C04697
:10A19000BD4602B080BD80B582B000AF78607B68FC
:10A1A00000221A61C046BD4602B080BD80B584B0B1
:10A1B00000AF786039607B685B68FB603B68FA6879
:10A1C0005A60FB689A683B689A60FB689B683A68CB
:10A1D0005A60FB683A689A603B687A681A617B68E3
:10A1E0001B685A1C7B681A60C046BD4604B080BD1F
:10A1F00080B584B000AF786039603B681B68BB6095
:10A20000BB68013303D17B681B69FB600CE07B6892
:10A210000833FB6002E0FB685B68FB60FB685B681F
:10A220001B68BA689A42F6D2FB685A683B685A6063
:10A230003B685B683A689A603B68FA689A60FB68BA
:10A240003A685A603B687A681A617B681B685A1CD6
:10A250007B681A60C046BD4604B080BD80B584B03E
:10A2600000AF78607B681B69FB607B685B687A681D
:10A2700092689A607B689B687A6852685A60FB684B
:10A280005B687A689A4203D17B689A68FB685A6077
:10A290007B6800221A61FB681B685A1EFB681A6003
:10A2A000FB681B681800BD4604B080BD80B584B053
:10A2B00000AFF860B9607A60FB68043BFB60FB6844
:10A2C000802252041A60FB68043BFB60BA68FB689A
:10A2D0001A60FB68043BFB60084AFB681A60FB6875
:10A2E000143BFB607A68FB681A60FB68203BFB60EC
:10A2F000FB681800BD4604B080BDC04601A301083C
:10A3000080B582B000AF00237B6072B6C0467B6828
:10A31000002BFCD0C046C046BD4602B080BD80B513
:10A3200000AFC046BD4680BD000000000000000038
:10A330000B4A13681868203080F30988022080F3E4
:10A340001488BFF36F8F3FBCAE4608BC04BC62B636
:10A350001847C046C046C046C046C046C046C04674
:10A36000849A0120C046C04680B500AF0E4B1A68E3
:10A370000D4BFF2109040A431A600B4B1A680A4B64
:10A38000FF2109060A431A6000F090F8074B0022EB
:10A390001A60FFF7CDFF01F0DDFBFFF7B1FF0023EF
:10A3A0001800BD4680BDC04620ED00E0B405002089
:10A3B00080B500AF054B802252051A60BFF34F8F66
:10A3C000BFF36F8FC046BD4680BDC04604ED00E0C0
:10A3D00080B500AF72B6064B1B685A1C044B1A605E
:10A3E000BFF34F8FBFF36F8FC046BD4680BDC046E1
:10A3F000B405002080B500AF064B1B685A1E054B04
:10A400001A60044B1B68002B00D162B6C046BD46E3
:10A4100080BDC046B4050020EFF3108072B67047CF
:10A42000C046180080F310887047C0460000000046
:10A43000EFF309800E4B1A6820381060F0C04446D4
:10A440004D4656465F46F0C008B572B601F082FB35
:10A4500062B60CBC116808681030F0C8A046A94666
:10A46000B246BB4680F309882038F0C81847C0467A
:10A47000849A0120C046C04680B582B000AFFFF785
:10A48000CBFF03007B6001F0BDFA031E03D0064B37
:10A49000802252051A607B681800FFF7C3FFC04690
:10A4A000BD4602B080BDC04604ED00E080B500AFFF
:10A4B0000B4B00221A600B4B00221A600A4B1B68E0
:10A4C000FA2291001800E5F745FE03001A00074B39
:10A4D000013A1A60024B07221A60C046BD4680BD91
:10A4E00010E000E018E000E01805002014E000E0B3
:10A4F00080B586B000AF78600023FB6001F042F9C0
:10A50000454B1B68002B01D100F0D2F8434B1B6870
:10A510007A68134000D072E07B68002B0CD00822D0
:10A520007B689B187B607B680722134004D07B68A4
:10A530000722934308337B607B68002B5FD0384B46
:10A540001B687A689A425AD8364B3B61354B1B6878
:10A550007B6104E07B693B617B691B687B617B6994
:10A560005B687A689A4203D97B691B68002BF1D13A
:10A57000294B1B687A699A4241D03B691B680822C3
:10A580009B18FB607B691A683B691A607B695A6893
:10A590007B68D21A08235B009A4210D97A697B68DB
:10A5A000D318BB607B695A687B68D21ABB685A6053
:10A5B0007B697A685A60BB68180000F0D9F8184BBC
:10A5C0001A687B695B68D21A154B1A60144B1A68BB
:10A5D000154B1B689A4203D2114B1A68124B1A6032
:10A5E0007B695A680D4B1B681A437B695A607B690B
:10A5F00000221A600D4B1B685A1C0C4B1A6001F0AC
:10A60000CDF8FB68002B01D1FEF76EF9FB6818004E
:10A61000BD4606B080BDC0462C9A0120409A01205C
:10A62000309A0120249A0120349A0120389A01207E
:10A6300080B584B000AF78607B68FB607B68002BDE
:10A640002CD008235B42FA68D318FB60FB68BB6020
:10A65000BB685A68134B1B6813401FD0BB681B684C
:10A66000002B1BD1BB685A680E4B1B68DB431A409A
:10A67000BB685A6001F086F8BB685A680A4B1B68D1
:10A68000D218094B1A60BB68180000F071F8074B2C
:10A690001B685A1C054B1A6001F080F8C046BD4685
:10A6A00004B080BD409A0120309A01203C9A0120DC
:10A6B00080B584B000AF274BBB60274BFB60FB68C5
:10A6C000072213400CD0FB680733FB60FB680722AE
:10A6D0009343FB60BA68FB68D21A1F4BD318BB6068
:10A6E000FB687B601D4B7A681A601C4B00225A6025
:10A6F0007B68BA68D318FB600822FB689B1AFB6072
:10A70000FB6807229343FB60FA68154B1A60144BF1
:10A710001B6800225A60124B1B6800221A607B687B
:10A720003B603B68FA68D21A3B685A600C4B1A6867
:10A730003B681A603B685A680A4B1A603B685A6863
:10A74000094B1A60094B802212061A60C046BD46AA
:10A7500004B080BD905F0100943A0020249A01204B
:10A760002C9A0120349A0120309A0120409A01202D
:10A7700080B584B000AF7860274BFB6002E0FB68D7
:10A780001B68FB60FB681B687A689A42F7D8FB6815
:10A79000BB60FB685B68BA68D3187A689A4208D1D4
:10A7A000FB685A687B685B68D218FB685A60FB6874
:10A7B0007B607B68BB607B685B68BA68D218FB68AB
:10A7C0001B689A4218D1FB681A68144B1B689A429E
:10A7D0000DD07B685A68FB681B685B68D2187B6881
:10A7E0005A60FB681B681A687B681A6008E00B4BAC
:10A7F0001A687B681A6003E0FB681A687B681A6055
:10A80000FA687B689A4202D0FB687A681A60C04690
:10A81000BD4604B080BDC046249A01202C9A012078
:10A8200080B584B000AF786039607B68FB60FFF76B
:10A83000CFFDFB681A68FB68D96BFB681B6C4B4348
:10A84000D218FB689A60FB6800229A63FB681A685A
:10A85000FB685A60FB681A68FB68DB6B591EFB6873
:10A860001B6C4B43D218FB68DA60FB684422FF2163
:10A870009954FB684522FF2199543B68002B0DD168
:10A88000FB681B69002B13D0FB681033180001F024
:10A890002FFA031E0CD0FFF78BFD09E0FB68103385
:10A8A0001800FFF75AFCFB6824331800FFF755FC2B
:10A8B000FFF7A0FD01231800BD4604B080BD90B590
:10A8C0008BB002AFF860B960FB1D1A70FB68BA6804
:10A8D0005343FB61FB6950331800FFF709FE030087
:10A8E000BB61BB69002B0ED0BB697B617B695033B8
:10A8F0007B61FB1D1C787A69B968F868BB690093B5
:10A90000230000F005F8BB691800BD4609B090BDF2
:10A9100080B584B000AFF860B9607A601A00FB1CA3
:10A920001A70BB68002B03D1BB69BA691A6002E0D8
:10A93000BB697A681A60BB69FA68DA63BB69BA688E
:10A940001A64BB6901211800FFF76AFFBB69FA1C92
:10A950004C2112785A54C046BD4604B080BD80B523
:10A9600084B000AF786039607B6802220021180053
:10A97000FFF7A5FF0300FB60FB68002B02D0FB681C
:10A980003A689A63FB681800BD4604B080BD80B584
:10A990008AB000AFF860B9607A603B6000237B62E8
:10A9A000FB683B62FFF714FD3B6A9A6B3B6ADB6B0B
:10A9B0009A4202D33B68022B1ED13A68B9683B6ABF
:10A9C000180000F0CDFA0300FB613B6A5B6A002BC4
:10A9D00009D03B6A2433180001F08AF9031E07D01E
:10A9E000FFF7E6FC04E0FB69002B01D0FFF7E0FC79
:10A9F000FFF700FD01235BE07B68002B03D1FFF72D
:10AA0000F9FC002354E07B6A002B06D11423FB18C9
:10AA1000180001F0C5F901237B62FFF7EBFC00F0A1
:10AA2000B1FEFFF7D5FC3B6A44229B5C5BB201336D
:10AA300003D13B6A4422002199543B6A45229B5C26
:10AA40005BB2013303D13B6A452200219954FFF7E1
:10AA5000D1FC3A1D1423FB181100180001F0B4F9C1
:10AA6000031E1ED13B6A180000F07FFB031E11D0AD
:10AA70003B6A10337A681100180001F0FDF83B6A58
:10AA8000180000F0FEFA00F089FE031E8AD1FFF7DD
:10AA90008FFC87E73B6A180000F0F3FA00F07EFEB7
:10AAA00080E73B6A180000F0ECFA00F077FE002324
:10AAB0001800BD460AB080BD90B58BB000AFF860FD
:10AAC000B9607A603B60FB683B62FFF7A5FC03005E
:10AAD000FB613B6A9A6B3B6ADB6B9A4202D33B6831
:10AAE000022B31D11B243B193A6A4521525C1A7062
:10AAF0003B6A9B6B7B613A68B9683B6A180000F05F
:10AB00002FFA3B191B785BB2013311D13B6A5B6AA8
:10AB1000002B16D03B6A2433180001F0E9F8031E1D
:10AB20000FD07B68002B0CD07B6801221A6008E0F4
:10AB30001B23FB181B780133DBB259B23B6A452259
:10AB4000995401237B6201E000237B62FB691800BA
:10AB5000FFF768FC7B6A1800BD460BB090BD80B55E
:10AB600088B000AF786039607B68BB61FFF754FC48
:10AB700003007B61BB699B6B3B61BB69DB6B3A6923
:10AB80009A422CD20F203B18BA694521525C1A70A8
:10AB90003B695A1CBB699A633B181B785BB2013353
:10ABA00011D1BB695B6A002B16D0BB692433180036
:10ABB00001F09EF8031E0FD03B68002B0CD03B68C1
:10ABC00001221A6008E00F23FB181B780133DBB267
:10ABD00059B2BB69452299540123FB6101E000236E
:10ABE000FB617B691800FFF71DFCFB691800BD467F
:10ABF00008B080BD80B58AB000AFF860B9607A60F7
:10AC000000237B62FB683B62FFF7E2FB3B6A9B6BC6
:10AC1000FB61FB69002B1AD0BA683B6A110018006F
:10AC200000F009FAFB695A1E3B6A9A633B6A1B698A
:10AC3000002B08D03B6A1033180001F059F8031EAE
:10AC400001D0FFF7B5FBFFF7D5FB012362E07B687E
:10AC5000002B03D1FFF7CEFB00235BE07B6A002BC8
:10AC600006D11423FB18180001F09AF801237B6227
:10AC7000FFF7C0FB00F086FDFFF7AAFB3B6A44220A
:10AC80009B5C5BB2013303D13B6A4422002199549F
:10AC90003B6A45229B5C5BB2013303D13B6A452290
:10ACA00000219954FFF7A6FB3A1D1423FB1811004D
:10ACB000180001F089F8031E1ED13B6A180000F04D
:10ACC0003EFA031E11D03B6A24337A681100180043
:10ACD00000F0D2FF3B6A180000F0D3F900F05EFDEF
:10ACE000031E91D1FFF764FB8EE73B6A180000F06A
:10ACF000C8F900F053FD87E73B6A180000F0C1F97E
:10AD000000F04CFD3B6A180000F019FA031E00D158
:10AD10007AE700231800BD460AB080BD80B58AB02E
:10AD200000AF7860396000237B627B68FB610023A1
:10AD30003B62FFF74DFBFB699B6BBB61BB69002B63
:10AD40001DD0BB695A1EFB699A63FB691B68002B07
:10AD500004D101F09FFC0200FB699A60FB691B694A
:10AD6000002B08D0FB691033180000F0C1FF031E50
:10AD700001D0FFF71DFBFFF73DFB012386E03B6899
:10AD8000002B03D1FFF736FB00237FE07B6A002B0B
:10AD900006D10C23FB18180001F002F801237B6296
:10ADA000FFF728FB00F0EEFCFFF712FBFB694422E3
:10ADB0009B5C5BB2013303D1FB69442200219954AF
:10ADC000FB6945229B5C5BB2013303D1FB694522E1
:10ADD00000219954FFF70EFB3A000C23FB181100D9
:10ADE000180000F0F1FF031E2ED1FB69180000F0DF
:10ADF000A6F9031E21D0FB691B68002B0AD1FFF7BF
:10AE0000E7FAFB699B68180001F0D4F903003B6284
:10AE1000FFF7F0FAFB6924333A681100180000F0DC
:10AE20002BFFFB69180000F02CF900F0B7FC031EA3
:10AE300000D07EE7FFF7BCFA7BE7FB69180000F063
:10AE400020F900F0ABFC74E7FB69180000F019F979
:10AE500000F0A4FCFB69180000F071F9031E00D19A
:10AE600067E73B6A002B10D0FFF7B2FAFB691800C6
:10AE700000F060F803007B61FB699B687A69110050
:10AE8000180001F04BFAFFF7B5FA00231800BD4691
:10AE90000AB080BD90B58BB000AFF860B9607A6041
:10AEA000FB683B62FFF7B8FA0300FB613B6A9B6BF0
:10AEB000BB61BB69002B32D017243B193A6A44218D
:10AEC000525C1A70BA683B6A1100180000F0B3F8BF
:10AED000BB695A1E3B6A9A633B191B785BB201330C
:10AEE00011D13B6A1B69002B16D03B6A1033180046
:10AEF00000F0FEFE031E0FD07B68002B0CD07B6899
:10AF000001221A6008E01723FB181B780133DBB21B
:10AF100059B23B6A4422995401237B6201E0002329
:10AF20007B62FB691800FFF77DFA7B6A1800BD465B
:10AF30000BB090BD80B584B000AF78607B685B6A71
:10AF4000002B06D07B681B6B1B680722D31AFB60A3
:10AF500001E00023FB60FB681800BD4604B080BD23
:10AF600080B586B000AFF860B9607A6000237B617D
:10AF7000FB689B6B3B61FB681B6C002B0ED1FB6875
:10AF80001B68002B4ED1FB689B68180001F07AF912
:10AF900003007B61FB6800229A6043E07B68002B22
:10AFA00019D1FB685868FB681A6CBB6819000BF074
:10AFB00082FBFB685A68FB681B6CD218FB685A60FE
:10AFC000FB685A68FB689B689A422BD3FB681A6837
:10AFD000FB685A6026E0FB68D868FB681A6CBB689F
:10AFE00019000BF068FBFB68DA68FB681B6C5B42BE
:10AFF000D218FB68DA60FB68DA68FB681B689A4263
:10B0000007D2FB689A68FB681B6C5B42D218FB682E
:10B01000DA607B68022B05D13B69002B02D03B69CB
:10B02000013B3B613B695A1CFB689A637B691800D2
:10B03000BD4606B080BD80B582B000AF7860396093
:10B040007B681B6C002B18D07B68DA687B681B6CF4
:10B05000D2187B68DA607B68DA687B689B689A4202
:10B0600003D37B681A687B68DA607B68D9687B6881
:10B070001A6C3B6818000BF01EFBC046BD4602B0C0
:10B0800080BD80B584B000AF7860FFF7A1F90F23D1
:10B09000FB187A684521525C1A7013E07B685B6A82
:10B0A000002B16D07B682433180000F021FE031E0D
:10B0B00001D000F0CFFE0F217B181B78013BDAB2E4
:10B0C0007B181A700F23FB181B785BB2002BE5DC92
:10B0D00000E0C0467B684522FF219954FFF78AF9BA
:10B0E000FFF776F90E23FB187A684421525C1A7038
:10B0F00013E07B681B69002B16D07B6810331800A7
:10B1000000F0F6FD031E01D000F0A4FE0E217B1816
:10B110001B78013BDAB27B181A700E23FB181B78E0
:10B120005BB2002BE5DC00E0C0467B684422FF21D7
:10B130009954FFF75FF9C046BD4604B080BD80B5A5
:10B1400084B000AF7860FFF743F97B689B6B002BFE
:10B1500002D10123FB6001E00023FB60FFF74AF905
:10B16000FB681800BD4604B080BD80B584B000AF58
:10B170007860FFF72DF97B689A6B7B68DB6B9A42EE
:10B1800002D10123FB6001E00023FB60FFF732F9ED
:10B19000FB681800BD4604B080BD000080B584B0D7
:10B1A00000AF786039600023FB6015E00E4BFA6851
:10B1B000D200D358002B0CD10B4BFA68D20039685F
:10B1C000D150094AFB68DB00D31804337A681A604F
:10B1D00006E0FB680133FB60FB68072BE6D9C0463D
:10B1E000C046BD4604B080BD449A012080B586B0FB
:10B1F00000AFF860B9607A60FB687B61FFF7E8F840
:10B200007B6944229B5C5BB2013303D17B6944229E
:10B21000002199547B6945229B5C5BB2013303D1C9
:10B220007B69452200219954FFF7E4F87B699B6B09
:10B23000002B06D17B6924337A68B968180000F0C6
:10B2400035FD7B691800FFF71CFFC046BD4606B000
:10B2500080BD90B58DB004AFF860B9603B60BB1D98
:10B260001A80BB1D1B889B001800FFF741F90300E3
:10B270007B617B69002B10D06020FFF739F9030058
:10B28000FB61FB69002B03D0FB697A691A6306E056
:10B290007B691800FFF7CCF901E00023FB61FB6933
:10B2A000002B16D0BB1D1A883C68B968F8680023CB
:10B2B0000393FB6902937B6B01933B6B0093230029
:10B2C00000F010F8FB69180000F092F80123BB6150
:10B2D00002E001235B42BB61BB691800BD4609B0B7
:10B2E00090BD000080B586B000AFF860B9607A60AC
:10B2F0003B60BB6A186B7B689B001A00A5210BF0B2
:10B30000B2F8BB6A1A6B7B6838498C4663449B0071
:10B31000D3183B613B69072293433B61BB68002B19
:10B3200020D000237B6113E0BA687B69D3181878BA
:10B33000BA6A34217B69D3185B18021C1A70BA6888
:10B340007B69D3181B78002B06D07B6901337B61A6
:10B350007B690C2BE8D900E0C046BB6A4022002183
:10B36000995403E0BB6A3422002199543B6A062BAE
:10B3700001D906233B62BB6A3A6ADA62BB6A3A6A5F
:10B38000DA64BB6A00221A65BB6A04331800FEF750
:10B3900002FFBB6A18331800FEF7FDFEBB6ABA6AEB
:10B3A0001A613B6A0722D21ABB6A9A61BB6ABA6AFF
:10B3B0005A62BB6A00225A65BB6A00229A65BB6A60
:10B3C0005C22002199543A68F9683B691800FEF73D
:10B3D0006DFF0200BB6A1A607B6A002B02D07B6A99
:10B3E000BA6A1A60C046BD4606B080BDFFFFFF3F87
:10B3F00080B582B000AF7860FEF7EAFF2A4B1B6889
:10B400005A1C294B1A60294B1B68002B09D1274B6A
:10B410007A681A60244B1B68012B10D100F034FDB0
:10B420000DE0234B1B68002B09D1204B1B68DA6A07
:10B430007B68DB6A9A4202D81C4B7A681A601D4B03
:10B440001B685A1C1B4B1A601A4B1A687B685A649B
:10B450007B68DA6A184B1B689A4203D97B68DA6A00
:10B46000154B1A607B68DA6A13009B009B189B00DF
:10B47000124A9A187B68043319001000FEF796FEF2
:10B48000FEF7B8FF0A4B1B68002B08D0074B1B6860
:10B49000DA6A7B68DB6A9A4201D2FEF789FFC0460E
:10B4A000BD4602B080BDC046849B0120849A012025
:10B4B000909B0120A09B01208C9B0120889A012059
:10B4C00080B584B000AF78600023FB607B68002B00
:10B4D0000AD000F057F97B680021180001F0BCFA8F
:10B4E00000F05CF90300FB60FB68002B01D1FEF764
:10B4F0005FFFC046BD4604B080BD000080B588B087
:10B5000000AF78607B68BB612B4B1B68BA699A42BD
:10B5100004D11F23FB1800221A7046E0FEF758FFE3
:10B52000BB695B697B61254B1B683B61244B1B68D6
:10B53000FB60FEF75FFF7A693B699A4203D07A6944
:10B54000FB689A4204D11F23FB1802221A702CE0D8
:10B550007A691C4B9A4218D1BB699B6A002B0FD1A8
:10B56000BB695C229B5CDBB2012B04D11F23FB185F
:10B5700002221A7019E01F23FB1803221A7014E02C
:10B580001F23FB1802221A700FE07A690E4B9A42B1
:10B5900002D07B69002B04D11F23FB1804221A70F0
:10B5A00003E01F23FB1801221A701F23FB181B78CE
:10B5B0001800BD4608B080BD849A01203C9B012044
:10B5C000409B0120709B0120589B012080B584B0D6
:10B5D00000AF7860FEF7FCFE7B68002B02D1074BC2
:10B5E0001B6800E07B68FB60FB68DB6ABB60FEF702
:10B5F00001FFBB681800BD4604B080BD849A0120DD
:10B6000080B586B000AF7860396000237B613B680D
:10B61000062B01D906233B60FEF7DAFE7B68002B80
:10B6200002D1384B1B6800E07B683B613B69DB6CF7
:10B63000FB60FA683B689A425DD03A68FB689A42C0
:10B640000DD9304B1B683A699A420FD02D4B1B68BD
:10B65000DB6A3A689A4209D301237B6106E0294BF1
:10B660001B683A699A4201D101237B613B69DB6A1D
:10B67000BB603B69DA6C3B69DB6A9A4202D13B6989
:10B680003A68DA623B693A68DA643B699B69002B85
:10B6900004DB3B680722D21A3B699A613B6959690E
:10B6A000BA6813009B009B189B00174A9B1899428D
:10B6B0001CD13B6904331800FEF7D0FD3B69DA6A00
:10B6C000124B1B689A4203D93B69DA6A0F4B1A6026
:10B6D0003B69DA6A13009B009B189B000A4A9A1880
:10B6E0003B69043319001000FEF760FD7B69002BF5
:10B6F00001D0FEF75DFEFEF77DFEC046BD4606B0FA
:10B7000080BDC046849A0120889A01208C9B01202C
:10B7100080B584B002AF144A14491548154B019303
:10B72000002300930023FFF794FD03007B607B68F8
:10B73000012B03D101F0E4F903007B607B68012B4E
:10B740000ED172B60C4B012252421A600B4B0122F1
:10B750001A600B4B00221A60EFF7E8FCFEF704FEBC
:10B76000C046BD4602B080BDC409000044E30208E3
:10B7700069BE0108A89B0120A49B0120909B012089
:10B78000889B012080B500AF034B1B685A1C024BFD
:10B790001A60C046BD4680BDAC9B012080B584B018
:10B7A00000AF0023FB600023BB60FEF711FE364BA9
:10B7B0001B685A1E344B1A60334B1B68002B5BD13D
:10B7C000324B1B68002B57D02FE0314BDB68DB6816
:10B7D000FB60FB6818331800FEF740FDFB6804337C
:10B7E0001800FEF73BFDFB68DA6A2A4B1B689A4299
:10B7F00003D9FB68DA6A274B1A60FB68DA6A130020
:10B800009B009B189B00244A9A18FB68043319007C
:10B810001000FEF7CBFCFB68DA6A204B1B68DB6A82
:10B820009A4202D31E4B01221A60194B1B68002B4F
:10B83000CBD1FB68002B01D000F082FC194B1B68B8
:10B840007B607B68002B0FD000F0DCF8031E02D079
:10B85000134B01221A607B68013B7B607B68002BE5
:10B86000F2D1104B00221A600D4B1B68002B03D045
:10B870000123BB60FEF79CFDFEF7BCFDBB68180012
:10B88000BD4604B080BDC046AC9B0120849B012016
:10B89000449B01208C9B0120889A0120849A0120DE
:10B8A000989B0120949B012080B582B000AF044B8F
:10B8B0001B687B607B681800BD4602B080BDC04637
:10B8C000889B012080B582B000AF00237B60044BD1
:10B8D0001B683B603B681800BD4602B080BDC04697
:10B8E000889B012080B586B000AFF860B9607A60AF
:10B8F00000237B6107233B61FFF744FF3B4B1B6841
:10B90000BA689A426AD33B69013B3B617A6913008A
:10B91000DB009B189B001A00FB6898183A6913001B
:10B920009B009B189B00324A9B180122190000F0D3
:10B9300089FB02007B699B187B613B69002BE2D18C
:10B940007A691300DB009B189B001A00FB689818AB
:10B95000284B1B680222190000F074FB02007B696F
:10B960009B187B617A691300DB009B189B001A000F
:10B97000FB689818204B1B680222190000F062FB3C
:10B9800002007B699B187B617A691300DB009B18BE
:10B990009B001A00FB689B1818490422180000F04D
:10B9A00051FB02007B699B187B617A691300DB0005
:10B9B0009B189B001A00FB689B1811490322180072
:10B9C00000F040FB02007B699B187B617B68002BC9
:10B9D00004D0EFF7C1FB02007B681A60FFF7DEFEC0
:10B9E0007B691800BD4606B080BDC046849B01201F
:10B9F000889A01203C9B0120409B0120589B0120FC
:10BA0000709B012080B586B000AF00237B61464B60
:10BA10001B68002B00D07DE0444B1B6801333B6169
:10BA2000424B3A691A603B69002B10D1404B1B68AE
:10BA3000FB60404B1A683E4B1A603E4BFA681A6036
:10BA40003D4B1B685A1C3C4B1A6000F079FB3B4B8A
:10BA50001B683A699A4249D3354B1B681B68002B17
:10BA600004D1364B012252421A603FE0304B1B6832
:10BA7000DB68DB68BB60BB685B687B603A697B68DE
:10BA80009A4203D22D4B7A681A602FE0BB680433C8
:10BA90001800FEF7E3FBBB689B6A002B04D0BB6871
:10BAA00018331800FEF7DAFBBB68DA6A244B1B6810
:10BAB0009A4203D9BB68DA6A214B1A60BB68DA6A1A
:10BAC00013009B009B189B001E4A9A18BB68043306
:10BAD00019001000FEF76AFBBB68DA6A1A4B1B6894
:10BAE000DB6A9A42B8D301237B61B5E7164B1B682A
:10BAF000DA6A144913009B009B189B005B58012BCA
:10BB000001D901237B61114B1B68002B07D0012356
:10BB10007B6104E00E4B1B685A1C0D4B1A607B695D
:10BB20001800BD4606B080BDAC9B0120889B01205B
:10BB30003C9B0120409B01209C9B0120A49B012059
:10BB40008C9B0120889A0120849A0120989B0120D7
:10BB5000949B012080B584B000AF3F4B1B68002B45
:10BB600003D03E4B01221A6071E03C4B00221A6068
:10BB7000EFF7F2FA02003A4B1A60394B1A68394B68
:10BB80001B689A4209D9384B1B68596D344A1068B2
:10BB9000344A1268821A8A185A65314B1A68314B36
:10BBA0001A60314B1B681B6BBB60304B7B60BB6802
:10BBB0001B687A689A4211D1BB6804331B687A68A3
:10BBC0009A420BD1BB6808331B687A689A4205D148
:10BBD000BB680C331B687A689A4208D0224B1A68FB
:10BBE000214B1B68343319001000FCF75BFE204B1F
:10BBF0001B68FB6002E0FB68013BFB601D49FA68C3
:10BC000013009B009B189B005B58002BF3D0FA6835
:10BC100013009B009B189B00164A9B183B603B68D7
:10BC20005B685A683B685A603B685A683B680833EF
:10BC30009A4204D13B685B685A683B685A603B682B
:10BC40005B68DA68084B1A60094BFA681A60C046EC
:10BC5000BD4604B080BDC046AC9B0120989B01202E
:10BC6000B49B0120B09B0120849A0120A5A5A5A525
:10BC70008C9B0120889A012080B582B000AF78604B
:10BC80003960094B1B6818331A007B6811001800D3
:10BC9000FEF7AEFA3B680121180000F0DDFEC04659
:10BCA000BD4602B080BDC046849A012080B584B0F4
:10BCB00000AFF860B9607A600C4B1B6818331A004B
:10BCC000FB6811001800FEF771FA7B68002B02D0A8
:10BCD00001235B42BB607A68BB681100180000F06A
:10BCE000BBFEC046BD4604B080BDC046849A01205C
:10BCF00080B584B000AF78607B68DB68DB68BB60D0
:10BD0000BB6818331800FEF7A9FA1F4B1B68002BFD
:10BD10001DD1BB6804331800FEF7A0FABB68DA6ACD
:10BD20001A4B1B689A4203D9BB68DA6A174B1A6030
:10BD3000BB68DA6A13009B009B189B00144A9A1890
:10BD4000BB68043319001000FEF730FA07E0BB6847
:10BD500018331A000F4B11001800FEF727FABB68C2
:10BD6000DA6A0D4B1B68DB6A9A4205D90123FB6036
:10BD70000A4B01221A6001E00023FB60FB681800F7
:10BD8000BD4604B080BDC046AC9B01208C9B012009
:10BD9000889A0120449B0120849A0120989B0120CD
:10BDA00080B582B000AF7860054B1A687B681A6076
:10BDB000044B1A687B685A60C046BD4602B080BD1D
:10BDC0009C9B0120889B012080B586B000AF7860E5
:10BDD0003960FEF7FDFA1D4B1B683B617B685B68B1
:10BDE0003A69D31AFB603B681B68013302D1002318
:10BDF0007B6124E07B681A68154B1B689A4207D068
:10BE00007B685B683A699A4202D301237B6116E042
:10BE10003B681B68FA689A420CD23B681A68FB6858
:10BE2000D21A3B681A607B681800FFF7B9FF00233D
:10BE30007B6104E03B6800221A6001237B61FEF70E
:10BE4000D9FA7B691800BD4606B080BD889B0120E9
:10BE50009C9B012080B500AF024B01221A60C046B6
:10BE6000BD4680BD989B012080B582B000AF786050
:10BE700000F04EF8034B1B68012BF9D9FEF798FA36
:10BE8000F6E7C046889A012080B582B000AF002353
:10BE90007B600CE07A6813009B009B189B00144A9F
:10BEA0009B181800FEF759F97B6801337B607B68AB
:10BEB000062BEFD90F4B1800FEF74FF90E4B180069
:10BEC000FEF74BF90D4B1800FEF747F90C4B180025
:10BED000FEF743F90B4B1800FEF73FF90A4B054AF2
:10BEE0001A600A4B044A1A60C046BD4602B080BDC3
:10BEF000889A0120149B0120289B0120449B01204B
:10BF0000589B0120709B01203C9B0120409B0120FD
:10BF100080B582B000AF1AE0FEF75AFA104BDB682A
:10BF2000DB687B607B6804331800FEF797F90D4BE4
:10BF30001B685A1E0B4B1A600B4B1B685A1E0A4B90
:10BF40001A60FEF757FA7B68180000F0E8F8064B15
:10BF50001B68002BE0D1C046C046BD4602B080BD84
:10BF6000589B0120849B01206C9B012080B586B0EA
:10BF700000AFF860B9607A601A00FB1C1A70FB68A9
:10BF8000002B02D12E4B1B6800E0FB687B61BB6875
:10BF90007A691A607B6934331A00BB685A607B691E
:10BFA000DA6ABB681A617B691A6BBB68DA617B6904
:10BFB0005A6CBB689A607B69DA6CBB685A617B69B2
:10BFC0005A6DBB689A61FB1C1B78052B1CD01C4B5F
:10BFD0001B687A699A4203D1BB6800221A731BE07E
:10BFE000BB68FA1C12781A73FB1C1B78032B13D145
:10BFF000FFF7C8FB7B699B6A002B02D0BB6802225B
:10C000001A73FFF7CBFB07E07B691800FFF776FA9E
:10C0100003001A00BB681A737B68002B09D07B6988
:10C020001B6B180000F061F803001A00BB681A844B
:10C0300002E0BB6800221A84C046BD4606B080BD3F
:10C04000849A012080B58AB000AFF860B960FB1D0A
:10C050001A7000237B62BB681B68002B40D0BB6852
:10C060003B623B6A5B685A683B6A5A603B6A5A6843
:10C070003B6A08339A4204D13B6A5B685A683B6A60
:10C080005A603B6A5B68DB68FB61BB68BB61BB698C
:10C090005B685A68BB695A60BB695A68BB690833F8
:10C0A0009A4204D1BB695B685A68BB695A60BB6934
:10C0B0005B68DB687B617A6A1300DB009B189B007E
:10C0C0001A00FB689918FB1D1B7878690122FFF79D
:10C0D0004DFF7B6A01337B627A69FB699A42D4D156
:10C0E0007B6A1800BD460AB080BD80B584B000AF41
:10C0F00078600023FB6005E07B6801337B60FB68B0
:10C100000133FB607B681B78A52BF5D0FB689B088F
:10C11000FB60FB689BB21800BD4604B080BD80B5D3
:10C1200082B000AF78607B681B6B1800FEF780FA66
:10C130007B681800FEF77CFAC046BD4602B080BDA1
:10C1400080B582B000AF0B4B1B681B68002B04D17D
:10C15000094B012252421A6008E0064B1B68DB685B
:10C16000DB687B607B685A68034B1A60C046BD463B
:10C1700002B080BD3C9B0120A49B012080B582B011
:10C1800000AF0A4B1B68002B02D101237B6008E043
:10C19000074B1B68002B02D102237B6001E00023C8
:10C1A0007B607B681800BD4602B080BD909B01207B
:10C1B000AC9B012080B584B000AF78607B68BB6029
:10C1C0000023FB607B68002B51D0BB68DA6A2A4BE6
:10C1D0001B68DB6A9A4241D2BB689B69002B06DB75
:10C1E000254B1B68DB6A0722D21ABB689A61BB68C1
:10C1F0005969BB68DA6A13009B009B189B001F4AB1
:10C200009B18994222D1BB6804331800FEF726F828
:10C21000194B1B68DA6ABB68DA62BB68DA6A184BCA
:10C220001B689A4203D9BB68DA6A154B1A60BB686F
:10C23000DA6A13009B009B189B00104A9A18BB688F
:10C24000043319001000FDF7B1FF04E00A4B1B682E
:10C25000DA6ABB68DA620123FB6008E0BB68DA6C6B
:10C26000054B1B68DB6A9A4201D20123FB60FB6825
:10C270001800BD4604B080BD849A0120889A012030
:10C280008C9B012080B584B000AF78607B68BB6078
:10C290000023FB607B68002B37D0BB681B6D5A1EE8
:10C2A000BB681A65BB68DA6ABB68DB6C9A422CD043
:10C2B000BB681B6D002B28D1BB6804331800FDF749
:10C2C000CDFFBB68DA6CBB68DA62BB68DB6A072249
:10C2D000D21ABB689A61BB68DA6A0E4B1B689A4235
:10C2E00003D9BB68DA6A0B4B1A60BB68DA6A1300C1
:10C2F0009B009B189B00084A9A18BB6804331900DE
:10C300001000FDF753FF0123FB60FB681800BD46DA
:10C3100004B080BD8C9B0120889A012080B586B036
:10C3200000AF786039607B683B610123FB607B680C
:10C33000002B4BD03B69DB6C3A689A4202D93B68D0
:10C340007B6102E03B69DB6C7B613B69DB6A7A699C
:10C350009A423BD03B691B6DFA689A4236D13B69E1
:10C36000DB6ABB603B697A69DA623B699B69002BD7
:10C3700004DB7B690722D21A3B699A613B695969E0
:10C38000BA6813009B009B189B00124A9B189942A5
:10C390001CD13B6904331800FDF760FF3B69DA6A82
:10C3A0000D4B1B689A4203D93B69DA6A0A4B1A6043
:10C3B0003B69DA6A13009B009B189B00054A9A1898
:10C3C0003B69043319001000FDF7F0FEC046BD467E
:10C3D00006B080BD889A01208C9B012080B584B076
:10C3E00000AF786039603A687B68110018000AF085
:10C3F0005AF97B681800E3F791FE0300FB6007E041
:10C400007A68FB68D31820221A70FB680133FB603E
:10C41000FB680B2BF4D97A68FB68D31800221A70DA
:10C420007A68FB68D3181800BD4604B080BD0000D0
:10C43000F0B589B002AF78607B6800221A704C4B6F
:10C440001B68FB604A4B1A681300DB009B189B00BB
:10C450001800FEF74DF80300BB60BB68002B00D14D
:10C4600082E0F968BB6800221800FFF73BFA03007E
:10C47000FB6000237B616FE07A691300DB009B188F
:10C480009B001A00BB689B181B7B042B1DD89A00CD
:10C49000384BD3181B689F461323FB1858221A7079
:10C4A00018E01323FB1852221A7013E01323FB1811
:10C4B00042221A700EE01323FB1853221A7009E06F
:10C4C0001323FB1844221A7004E01323FB180022E4
:10C4D0001A70C0467A691300DB009B189B001A0093
:10C4E000BB689B185A687B6811001800FFF776FF3D
:10C4F00003007B601323FB181C787A691300DB00B0
:10C500009B189B001A00BB689B181D697A69130071
:10C51000DB009B189B001A00BB689B181B8C1E003D
:10C520007A691300DB009B189B001A00BB689B18FC
:10C530009B6811497868019300962B00220009F04E
:10C5400013FF7B681800E3F7E9FD02007B689B1886
:10C550007B607B6901337B617A69FB689A428BD38C
:10C56000BB681800FEF764F8C046BD4607B0F0BDD2
:10C57000849B01205CE302084CE3020880B588B08C
:10C5800000AF78607B6800221A703F4B1B68BB616C
:10C590003D4B1A681300DB009B189B001800FDF749
:10C5A000A7FF03007B617B69002B68D00C23FA187E
:10C5B000B9697B691800FFF795F90300BB61FB6857
:10C5C00064211800E3F7C6FD0300FB60FB68002B45
:10C5D00051D00023FB614AE0FA691300DB009B188D
:10C5E0009B001A007B699B189B69FA681100180070
:10C5F000E3F7B0FD03003B61FA691300DB009B1811
:10C600009B001A007B699B185A687B681100180010
:10C61000FFF7E4FE03007B603B69002B0ED0FA6954
:10C620001300DB009B189B001A007B699B189A691A
:10C630003B691649786809F097FE0DE0FA69130026
:10C64000DB009B189B001A007B699B189A691049B4
:10C650007B68180009F088FE7B681800E3F75EFD30
:10C6600002007B689B187B60FB690133FB61FA6900
:10C67000BB699A42B0D37B691800FDF7D9FFC04669
:10C68000BD4608B080BDC046849B012070E302080F
:10C690007CE3020880B500AF064B1B68002B04D07A
:10C6A000044B1B681A6D01321A65024B1B68180097
:10C6B000BD4680BD849A012080B584B000AF78600B
:10C6C0003960FDF785FE1C4B1B689B6D002B0ED15E
:10C6D000194B1B685C22012199543B68002B06D042
:10C6E0003B680121180000F0B7F9FDF761FEFDF786
:10C6F00081FEFDF76DFE104B1B689B6DFB60FB68B8
:10C70000002B0CD07B68002B04D00B4B1B68002245
:10C710009A6504E0084B1B68FA68013A9A65064B73
:10C720001B685C2200219954FDF764FEFB68180029
:10C73000BD4604B080BDC046849A012080B588B053
:10C7400000AFF860B9603B60FB1D1A700123FB610C
:10C75000FB68BB61FDF73CFE3B68002B03D0BB6967
:10C760009A6D3B681A601723FB18BA695C21525C0A
:10C770001A70BB695C2202219954FB1D1B78042BA3
:10C7800021D89A002A4BD3181B689F46BB699A6D23
:10C79000BB681A43BB699A6518E0BB699B6D5A1C5C
:10C7A000BB699A6512E0BB69BA689A650EE0172307
:10C7B000FB181B78022B03D0BB69BA689A6505E0A9
:10C7C0000023FB6102E0C04600E0C0461723FB18CF
:10C7D0001B78012B25D1BB6904331800FDF73EFD02
:10C7E000BB69DA6A134B1B689A4203D9BB69DA6AE0
:10C7F000104B1A60BB69DA6A13009B009B189B0000
:10C800000D4A9A18BB69043319001000FDF7CEFCDD
:10C81000BB69DA6A094B1B68DB6A9A4201D9FDF7EA
:10C82000C7FDFDF7E7FDFB691800BD4608B080BDF8
:10C8300088E302088C9B0120889A0120849A0120B9
:10C8400080B588B000AFF860B9603B60FB1D1A701E
:10C850000123FB61FB68BB61FDF7DEFD03007B612B
:10C860003B68002B03D0BB699A6D3B681A601323A9
:10C87000FB18BA695C21525C1A70BB695C22022108
:10C880009954FB1D1B78042B21D89A00354BD318E3
:10C890001B689F46BB699A6DBB681A43BB699A6562
:10C8A00018E0BB699B6D5A1CBB699A6512E0BB69B5
:10C8B000BA689A650EE01323FB181B78022B03D08D
:10C8C000BB69BA689A6505E00023FB6102E0C046D7
:10C8D00000E0C0461323FB181B78012B39D1224BF3
:10C8E0001B68002B1DD1BB6904331800FDF7B6FC93
:10C8F000BB69DA6A1D4B1B689A4203D9BB69DA6AC5
:10C900001A4B1A60BB69DA6A13009B009B189B00E4
:10C91000174A9A18BB69043319001000FDF746FC4A
:10C9200007E0BB6918331A00124B11001800FDF71D
:10C930003DFCBB69DA6A104B1B68DB6A9A4208D976
:10C94000BB6A002B02D0BB6A01221A600B4B01228A
:10C950001A607B691800FDF765FDFB691800BD468C
:10C9600008B080BD9CE30208AC9B01208C9B012099
:10C97000889A0120449B0120849A0120989B0120E1
:10C9800080B586B000AF786039607B687B61FDF769
:10C9900043FD03003B610F203B187A695C21525C28
:10C9A0001A707B695C22022199547B699B6D5A1C29
:10C9B0007B699A653B181B78012B39D1204B1B688A
:10C9C000002B1DD17B6904331800FDF747FC7B6900
:10C9D000DA6A1C4B1B689A4203D97B69DA6A194BE5
:10C9E0001A607B69DA6A13009B009B189B00164A49
:10C9F0009A187B69043319001000FDF7D7FB07E094
:10CA00007B6918331A00114B11001800FDF7CEFB9B
:10CA10007B69DA6A0E4B1B68DB6A9A4208D93B686D
:10CA2000002B02D03B6801221A600A4B01221A60D7
:10CA30003B691800FDF7F6FCC046BD4606B080BD58
:10CA4000AC9B01208C9B0120889A0120449B0120F3
:10CA5000849A0120989B012080B584B000AF786053
:10CA60003960214B1B68FB60204B1B6804331800A6
:10CA7000FDF7F4FB7B6801330BD13B68002B08D03A
:10CA80001A4B1B681A1D1A4B11001800FDF78EFB7C
:10CA900026E0FA687B68D318BB60144B1B68BA6841
:10CAA0005A60BA68FB689A4209D2124B1A680F4B57
:10CAB0001B68043319001000FDF79AFB10E00E4BC1
:10CAC0001A680A4B1B68043319001000FDF790FB2D
:10CAD0000A4B1B68BA689A4202D2084BBA681A60BD
:10CAE000C046BD4604B080BD889B0120849A0120C9
:10CAF000709B0120409B01203C9B0120A49B0120B6
:10CB000080B584B002AF00237B6000F0E3FA0A4BEB
:10CB10001B68002B0BD0094A09490A480A4B0193AC
:10CB2000032300930023FEF794FB03007B607B68E4
:10CB30001800BD4602B080BDE89B0120C40900007A
:10CB4000B0E30208F9CC0108EC9B012090B589B054
:10CB500002AFF860B9607A603B602C20FDF7C8FC3A
:10CB600003007B617B69002B0ED07B6928220021AA
:10CB700099543C687A68B968F8687B690193BB6A24
:10CB80000093230000F005F87B691800BD4607B04C
:10CB900090BD80B584B000AFF860B9607A603B604A
:10CBA000FB69002B1ED000F095FAFB69FA681A6049
:10CBB000FB69BA689A61FB693A68DA61FB69BA692C
:10CBC0001A62FB6904331800FDF7E5FA7B68002B55
:10CBD00008D0FB6928229B5C04221343D9B2FB696D
:10CBE00028229954C046BD4604B080BD90B58BB094
:10CBF00000AFF860B9607A603B6000237B621D4B38
:10CC00001B68002B30D014243B19BA681A603B19FA
:10CC10007A685A603B19FA689A60BB68052B19DC80
:10CC2000FFF7ACFA0300022B09D1124B1868BA6B5C
:10CC300039190023FDF7ABFE03007B6214E00D4BB6
:10CC400018681423F91800230022FDF7A0FE030042
:10CC50007B6209E0074B18683A681423F91800232F
:10CC6000FDF72AFF03007B627B6A1800BD460BB00C
:10CC700090BDC046E89B012080B586B002AF7860C9
:10CC800039601C4B1B68DB68DB68FB60FB680433A6
:10CC90001800FDF7E3FAFB6828229B5C1A000423C6
:10CCA000134015D0FB689A697B68D1187B683A6895
:10CCB000F86800F0BFF8031E13D07A68F868002304
:10CCC000009300230021FFF791FF0300BB6008E001
:10CCD000FB6828229B5C01229343D9B2FB6828227F
:10CCE0009954FB681B6AFA6810009847C046BD4615
:10CCF00004B080BDE09B012080B584B000AF7860B7
:10CD00000823FB18180000F053F80300FB60BA6812
:10CD1000FB681100180000F003F800F0CDF8EFE711
:10CD200080B584B000AF78603960FEF72BFD082332
:10CD3000FB18180000F05EF80300FB60BB68002BD6
:10CD40002BD13B68002B0CD17A68FB689A4208D83B
:10CD5000FEF724FDFA687B6811001800FFF78CFFCE
:10CD60001DE03B68002B08D00F4B1B681B68002B95
:10CD700001D1012300E000233B600C4B18687A6866
:10CD8000FB68D31A3A681900FEF730FAFEF706FD81
:10CD9000031E04D1FDF70CFB01E0FEF7FFFCC046CB
:10CDA000BD4604B080BDC046E49B0120E89B012045
:10CDB00080B584B000AF78600D4B1B681B68002BFA
:10CDC00001D1012200E000227B681A607B681B68A9
:10CDD000002B05D1064B1B68DB681B68FB6001E07C
:10CDE0000023FB60FB681800BD4604B080BDC04650
:10CDF000E09B012080B584B000AF7860FEF754FD61
:10CE00000300FB600A4B1B68FA689A4205D200F0E7
:10CE100009F97B6801221A6002E07B6800221A602F
:10CE2000034BFA681A60FB681800BD4604B080BD69
:10CE3000F09B012080B586B000AFF860B9607A60E1
:10CE40003B6000237B61FB68BA685A60FB68FA6844
:10CE50001A61BA687B689A4212D87A683B68D21A1B
:10CE6000FB689B699A4202D301237B611BE0104B54
:10CE70001A68FB68043319001000FDF7B9F912E0D5
:10CE80007A683B689A4206D2BA683B689A4202D3F3
:10CE900001237B6107E0074B1A68FB680433190024
:10CEA0001000FDF7A5F97B691800BD4606B080BDEE
:10CEB000E49B0120E09B012090B58DB002AF9CE087
:10CEC0000822BB181B68002B0ADABB1804337B62EC
:10CED0007B6A1A687B6A58687B6A9B68190090476E
:10CEE0000822BB181B68002B00DA86E0BB189B6881
:10CEF0003B623B6A5B69002B04D03B6A0433180039
:10CF0000FDF7ACF93B1D1800FFF774FF0300FB6150
:10CF10000823FB181B68092B6ED89A003F4BD318C7
:10CF20001B689F463B6A28229B5C01221343D9B2AF
:10CF30003B6A2822995408243B195A683B6A9B692A
:10CF4000D1183B195B68FA69386AFFF773FF031E53
:10CF500053D03B6A1B6A3A6A100098473B6A282202
:10CF60009B5C1A000423134047D03B195A683B6A64
:10CF70009B69D218386A0023009300230021FFF731
:10CF800035FE0300BB6138E03B6A28229B5C01222E
:10CF90009343D9B23B6A282299542EE03B6A282257
:10CFA0009B5C01221343D9B23B6A2822995408237F
:10CFB000FB185A683B6A9A613B6A9A69FB69D11807
:10CFC000FB69FA69386AFFF735FF16E03B6A2822E9
:10CFD0009B5C1A000223134004D13B6A1800FDF742
:10CFE00027FB0AE03B6A28229B5C01229343D9B2CB
:10CFF0003B6A2822995400E0C046094B1B6808226E
:10D00000B91800221800FDF7F5FD031E00D057E700
:10D01000C046C046BD460BB090BDC046B8E302084E
:10D02000E89B012080B588B002AF3CE0274B1B682D
:10D03000DB681B683B61254B1B68DB68DB68FB60BA
:10D04000FB6804331800FDF709F9FB681B6AFA68EE
:10D0500010009847FB6828229B5C1A0004231340A9
:10D0600021D0FB689B693A69D318BB60BA683B69F9
:10D070009A420ED9FB68BA685A60FB68FA681A616E
:10D08000124B1A68FB68043319001000FDF7B0F862
:10D0900009E03A69F8680023009300230021FFF7B4
:10D0A000A5FD03007B60094B1B681B68002BBDD1ED
:10D0B000064B1B687B61064B1A68044B1A60044BD5
:10D0C0007A691A60C046BD4606B080BDE09B01206B
:10D0D000E49B012080B500AFFDF77AF9144B1B6883
:10D0E000002B20D1134B1800FDF737F8124B180016
:10D0F000FDF733F8114B0F4A1A60114B0E4A1A60B4
:10D10000002210210420FDF7DAFB0200084B1A6010
:10D11000074B1B68002B06D0054B1B68094A110002
:10D120001800FEF73BF8FDF765F9C046BD4680BD27
:10D13000E89B0120B89B0120CC9B0120E09B0120B3
:10D14000E49B0120E0E3020880B584B000AF786082
:10D150007B68FB60FDF73CF9FB68DB69BB60FDF7B2
:10D1600049F9BB681800BD4604B080BD80B582B0E7
:10D1700000AFFB1D00221A700B4B1A680A4B80216E
:10D1800049000A431A60032000F016F8031E03D07A
:10D19000FB1D01221A7001E000F008F8FB1D1B784E
:10D1A0001800BD4602B080BD0020024080B500AF2F
:10D1B000C046BD4680BD000090B585B000AF786028
:10D1C0000F23FB1800221A701D4B1B78002B2BD04D
:10D1D0001C4B1C681A4B1B781900FA239800E2F7C5
:10D1E000B9FF030019002000E2F7B4FF03001800A4
:10D1F00001F0C1F8031E12D17B68032B0AD87968AD
:10D2000001235B420022180001F080F80E4B7A687F
:10D210001A600DE00F23FB1801221A7008E00F239B
:10D22000FB1801221A7003E00F23FB1801221A7069
:10D230000F23FB181B781800BD4605B090BDC046F3
:10D24000BC05002018050020B805002080B500AFFF
:10D25000054B1B781A00054B1B68D218034B1A604C
:10D26000C046BD4680BDC046BC050020F49B0120E1
:10D2700080B500AF024B1B681800BD4680BDC0469C
:10D28000F49B012080B584B000AF7860FFF7F0FF19
:10D290000300BB607B68FB60FB68013305D00A4B71
:10D2A0001B781A00FB689B18FB60C046FFF7E0FF85
:10D2B0000200BB68D31AFA689A42F7D8C046C04643
:10D2C000BD4604B080BDC046BC05002080B500AF9F
:10D2D000034B1B681B0C1B041B0C1800BD4680BDB8
:10D2E0000058014080B500AF034B1B681B051B0DA8
:10D2F0001800BD4680BDC0460058014080B582B0D0
:10D3000000AF786039607B681B68054A1A403B684B
:10D310001A437B681A60C046BD4602B080BDC04655
:10D32000FFFF3FFE80B582B000AF78607B681A686F
:10D33000E0235B0413401800BD4602B080BD80B5F9
:10D3400084B000AFF860B9607A60FB685B69BA6866
:10D3500004210A40072191400A00D2431A40BB68C9
:10D3600004210B40796899400B001A43FB685A610D
:10D37000C046BD4604B080BD80B582B000AF7860C5
:10D3800039607B685B693A6804210A400721914053
:10D390000A001A403B6804210B40DA4013001800D1
:10D3A000BD4602B080BD80B582B000AF78607B68BA
:10D3B000DA68C0231B01134001D1012300E00023E0
:10D3C0001800BD4602B080BD80B584B000AFF860E3
:10D3D000B9607A60FB689B6ABA681F210A400F2116
:10D3E00091400A00D2431A407B689B0E0F211940DE
:10D3F000BB681F20034099400B001A43FB689A62E8
:10D40000C046BD4604B080BD80B582B000AF786034
:10D4100039607B689A6A3B685B035B0B1A437B68E5
:10D420009A62C046BD4602B080BD80B582B000AFF2
:10D43000786039607B689B6A3A685203520BD2432A
:10D440001A407B689A62C046BD4602B080BD0000AB
:10D4500080B584B000AFF860B9607A60FB685B6942
:10D46000BA681202D2431A40BB681B0279680B40AB
:10D4700004490B401A43FB685A61C046BD4604B0DC
:10D4800080BDC04600FFFF0780B582B000AF786066
:10D490007B689B68054A1340802252051A437B68CB
:10D4A0009A60C046BD4602B080BDC046E8FFFF6F2F
:10D4B00080B582B000AF78607B689A6880235B0596
:10D4C0001A4080235B059A4201D1012300E000232A
:10D4D0001800BD4602B080BD80B582B000AF786054
:10D4E0007B689B68044A134001221A437B689A6058
:10D4F000C046BD4602B080BDE8FFFF7F80B582B068
:10D5000000AF78607B689B68044A134002221A438C
:10D510007B689A60C046BD4602B080BDE8FFFF7FD1
:10D5200080B582B000AF78607B689B6801221340B1
:10D53000012B01D1012300E000231800BD4602B0F9
:10D5400080BD80B582B000AF78607B689B680222A6
:10D550001340022B01D1012300E000231800BD4637
:10D5600002B080BD80B582B000AF78607B689B68F8
:10D57000044A134004221A437B689A60C046BD46A1
:10D5800002B080BDE8FFFF7F80B582B000AF786059
:10D590007B689B68044A134010221A437B689A6098
:10D5A000C046BD4602B080BDE8FFFF7F80B582B0B7
:10D5B00000AF78607B689B6804221340042B01D184
:10D5C000012300E000231800BD4602B080BD00002A
:10D5D00080B588B000AF78601F23FB1800221A7056
:10D5E0000023BB6100237B610023FB607B68002B71
:10D5F00001D101237FE17B689B6D002B0AD17B6801
:10D600001800FAF7C3FB7B680022DA657B685422B6
:10D61000002199547B681B681800FFF749FF031E1F
:10D6200015D17B681B681800FFF72EFFB44B1B68F1
:10D63000B4491800E2F78EFD030001335B00FB6084
:10D6400002E0FB68013BFB60FB68002BF9D17B68C3
:10D650001B681800FFF72CFF031E0FD17B689B6D22
:10D6600010221A437B689A657B68DB6D01221A439E
:10D670007B68DA651F23FB1801221A707B681B6820
:10D680001800FFF793FF03003B617B689B6D10223E
:10D69000134000D022E13B69002B00D01EE17B68E3
:10D6A0009B6D994A134002221A437B689A657B68F6
:10D6B0001B681800FFF734FF031E00D0ADE07B6845
:10D6C0009A687B681B7E9B031A437B685B7EDB0347
:10D6D0001A437B689B7E5B031A437B681B6B002BA2
:10D6E00002D080235B0100E000231A437B68DB68E3
:10D6F0001A437B681B69002B04DA7B681B695B009B
:10D700005B0801E080239B031A437B682C215B5C50
:10D710005B001343BA691343BB617B6820229B5CA7
:10D72000012B15D17B689B7E002B05D1BB69802224
:10D7300052021343BB610BE07B689B6D20221A43AE
:10D740007B689A657B68DB6D01221A437B68DA652A
:10D750007B685B6A002B0AD07B685A6AE0235B0017
:10D760001A407B689B6A1343BA691343BB617B68A9
:10D770001B68DB68654A134019007B681B68BA693F
:10D780000A43DA607B685B689B0F9A077B68DB6CF7
:10D7900013437A6913437B617B683C229B5C012BBA
:10D7A00011D17B685B689B0F9A077B681B6C1A43DF
:10D7B0007B685B6C1A437B689B6C1A437B691343E1
:10D7C000012213437B617B681B681B69504A13402D
:10D7D00019007B681B687A690A431A617B685A687A
:10D7E000C0231B069A4218D07B685A688023DB0549
:10D7F0009A4212D07B685A6880231B069A420CD04A
:10D80000444B1B68444A134019007B685A68F02354
:10D810009B031A403F4B0A431A607B6818687B6879
:10D820005B6B1A000021FFF78AFD7B6818687B6834
:10D830009B6B3A491A00FFF782FD7B681B69002B3E
:10D8400009D17B681B689A6A7B681B681021494272
:10D850000A439A6218E07B681A6980239B039A4204
:10D8600012D17B681B689B6A7B68DB69013B9B006C
:10D870001C221340102252429A4011007B681A6EFB
:10D880007B681B680A439A627B681B68002118004A
:10D89000FFF772FD02007B685B6B9A420BD17B68DD
:10D8A0000022DA657B689B6D0322934301221A43B1
:10D8B0007B689A651CE07B689B6D12229343102263
:10D8C0001A437B689A657B68DB6D01221A437B688B
:10D8D000DA651F23FB1801221A7009E07B689B6D33
:10D8E00010221A437B689A651F23FB1801221A70C5
:10D8F0001F23FB181B781800BD4608B080BDC0462A
:10D9000018050020400D0300FDFEFFFF0102FEFF91
:10D9100002FCFF1F08270140FFFFC3FF04FFFF07B2
:10D92000B0B584B000AF78607B681B681800FFF763
:10D930003DFE031E35D17B6854229B5C012B01D137
:10D94000022335E07B685422012199540F257C196C
:10D950007B68180000F028FB030023707B191B78FC
:10D96000002B19D17B689B6D134A13408022520013
:10D970001A437B689A657B680022DA657B681B68BE
:10D980001C221A607B685422002199547B681B6812
:10D990001800FFF7E7FD08E07B6854220021995446
:10D9A00003E00F23FB1802221A700F23FB181B78C9
:10D9B0001800BD4604B0B0BDFEF0FFFFB0B584B0A6
:10D9C00000AF78607B6854229B5C012B01D102235D
:10D9D00029E07B685422012199540F257C197B682A
:10D9E000180000F09FFA030023707B191B78002BAE
:10D9F00012D17C197B68180000F05CFB03002370D7
:10DA00007B191B78002B07D17B689B6D084A13405C
:10DA100001221A437B689A657B685422002199543D
:10DA20000F23FB181B781800BD4604B0B0BDC046DC
:10DA3000FEFEFFFF80B584B000AF786039607B6880
:10DA40005B69082B02D10823FB600FE07B681B6831
:10DA5000DB680122134007D07B689B6D20221A43AC
:10DA60007B689A65012372E00423FB60FFF700FCEA
:10DA70000300BB601FE03B6801331CD0FFF7F8FBDD
:10DA80000200BB68D31A3A689A4202D33B68002B63
:10DA900011D17B681B681B68FA6813400BD17B6847
:10DAA0009B6D04221A437B689A657B68542200218F
:10DAB000995403234BE07B681B681B68FA6813408A
:10DAC000D9D07B689B6D802292001A437B689A654F
:10DAD0007B681B681800FFF766FC031E2ED07B686E
:10DAE0009B7E002B2AD17B681B681B680822134091
:10DAF000082B23D17B681B681800FFF757FD031E16
:10DB000010D17B681B685A687B681B680C218A43AC
:10DB10005A607B689B6D104A134001221A437B6850
:10DB20009A650BE07B689B6D20221A437B689A659F
:10DB30007B68DB6D01221A437B68DA657B681B7E9C
:10DB4000002B03D17B681B680C221A60002318008D
:10DB5000BD4604B080BDC046FEFEFFFF80B582B06A
:10DB600000AF78607B681B681B6C1800BD4602B074
:10DB700080BD000080B586B000AF786039601723A3
:10DB8000FB1800221A700023FB607B6854229B5C08
:10DB9000012B01D10223C0E17B6854220121995459
:10DBA0007B681B681800FFF701FD031E00D0A3E18E
:10DBB0003B685B68022B00D143E17B681A698023D4
:10DBC0001B069A4204D07B681B69C14A934208D164
:10DBD0007B681A683B681B6819001000FFF714FC8B
:10DBE000C9E07B681A6E3B685B681F210B400F2100
:10DBF00099400B00DB43134019003B681B685B0333
:10DC00005B0B05D13B681B689B0E1F22134098E0FD
:10DC10003B681B680122134000D091E03B681B6801
:10DC20000222134000D089E03B681B6804221340A5
:10DC300000D081E03B681B680822134000D079E0E7
:10DC40003B681B681022134000D071E03B681B68E2
:10DC50002022134000D069E03B681B68402213403B
:10DC600000D061E03B681B688022134000D059E07F
:10DC70003B681A6880235B00134051D13B681A68E7
:10DC800080239B00134049D13B681A688023DB0046
:10DC9000134041D13B681A6880231B01134039D1DE
:10DCA0003B681A6880235B01134031D13B681A68D6
:10DCB00080239B01134029D13B681A688023DB0134
:10DCC000134021D13B681A6880231B02134019D1ED
:10DCD0003B681A6880235B02134011D13B681A68C5
:10DCE00080239B02134009D13B681A688023DB0222
:10DCF000134001D0122324E0002322E0112320E06E
:10DD000010231EE00F231CE00E231AE00D2318E061
:10DD10000C2316E00B2314E00A2312E0092310E081
:10DD200008230EE007230CE006230AE0052308E0A1
:10DD3000042306E0032304E0022302E0012300E0C1
:10DD400000233A6852681F20024093400A001A4399
:10DD50007B681A663B685B689B085A1C7B68DB69BA
:10DD60009A4208D87B6818683B6859683B681B680A
:10DD70001A00FFF729FB7B6818683B6819683B6845
:10DD80009B681A00FFF764FB3B681B68002B00DBF5
:10DD9000BCE0504B1800FFF7C5FA03003B613B683D
:10DDA0001B684D4A934222D13A6980231B041340D9
:10DDB0001DD13B69802212041343464A190010000A
:10DDC000FFF79CFA454B1B6845491800E2F7C2F97A
:10DDD00003005A1C13005B009B189B00FB6002E0D1
:10DDE000FB68013BFB60FB68002BF9D18EE03B68D0
:10DDF0001B683C4A93420ED13A6980235B0413406E
:10DE000009D13B69802252041343324A19001000A1
:10DE1000FFF774FA7AE03B681B68334A934200D0FC
:10DE200074E03A698023DB03134000D06EE03B6965
:10DE30008022D2031343274A19001000FFF75EFA2D
:10DE400064E07B681A6980231B069A4204D07B68D1
:10DE50001B691F4A934207D17B681A683B681B689D
:10DE600019001000FFF7E1FA3B681B68002B4DDA40
:10DE7000184B1800FFF756FA03003B613B681B681C
:10DE8000154A934208D13B69184A1340114A1900B8
:10DE90001000FFF733FA39E03B681B68114A9342E0
:10DEA00008D13B69124A13400A4A19001000FFF7D3
:10DEB00025FA2BE03B681B680B4A934226D13B694D
:10DEC0000C4A1340034A19001000FFF717FA1DE02F
:10DED0000400008008270140001000B01805002051
:10DEE000400D0300004000B8002000B4FFFF7FFF9A
:10DEF000FFFFFFFEFFFFBFFF7B689B6D20221A43E1
:10DF00007B689A651723FB1801221A707B685422DC
:10DF1000002199541723FB181B781800BD4606B042
:10DF200080BDC04680B584B000AF78607B681B6858
:10DF30001800FFF73BFB031E31D07B681B681800FD
:10DF4000FFF7FFFA031E04D17B681B681800FFF778
:10DF50001BFBFFF78DF90300FB601AE0FFF788F960
:10DF60000200FB68D31A022B13D97B681B689B68DD
:10DF7000042213400DD07B689B6D10221A437B68EE
:10DF80009A657B68DB6D01221A437B68DA650123A1
:10DF900006E07B681B689B6804221340DED10023E7
:10DFA0001800BD4604B080BD80B584B000AF786075
:10DFB0000023BB607B681B681800FFF7B1FA031EE3
:10DFC00000D069E07B681B689B68364A13400DD01F
:10DFD0007B689B6D10221A437B689A657B68DB6DBA
:10DFE00001221A437B68DA65012356E07B681B68CF
:10DFF0001800FFF771FA2C4B1800FFF793F9020095
:10E0000080231B0413400FD0284B1B68284918009D
:10E01000E2F7A0F803000133BB6002E0BB68013BFC
:10E02000BB60BB68002BF9D17B685B7E012B33D0D2
:10E03000FFF71EF90300FB6027E07B681B681800F0
:10E04000FFF76EFA031E04D17B681B681800FFF708
:10E0500043FAFFF70DF90200FB68D31A022B14D91B
:10E060007B681B681B6801221340012B0DD07B6865
:10E070009B6D10221A437B689A657B68DB6D0122D9
:10E080001A437B68DA65012307E07B681B681B681D
:10E0900001221340012BD0D100231800BD4604B04B
:10E0A00080BDC046170000800827014018050020E9
:10E0B000400D030080B584B000AF78607B681B68BA
:10E0C0001800FFF73EFA0300FB607B681B6818002E
:10E0D000FFF726FA031E46D0FB68002B43D17B686E
:10E0E0001B689B6805221340012B0DD17B681B68C0
:10E0F0001800FFF703FA7B681B6803221A60FFF71A
:10E10000B7F80300BB6028E07B689B6D10221A43C0
:10E110007B689A657B68DB6D01221A437B68DA6550
:10E12000012321E0FFF7A4F80200BB68D31A022BF9
:10E1300013D97B681B689B68012213400DD07B6854
:10E140009B6D10221A437B689A657B68DB6D012208
:10E150001A437B68DA65012306E07B681B689B68CD
:10E1600001221340DED100231800BD4604B080BD5B
:10E1700080B582B000AF0200FB1D1A70FB1D1B783A
:10E180007F2B09D8FB1D1B781A001F231A40044B54
:10E19000012191400A001A60C046BD4602B080BD10
:10E1A00000E100E080B582B000AF0200FB1D1A70F4
:10E1B000FB1D1B787F2B10D8FB1D1B781A001F231B
:10E1C0001340084901229A40130080228B50BFF36C
:10E1D0004F8FC046BFF36F8FC046C046BD4602B0EA
:10E1E00080BDC04600E100E090B583B000AF020002
:10E1F0003960FB1D1A70FB1D1B787F2B28D82F4A16
:10E20000FB1D1B785BB29B08C0339B009B58FA1D1B
:10E210001278110003220A40D200FF2191400A0027
:10E22000D2431A4011003B689B01FF221A40FB1D9C
:10E230001B78180003230340DB009A401F48FB1D96
:10E240001B785BB29B080A43C0339B001A5031E035
:10E250001B4AFB1D1B7819000F230B40083B9B0832
:10E2600006339B00D31804331B68FA1D1278110083
:10E2700003220A40D200FF2191400A00D2431A40F3
:10E2800011003B689B01FF221A40FB1D1B78180000
:10E2900003230340DB009A400948FB1D1B781C0048
:10E2A0000F232340083B9B080A4306339B00C318F7
:10E2B00004331A60C046BD4603B090BD00E100E0E3
:10E2C00000ED00E080B582B000AF78607B685A1E38
:10E2D00080235B049A4201D3012310E00A4B7A6841
:10E2E000013A5A6001235B4203211800FFF77CFFCB
:10E2F000054B00229A60044B07221A600023180085
:10E30000BD4602B080BDC04610E000E080B584B0DC
:10E3100000AFB9607A600F217B18021C1A70BA68CE
:10E320007B181B785BB211001800FFF75DFFC04639
:10E33000BD4604B080BD80B582B000AF0200FB1DB9
:10E340001A70FB1D1B785BB21800FFF711FFC04667
:10E35000BD4602B080BD80B582B000AF0200FB1D9B
:10E360001A70FB1D1B785BB21800FFF71BFFC0463D
:10E37000BD4602B080BD80B582B000AF78607B68DA
:10E380001800FFF79FFF03001800BD4602B080BDD4
:10E3900080B582B000AF78607B68002B01D101238B
:10E3A00056E07B685B7FDBB2002B06D17B680022E6
:10E3B0001A777B681800F7F745F87B6802225A77CE
:10E3C0007B681B79002B0CD17B681B68224A5A6141
:10E3D0007B681B689A687B681B6818218A439A606F
:10E3E0000BE07B6899687B68DA687B68180000F04E
:10E3F00093F9031E01D001232AE07B685B79002B8F
:10E4000005D17B681B68012252421A6104E07B68D7
:10E410001B687A6812691A617B681B689B686022B6
:10E42000934319007B685A697B681B680A439A60AA
:10E430007B681B689B688022934319007B689A69FC
:10E440007B681B680A439A607B6801225A77002325
:10E450001800BD4602B080BDB71DC10480B586B0AE
:10E4600000AFF860B9607A6000233B61FB6802226C
:10E470005A77FB681B6A032B05D02DD8012B19D0C6
:10E48000022B20D028E000237B610AE07B699B00FF
:10E49000BA68D218FB681B6812681A607B6901337E
:10E4A0007B617A697B689A42F0D3FB681B681B68C2
:10E4B0003B6112E07A68B968FB68180000F064F804
:10E4C00003003B6109E07A68B968FB68180000F056
:10E4D000ECF803003B6100E0C046FB6801225A777C
:10E4E0003B691800BD4606B080BD80B586B000AF60
:10E4F000F860B9607A6000233B61FB6802225A77BA
:10E50000FB681B689A68FB681B6801210A439A60D4
:10E51000FB681B6A032B05D02DD8012B19D0022BC9
:10E5200020D028E000237B610AE07B699B00BA6869
:10E53000D218FB681B6812681A607B6901337B6123
:10E540007A697B689A42F0D3FB681B681B683B6161
:10E5500012E07A68B968FB68180000F015F803004B
:10E560003B6109E07A68B968FB68180000F09DF823
:10E5700003003B6100E0C046FB6801225A773B691B
:10E580001800BD4606B080BD80B588B000AFF86009
:10E59000B9607A600023FB6123E0FB699B00BA68E5
:10E5A000D3181B781A06FB699B000133B968CB1896
:10E5B0001B781B041A43FB699B000233B968CB1814
:10E5C0001B781B021A43FB699B000333B968CB1805
:10E5D0001B781900FB681B680A431A60FB6901334A
:10E5E000FB617B689B08FA699A42D6D37B68032259
:10E5F000134053D07B6803221340012B07D1FB69E2
:10E600009B00BA68D218FB681B6812781A707B6886
:10E6100003221340022B19D1FB699B00BA68D3185F
:10E620001B781B021AB2FB699B000133B968CB1837
:10E630001B781BB213431AB21A217B181A80FB688D
:10E640001B687B617B697A1812881A807B680322B9
:10E650001340032B22D1FB699B00BA68D3181B78A7
:10E660001B021AB2FB699B000133B968CB181B78F7
:10E670001BB213431AB21A217B181A80FB681B685D
:10E680007B617B697A1812881A80FB699B000233D0
:10E69000BA68D218FB681B6812781A70FB681B688E
:10E6A0001B681800BD4608B080BD80B586B000AFBD
:10E6B000F860B9607A6000237B6113E07B699B009E
:10E6C000BA68D3181B881A047B699B000233B968A7
:10E6D000CB181B881900FB681B680A431A607B690A
:10E6E00001337B617B685B087A699A42E6D37B6879
:10E6F0000122134009D0FB681B683B617B699B00CA
:10E70000BA68D3181A883B691A80FB681B681B68B3
:10E710001800BD4606B080BD80B586B000AFF86079
:10E72000B9607A601723FB1800221A701F233B611F
:10E73000C0463B695A1E3A61002B08D03B691F2234
:10E740001340BA68DA40130001221340F1D07B680D
:10E75000182B0FD07B68182B24D87B68102B11D076
:10E760007B68102B1ED87B68002B20D07B68082B81
:10E7700010D017E03B69062B1BD91723FB18012289
:10E780001A7016E03B69072B15D91723FB180122D5
:10E790001A7010E03B690F2B0FD91723FB180122C9
:10E7A0001A700AE01723FB1801221A7006E0C0460F
:10E7B00004E0C04602E0C04600E0C0461723FB1854
:10E7C0001B78002B0ED1FB681B68BA685A61FB6886
:10E7D0001B689B68182293431900FB681B687A68C2
:10E7E0000A439A601723FB181B781800BD4606B031
:10E7F00080BD000080B582B000AF78607B68002BE0
:10E8000001D1012391E07B681B681A00494B9A42B1
:10E8100010D87B681B68484A94466344142118004A
:10E82000E1F798FC03009A007B685A647B68434ACE
:10E830001A640FE07B681B68414A944663441421C4
:10E840001800E1F787FC03009A007B685A647B6834
:10E850003C4A1A647B682522022199547B681B6814
:10E860001A687B681B6838490A401A607B681B6815
:10E8700019687B689A687B68DB681A437B681B6948
:10E880001A437B685B691A437B689B691A437B6800
:10E89000DB691A437B681B6A1A437B681B680A435F
:10E8A0001A607B68180000F0E5F97B689A6880239D
:10E8B000DB019A4202D17B6800225A607B685A6869
:10E8C0007B689B6C7F210A401A607B68DB6C7A68EE
:10E8D000126D5A607B685B68002B11D07B685B68A7
:10E8E000042B0DD87B68180000F00EFA7B685B6D76
:10E8F00000221A607B689B6D7A68D26D5A6008E0CE
:10E900007B6800225A657B6800229A657B6800223A
:10E91000DA657B680022DA637B682522012199543D
:10E920007B6824220021995400231800BD4602B0C0
:10E9300080BDC04607040240F8FFFDBF0000024052
:10E94000F8FBFDBF000402400F80FFFF80B586B0DA
:10E9500000AFF860B9607A603B601723FB180022B3
:10E960001A70FB6824229B5C012B01D102236FE00B
:10E97000FB68242201219954FB6825229B5CDBB2B1
:10E98000012B57D1FB68252202219954FB680022F4
:10E99000DA63FB681B681A68FB681B6801218A43FD
:10E9A0001A603B687A68B968F86800F027F9FB6874
:10E9B0001B6B002B08D0FB681B681A68FB681B6880
:10E9C0000E210A431A600FE0FB681B681A68FB6897
:10E9D0001B6804218A431A60FB681B681A68FB687D
:10E9E0001B680A210A431A60FB689B6C1A68802323
:10E9F0005B02134008D0FB689B6C1A68FB689B6C39
:10EA0000802149000A431A60FB685B6D002B08D027
:10EA1000FB685B6D1A68FB685B6D802149000A43E7
:10EA20001A60FB681B681A68FB681B6801210A43AF
:10EA30001A600AE0FB688022DA63FB682422002166
:10EA400099541723FB1801221A701723FB181B78FF
:10EA50001800BD4606B080BD80B582B000AF7860BA
:10EA60007B68002B01D101234FE07B6825229B5C52
:10EA7000DBB2022B08D07B680422DA637B68242295
:10EA800000219954012340E07B681B681A687B6869
:10EA90001B680E218A431A607B689B6C1A687B682E
:10EAA0009B6C1C490A401A607B681B681A687B686B
:10EAB0001B6801218A431A607B685B6C1C221A4028
:10EAC0007B681B6C012191400A005A607B68DB6CFB
:10EAD0007A68126D5A607B685B6D002B0CD07B6886
:10EAE0005B6D1A687B685B6D0A490A401A607B6837
:10EAF0009B6D7A68D26D5A607B68252201219954FA
:10EB00007B6824220021995400231800BD4602B0DE
:10EB100080BDC046FFFEFFFF80B584B000AF7860C7
:10EB20000F217B1800221A707B6825229B5CDBB2C8
:10EB3000022B06D07B680422DA637B1801221A704C
:10EB400048E07B681B681A687B681B680E218A4353
:10EB50001A607B681B681A687B681B6801218A43FE
:10EB60001A607B689B6C1A687B689B6C1D490A4025
:10EB70001A607B685B6C1C221A407B681B6C01214D
:10EB800091400A005A607B68DB6C7A68126D5A60AB
:10EB90007B685B6D002B0CD07B685B6D1A687B68B3
:10EBA0005B6D10490A401A607B689B6D7A68D26D74
:10EBB0005A607B682522012199547B682422002118
:10EBC00099547B689B6B002B04D07B689B6B7A68A5
:10EBD000100098470F23FB181B781800BD4604B09F
:10EBE00080BDC046FFFEFFFF80B582B000AF7860F9
:10EBF0007B68DB6B1800BD4602B080BD80B584B079
:10EC000000AFF860B9607A603B60FB68DB6CFA6863
:10EC1000126D5A60FB685B6D002B04D0FB689B6D26
:10EC2000FA68D26D5A60FB685B6C1C221A40FB6864
:10EC30001B6C012191400A005A60FB681B683A680E
:10EC40005A60FB689B68102B08D1FB681B687A68C8
:10EC50009A60FB681B68BA68DA6007E0FB681B68AB
:10EC6000BA689A60FB681B687A68DA60C046BD467D
:10EC700004B080BD80B584B000AF78607B681B684D
:10EC80001A001D4B9A4214D87B685B6C9B089B0052
:10EC90001A4A9A187B689A647B681B681A00FF23DB
:10ECA0001340083B14211800E1F754FA0300FB60FD
:10ECB00014E07B685B6C9B089B00114A9A187B6888
:10ECC0009A647B681B681A00FF231340083B1421D9
:10ECD0001800E1F73FFA03000733FB607B68094A3D
:10ECE000DA64FB681F22134001229A407B681A6590
:10ECF000C046BD4604B080BD070402400008024083
:10ED00001C0802408008024080B584B000AF7860E3
:10ED10007B685B687F221340FB60FB680A4A94466D
:10ED200063449B001A007B685A657B68074A9A65B2
:10ED3000FB68013B0322134001229A407B68DA659D
:10ED4000C046BD4604B080BD3F820010400902406D
:10ED5000B0B586B000AFF860B9603A607B60214B17
:10ED60001B78012B01D1022338E01E4B01221A70BF
:10ED70001C4B00225A6017257C19FA239B001800AF
:10ED800000F074F8030023707B191B78002B1FD14F
:10ED9000FB68012B06D13A687B68B968080000F06F
:10EDA000B3F805E03A68BB68110018000CF020FACF
:10EDB0001723FC18FA239B00180000F057F80300F3
:10EDC0002370094B5A69FB68D943074B0A405A61C3
:10EDD000044B00221A701723FB181B781800BD463D
:10EDE00006B0B0BDF89B01200020024080B582B083
:10EDF00000AFFB1D00221A700B4B5B69002B0CDA75
:10EE0000094B0A4A9A60084B094A9A60064B5B69AB
:10EE1000002B02DAFB1D01221A70FB1D1B78180063
:10EE2000BD4602B080BDC0460020024023016745B8
:10EE3000AB89EFCD80B582B000AFFB1D01221A7007
:10EE4000094B5A69084B802109060A435A61064B4F
:10EE50005B69002B02DAFB1D00221A70FB1D1B7878
:10EE60001800BD4602B080BD0020024080B584B0CD
:10EE700000AF7860FEF7FCF902007B689B18FB602E
:10EE8000C0239B02BB6007E0FEF7F2F90200FB68BB
:10EE9000934201D803232AE0174B1B69BA68134039
:10EEA000F2D1154B1B69154A1340BB60124B144A33
:10EEB0001A61BB68002B04D0124BBA685A60012358
:10EEC00015E0FEF7D5F902007B689B18FB6007E0B0
:10EED000FEF7CEF90200FB68934201D8032306E057
:10EEE000054B1A698023DB021340F1D1002318007F
:10EEF000BD4604B080BDC04600200240FAC30000F9
:10EF0000FBC30800F89B0120B0B584B000AFF860E7
:10EF10003A607B600B4B5A690A4B01210A435A61E4
:10EF2000FB683A681A60BFF36F8FC0467B681C00AD
:10EF300000231D00FB68043322001A60C046BD4652
:10EF400004B0B0BD00200240B0B584B000AF78601E
:10EF50003960334B1B78012B01D102235CE0304B2D
:10EF600001221A702E4B00225A600F257C19FA23B9
:10EF70009B001800FFF77AFF030023702C003B1959
:10EF80001B78002B42D17B681B68042B0DD17B685A
:10EF90005B68180000F048F83C19FA239B00180041
:10EFA000FFF764FF0300237030E03B680122524208
:10EFB0001A607B689B68BB601AE07B685B68BA6814
:10EFC0001100180000F044F80F257C19FA239B006B
:10EFD0001800FFF74BFF030023707B191B78002BF1
:10EFE00003D03B68BA681A600AE0BB680133BB60B3
:10EFF0007B689A687B68DB68D318BA689A42DCD36E
:10F00000084B5A69074B02218A435A61044B00227C
:10F010001A700F23FB181B781800BD4604B0B0BD52
:10F02000F89B01200020024080B582B000AF7860DC
:10F03000064B5A697B681A43044B802149020A43F4
:10F040005A61C046BD4602B080BDC04600200240A5
:10F0500080B584B000AF786039600023FB60C046A3
:10F06000594B1A6980239B021340F9D1564B1A69F8
:10F07000554B01210A431A61534B1A69524B102117
:10F080000A431A61504B1A694F4B08210A431A610F
:10F090004D4B5A694C4B02210A435A614B4B1A683B
:10F0A000C0239B0413400ED0484B1A68C0239B0416
:10F0B0001A4080235B049A420FD1454B1A68802383
:10F0C0009B03134009D1434B1B689B02424A1340E8
:10F0D000802212059446634409E03E4B1B689B0264
:10F0E0005B083E4A134080221205944663443A6806
:10F0F00093420DD93B68F822120694466344DB0A1A
:10F10000FB60314B5A69304B35490A405A6133E054
:10F110002E4B1A68C0239B0413400ED02B4B1A6849
:10F12000C0239B041A4080235B049A420FD1284BD2
:10F130001A6880239B03134009D1264B1B689B024E
:10F14000254A1340802212059446634409E0214B6E
:10F150001B689B025B08214A1340802212059446DB
:10F1600063443A68D31ADB0AFB60174B5A69164BA3
:10F17000802189010A435A61134B5969FB68DB00FE
:10F18000184A1A40104B0A435A610F4B5A690E4BEA
:10F19000802149020A435A61C0460B4B1A698023F9
:10F1A0009B021340F9D1084B5A69074B02218A434D
:10F1B0005A61054B5A69044B920F92075A61C04637
:10F1C000BD4604B080BDC046002002400075FF1F50
:10F1D00020200240E075FF1F00FC0F0000FE07002A
:10F1E000FFDFFFFFF81F000080B586B000AF78603A
:10F1F000396000237B614DE13B681B6801217A691E
:10F2000091400A001340FB60FB68002B00D13EE1F7
:10F210003B685B6803221340012B05D03B685B68A9
:10F2200003221340022B30D17B689B683B617B69D2
:10F230005B0003229A401300DA433B6913403B61B1
:10F240003B68DA687B695B009A4013003A691343B4
:10F250003B617B683A699A607B685B683B6101222D
:10F260007B699A401300DA433B6913403B613B687A
:10F270005B681B0901221A407B699A4013003A69B6
:10F2800013433B617B683A695A603B685B680322C1
:10F290001340032B17D07B68DB683B617B695B0005
:10F2A00003229A401300DA433B6913403B613B68F9
:10F2B0009A687B695B009A4013003A6913433B618B
:10F2C0007B683A69DA603B685B6803221340022B73
:10F2D00023D17B69DA087B6808329200D3583B61FE
:10F2E0007B69072213409B000F229A401300DA43E8
:10F2F0003B6913403B613B681A697B6907210B40FE
:10F300009B009A4013003A6913433B617B69DA081A
:10F310007B68083292003969D1507B681B683B6179
:10F320007B695B0003229A401300DA433B69134078
:10F330003B613B685B6803221A407B695B009A4033
:10F3400013003A6913433B617B683A691A603B6872
:10F350005A68C0239B02134000D198E0534A7B694E
:10F360009B0818339B009B583B617B690322134029
:10F37000DB000F229A401300DA433B6913403B61E4
:10F380007A68A023DB059A4219D07B68484A9342E9
:10F3900013D07B68474A93420DD07B68464A93421C
:10F3A00007D07B68454A934201D1042308E0052336
:10F3B00006E0032304E0022302E0012300E000232F
:10F3C0007A6903210A40D20093403A6913433B61B2
:10F3D00036497B699B0818339B003A695A50334B76
:10F3E0001B683B61FB68DA433B6913403B613B6848
:10F3F0005A6880235B03134003D03A69FB681343C8
:10F400003B612A4B3A691A60284B5B683B61FB6899
:10F41000DA433B6913403B613B685A6880239B0396
:10F42000134003D03A69FB6813433B611F4B3A69B1
:10F430005A601E4A8423D3583B61FB68DA433B6918
:10F4400013403B613B685A6880239B02134003D002
:10F450003A69FB6813433B61144984223B698B5032
:10F46000124A8023D3583B61FB68DA433B6913405F
:10F470003B613B685A6880235B02134003D03A69C2
:10F48000FB6813433B61094980223B698B507B69D0
:10F4900001337B613B681A687B69DA40131E00D038
:10F4A000AAE6C046C046BD4606B080BD0018024070
:10F4B0000004005000080050000C005000100050E4
:10F4C00080B586B000AF7860396000237B61BAE018
:10F4D00001227B699A403B6813403B613B69002BEA
:10F4E00000D1ADE05D4A7B699B0818339B009B58B7
:10F4F000FB607B6903221340DB000F229A40FB680C
:10F500001340FB607A68A023DB059A4219D07B6820
:10F51000534A934213D07B68524A93420DD07B6882
:10F52000514A934207D07B68504A934201D1042349
:10F5300008E0052306E0032304E0022302E00123A0
:10F5400000E000237A6903210A40D2009340FA6860
:10F550009A4236D1414A8023D3583A69D2433F492F
:10F56000134080228B503D4A8423D3583A69D243BA
:10F570003A49134084228B50384B5A683B69D9432F
:10F58000364B0A405A60354B1A683B69D943334BB6
:10F590000A401A607B6903221340DB000F229A4065
:10F5A0001300FB602D4A7B699B0818339B009A5817
:10F5B000FB68D94329487B699B080A4018339B00A4
:10F5C0001A507B681A687B695B00032199400B0025
:10F5D0001A437B681A607B69DA087B6808329200FC
:10F5E000D3587A6907210A4092000F2191400A00FE
:10F5F000D1437A69D20819407B6808329200D15011
:10F600007B689B687A695200032191400A00D243CB
:10F610001A407B689A607B685B6801217A69914037
:10F620000A00D2431A407B685A607B68DB687A69BB
:10F630005200032191400A00D2431A407B68DA60ED
:10F640007B6901337B613A687B69DA40131E00D025
:10F650003EE7C046C046BD4606B080BD0018024029
:10F660000004005000080050000C00500010005032
:10F6700080B584B000AF78600A00BB1C1A807B683C
:10F680001B69BA1C1288134004D00F23FB180122F7
:10F690001A7003E00F23FB1800221A700F23FB18C7
:10F6A0001B781800BD4604B080BD80B582B000AFA5
:10F6B000786008001100BB1C021C1A807B1C0A1C0D
:10F6C0001A707B1C1B78002B04D0BB1C1A887B682B
:10F6D0009A6103E0BB1C1A887B689A62C046BD46EB
:10F6E00002B080BD80B584B000AF78600A00BB1C5A
:10F6F0001A807B685B69FB60BB1C1B88FA6813403F
:10F700001A04FB68DB43B91C09880B401A437B6869
:10F710009A61C046BD4604B080BD000080B582B08D
:10F7200000AF78607B68002B01D1012382E07B6809
:10F7300041229B5CDBB2002B07D17B684022002179
:10F7400099547B68180000F07FF87B6841222421DF
:10F7500099547B681B681A687B681B6801218A437F
:10F760001A607B685A687B681B6834490A401A61D2
:10F770007B681B689A687B681B6831490A409A60FD
:10F780007B68DB68012B08D17B689A687B681B6803
:10F79000802109020A439A6007E07B689A687B68C7
:10F7A0001B68842109020A439A607B68DB68022B8C
:10F7B00004D17B681B68802212015A607B681B6839
:10F7C0005A687B681B681F490A435A607B681B683C
:10F7D000DA687B681B681A490A40DA607B681A6934
:10F7E0007B685B691A4311007B689B691A027B681E
:10F7F0001B680A43DA607B68D9697B681A6A7B6890
:10F800001B680A431A607B681B681A687B681B6860
:10F8100001210A431A607B6800225A647B684122F6
:10F82000202199547B6800221A637B6842220021C0
:10F83000995400231800BD4602B080BDFFFFFFF0C1
:10F84000FF7FFFFF0080000280B582B000AF7860CC
:10F85000C046BD4602B080BD90B589B002AFF86029
:10F8600008007A6019000A23FB18021C1A8008237A
:10F87000FB180A1C1A80FB6841229B5CDBB2202B20
:10F8800000D0E7E0FB6840229B5C012B01D1022302
:10F89000E1E0FB68402201219954FDF7E9FC0300F7
:10F8A0007B6180231902F8687B6900931923012288
:10F8B00000F004FA031E01D00123CCE0FB684122D2
:10F8C00021219954FB68422210219954FB6800229F
:10F8D0005A64FB687A685A62FB680822BA18128870
:10F8E0005A85FB6800225A63FB685B8D9BB2FF2B35
:10F8F00011D9FB68FF221A85FB681B8DDAB28023C1
:10F900005C040A23FB181988F868554B0093230000
:10F9100000F008FC75E0FB685B8D9AB2FB681A8505
:10F92000FB681B8DDAB280239C040A23FB1819881C
:10F93000F8684B4B0093230000F0F4FB61E07A6918
:10F94000B96AFB68180000F0F8F9031E01D0012322
:10F9500081E0FB685B6A1A78FB681B689A62FB6847
:10F960005B6A5A1CFB685A62FB685B8D9BB2013B69
:10F970009AB2FB685A85FB681B8D013B9AB2FB6803
:10F980001A85FB685B8D9BB2002B3AD0FB681B8D00
:10F99000002B36D1BA6AF8687B6900931300002205
:10F9A000802100F08BF9031E01D0012353E0FB6896
:10F9B0005B8D9BB2FF2B11D9FB68FF221A85FB6878
:10F9C0001B8DDAB280235C040A23FB181988F868BF
:10F9D00000230093230000F0A5FB12E0FB685B8D81
:10F9E0009AB2FB681A85FB681B8DDAB280239C04EF
:10F9F0000A23FB181988F86800230093230000F0FD
:10FA000091FBFB685B8D9BB2002B98D17A69B96A38
:10FA1000FB68180000F0D0F9031E01D001231AE0A2
:10FA2000FB681B682022DA61FB681B685A68FB6868
:10FA30001B680C490A405A60FB68412220219954F6
:10FA4000FB68422200219954FB684022002199540E
:10FA5000002300E002231800BD4607B090BDC04659
:10FA60000020008000E800FE90B589B002AFF86089
:10FA700008007A6019000A23FB18021C1A80082368
:10FA8000FB180A1C1A80FB6841229B5CDBB2202B0E
:10FA900000D0E8E0FB6840229B5C012B01D10223EF
:10FAA000E2E0FB68402201219954FDF7E1FB0300ED
:10FAB0007B6180231902F8687B6900931923012276
:10FAC00000F0FCF8031E01D00123CDE0FB684122C9
:10FAD00022219954FB68422210219954FB6800228C
:10FAE0005A64FB687A685A62FB680822BA1812885E
:10FAF0005A85FB6800225A63FB685B8D9BB2FF2B23
:10FB000011D9FB68FF221A85FB681B8DDAB28023AE
:10FB10005C040A23FB181988F868554B00932300EE
:10FB200000F000FB76E0FB685B8D9AB2FB681A85FB
:10FB3000FB681B8DDAB280239C040A23FB1819880A
:10FB4000F8684B4B0093230000F0ECFA62E07A690E
:10FB5000B96AFB68180000F06BF9031E01D001239D
:10FB600082E0FB681B685A6AFB685B6AD2B21A7053
:10FB7000FB685B6A5A1CFB685A62FB681B8D013B81
:10FB80009AB2FB681A85FB685B8D9BB2013B9AB207
:10FB9000FB685A85FB685B8D9BB2002B3AD0FB68F3
:10FBA0001B8D002B36D1BA6AF8687B69009313006D
:10FBB0000022802100F082F8031E01D0012353E0CF
:10FBC000FB685B8D9BB2FF2B11D9FB68FF221A8566
:10FBD000FB681B8DDAB280235C040A23FB181988AA
:10FBE000F86800230093230000F09CFA12E0FB6801
:10FBF0005B8D9AB2FB681A85FB681B8DDAB2802395
:10FC00009C040A23FB181988F8680023009323003A
:10FC100000F088FAFB685B8D9BB2002B97D17A6964
:10FC2000B96AFB68180000F0C7F8031E01D0012371
:10FC30001AE0FB681B682022DA61FB681B685A68BF
:10FC4000FB681B680B490A405A60FB68412220216F
:10FC50009954FB68422200219954FB6840220021FC
:10FC60009954002300E002231800BD4607B090BD60
:10FC70000024008000E800FE80B582B000AF78600C
:10FC80007B681B689B6902221340022B03D17B68AF
:10FC90001B6800229A627B681B689B6901221340E3
:10FCA000012B07D07B681B689A697B681B68012160
:10FCB0000A439A61C046BD4602B080BD80B584B09B
:10FCC00000AFF860B9603B60FB1D1A7021E03B6833
:10FCD00001331ED0FDF7CCFA0200BB69D31A3A6893
:10FCE0009A4202D33B68002B13D1FB685B6C202245
:10FCF0001A43FB685A64FB68412220219954FB682F
:10FD0000422200219954FB6840220021995401238A
:10FD10000FE0FB681B689B69BA681340BA68D31A86
:10FD20005A425341DBB21A00FB1D1B789A42CED0D7
:10FD300000231800BD4604B080BD80B584B000AF7C
:10FD4000F860B9607A602BE07A68B968FB681800DF
:10FD500000F0E8F8031E01D0012329E0BB6801335D
:10FD60001ED0FDF785FA02007B68D31ABA689A4262
:10FD700002D3BB68002B13D1FB685B6C20221A43B3
:10FD8000FB685A64FB68412220219954FB68422297
:10FD900000219954FB68402200219954012307E077
:10FDA000FB681B689B6902221340022BCCD1002305
:10FDB0001800BD4604B080BD80B584B000AFF860C7
:10FDC000B9607A6028E07A68B968FB68180000F0CA
:10FDD000A9F8031E01D0012326E0FDF749FA02002D
:10FDE0007B68D31ABA689A4202D3BB68002B13D13E
:10FDF000FB685B6C20221A43FB685A64FB68412253
:10FE000020219954FB68422200219954FB6840222A
:10FE100000219954012307E0FB681B689B6920229D
:10FE20001340202BCFD100231800BD4604B080BD65
:10FE300080B584B000AFF860B9607A6064E07A6839
:10FE4000B968FB68180000F06DF8031E01D00123AB
:10FE500062E0FB681B689B6920221340202B38D18D
:10FE6000FB681B689B6904221340042B05D1FB68C7
:10FE70001B8D002B01D000234EE0FB681B689B69A3
:10FE800010221340102B07D1FB681B681022DA6187
:10FE9000FB6804225A6402E0FB6800225A64FB6893
:10FEA0001B682022DA61FB681B685A68FB681B68C4
:10FEB0001B490A405A60FB68412220219954FB6883
:10FEC000422200219954FB684022002199540123C9
:10FED00022E0FDF7CDF902007B68D31ABA689A4296
:10FEE00002D3BB68002B0FD1FB685B6C20221A4346
:10FEF000FB685A64FB68412220219954FB68402228
:10FF000000219954012307E0FB681B689B690422C8
:10FF10001340042B93D100231800BD4604B080BDCC
:10FF200000E800FE90B58BB000AFF860B9607A6071
:10FF30002723FB1800221A70FB681B689B69BB61B2
:10FF400000233B627B68FB61BB691022134000D138
:10FF500082E0FB681B681022DA6160E027243B190D
:10FF60003A1912781A70BB68013358D0FDF780F93E
:10FF70000200FB69D31ABA689A4206D33B193A19B0
:10FF800012781A70BB68002B49D1FB681B685A684D
:10FF90008023DB0113407B6113203B18FA68422168
:10FFA000525C1A70FB681B689A6980231B021A4016
:10FFB00080231B029A4226D17A698023DB019A4270
:10FFC00021D03B181B78202B1DD0FB681B685A687A
:10FFD000FB681B688021C9010A435A60FDF748F994
:10FFE0000300FB610FE0FDF743F90200FB69D31A40
:10FFF000192B08D93B6A202213433B622723FB18A5
:020000040802F0
:1000000001221A700BE0FB681B689B6920221340D9
:1000100027217A18791809781170202BE3D1FB6811
:100020001B689B6920221340202B04D02723FB1838
:100030001B78002B92D02723FB181B78002B03D1B1
:10004000FB681B682022DA613B6A042213433B628F
:100050002723FB1801221A70FB681B689B69BB6190
:10006000BA6980235B0013400CD03B6A0122134322
:100070003B62FB681B6880225200DA612723FB1871
:1000800001221A70BA698023DB0013400CD03B6A4E
:10009000082213433B62FB681B688022D200DA61AE
:1000A0002723FB1801221A70BA6980239B00134092
:1000B0000CD03B6A022213433B62FB681B68802220
:1000C0009200DA612723FB1801221A702723FB18FC
:1000D0001B78002B1DD0FB681800FFF7CDFDFB68D7
:1000E0001B685A68FB681B680D490A405A60FB6828
:1000F0005A6C3B6A1A43FB685A64FB684122202110
:100100009954FB68422200219954FB684022002147
:1001100099542723FB181B781800BD460BB090BDDF
:1001200000E800FE90B587B000AFF860080011004D
:100130007B600A243B19021C1A8009203B180A1C08
:100140001A703B191B889B059A0D3B181B781904E4
:10015000FF231B040B401A437B681A43BB6A1343FB
:100160005B005B087B61FB681B685B68BA6A510DCA
:100170008022D2000A4007490A43D2431A401100A4
:10018000FB681B687A690A435A60C046BD4607B0DF
:1001900090BDC046FF63FF0380B582B000AF7860BA
:1001A00039607B6841229B5CDBB2202B38D17B68B5
:1001B00040229B5C012B01D1022332E07B6840226C
:1001C000012199547B684122242199547B681B6842
:1001D0001A687B681B6801218A431A607B681B6868
:1001E0001A687B681B6811490A401A607B681B68A3
:1001F00019687B681B683A680A431A607B681B6849
:100200001A687B681B6801210A431A607B684122D7
:10021000202199547B68402200219954002300E05A
:1002200002231800BD4602B080BDC046FFEFFFFFAD
:1002300080B584B000AF786039607B6841229B5CF8
:10024000DBB2202B39D17B6840229B5C012B01D192
:10025000022333E07B684022012199547B684122CC
:10026000242199547B681B681A687B681B680121EC
:100270008A431A607B681B681B68FB60FB68114A35
:100280001340FB603B681B02FA681343FB607B680A
:100290001B68FA681A607B681B681A687B681B68B1
:1002A00001210A431A607B684122202199547B680E
:1002B000402200219954002300E002231800BD468B
:1002C00004B080BDFFF0FFFF80B582B000AF786062
:1002D0007B681B68034A1A6000231800BD4602B001
:1002E00080BDC046AAAA000080B582B000AF786089
:1002F0000C4BDB687A683F210A40D2431A40110058
:100300007B681A0A074B0A43DA60064B99687B68D8
:100310003F221A40034B0A439A60C046BD4602B0D2
:1003200080BDC0460070004080B582B000AF7860EC
:10033000064B9A687B683F210B40D943034B0A4028
:100340009A60C046BD4602B080BDC0460070004005
:1003500080B582B000AF78600A00FB1C1A707B6821
:10036000002B09D0144B1B68072293431A00124B31
:1003700001210A431A6005E00F4B1A680E4B072152
:100380008A431A600D4B1A690C4B04210A431A6107
:10039000FB1C1B78012B01D130BF02E040BF20BF06
:1003A00020BF064B1A69054B04218A431A61C046D7
:1003B000BD4602B080BDC0460070004000ED00E0C8
:1003C00080B500AF094B1B68072293431A00074B07
:1003D00003210A431A60064B1A69054B04210A439C
:1003E0001A6130BFC046BD4680BDC04600700040A7
:1003F00000ED00E080B500AF044B9A68034B80210C
:1004000049000A439A60C046BD4680BD0070004066
:1004100080B584B000AF7860194B1B68194A13404F
:100420001900174B7A680A431A607A6880239B0088
:100430009A421FD1144B1A6813005B009B185B0093
:1004400012491800DFF786FE03000133FB6008E065
:10045000FB68002B03D0FB68013BFB6001E003233A
:1004600009E0074B5A698023DB001A408023DB0038
:100470009A42EDD000231800BD4604B080BDC046AE
:1004800000700040FFF9FFFF1805002040420F00F8
:1004900080B500AF034B9A68E023DB0113401800DE
:1004A000BD4680BD0010024080B588B000AF7860C6
:1004B0007B68002B02D1012300F050FB7B681B6896
:1004C0000122134000D17CE0C34B9B6838221340CB
:1004D000BB61C14BDB68032213407B61BB69102BFE
:1004E00002D17B69032B02D0BB69082B0BD1BA4B1D
:1004F0001A6880239B02134062D07B685B68002BE4
:100500005ED101232AE37B685A6880235B029A420A
:1005100007D1B14B1A68B04B802149020A431A60D7
:1005200020E07B685A68A023DB029A420ED1AA4BD6
:100530001A68A94B8021C9020A431A60A64B1A689F
:10054000A54B802149020A431A600BE0A24B1A68AE
:10055000A14BA2490A401A609F4B1A689E4BA049C2
:100560000A401A607B685B68002B14D0FCF780FEA1
:1005700003003B6108E0FCF77BFE02003B69D31AF5
:10058000642B01D90323E9E2934B1A6880239B0271
:100590001340F0D015E0FCF76BFE03003B6108E070
:1005A000FCF766FE02003B69D31A642B01D90323D2
:1005B000D4E2894B1A6880239B021340F0D100E0FB
:1005C000C0467B681B680222134000D199E0824B31
:1005D0009B6838221340BB617F4BDB6803221340CA
:1005E0007B61BB69102B02D17B69022B02D0BB69F6
:1005F000002B35D1784B1A688023DB00134005D0DF
:100600007B68DB68002B01D10123A7E2724B5B689A
:10061000744A134019007B685B691A026E4B0A43E7
:100620005A60BB69002B12D16B4B1B686E4A13409A
:1006300019007B681A69684B0A431A60664B1B688D
:10064000DB0A07221340694ADA40694B1A60694B9A
:100650001B681800FCF7B0FD031E51D001237DE29A
:100660007B68DB68002B30D05B4B1B685E4A134015
:1006700019007B681A69584B0A431A60564B1A686E
:10068000554B802149000A431A60FCF7F1FD030035
:100690003B6108E0FCF7ECFD02003B69D31A022B3A
:1006A00001D903235AE24C4B1A688023DB00134024
:1006B000F0D0494B5B684B4A134019007B685B697B
:1006C0001A02454B0A435A601BE0434B1A68424BDF
:1006D00049490A401A60FCF7CBFD03003B6108E082
:1006E000FCF7C6FD02003B69D31A022B01D9032394
:1006F00034E2394B1A688023DB001340F0D100E06C
:10070000C0467B681B680822134047D0324B9B6869
:1007100038221340182B0AD12F4B1B6E0222134094
:100720003CD07B689B69002B38D1012316E27B68A3
:100730009B69002B19D0284B1A6E274B01210A43C5
:100740001A66FCF795FD03003B6108E0FCF790FD9D
:1007500002003B69D31A022B01D90323FEE11E4B91
:100760001B6E02221340F1D018E01B4B1A6E1A4B7D
:1007700001218A431A66FCF77BFD03003B6108E018
:10078000FCF776FD02003B69D31A022B01D9032343
:10079000E4E1114B1B6E02221340F1D17B681B6810
:1007A0000422134000D1C7E01F23FB1800221A7057
:1007B000094B9B6838221340202B1FD1064BDB6D61
:1007C0000222134000D1B7E07B689B68002B00D069
:1007D000B2E00123C2E1C04600100240FFFFFEFF6D
:1007E000FFFFFBFFFF80FFFFFFC7FFFF0024F400B8
:1007F00018050020B8050020FFFEFFFFB54BDA6B9F
:1008000080235B05134001D1012300E00023002B6E
:1008100011D0B04BDA6BAF4B802149050A43DA6344
:10082000AC4BDA6B80235B051340FB60FB681F2336
:10083000FB1801221A70A84B1A6880235B00134032
:100840001AD1A54B1A68A44B802149000A431A60AB
:10085000FCF70EFD03003B6108E0FCF709FD020018
:100860003B69D31A022B01D9032377E19A4B1A680B
:1008700080235B001340F0D07B689B68012B06D17E
:10088000944BDA6D934B01210A43DA651CE07B68D7
:100890009B68052B0CD18F4BDA6D8E4B04210A43DC
:1008A000DA658C4BDA6D8B4B01210A43DA650BE07C
:1008B000884BDA6D874B01218A43DA65854BDA6D07
:1008C000844B04218A43DA657B689B68002B14D033
:1008D000FCF7CEFC03003B6109E0FCF7C9FC020019
:1008E0003B69D31A7D4A934201D9032336E1794B00
:1008F000DB6D02221340F0D013E0FCF7B9FC0300DB
:100900003B6109E0FCF7B4FC02003B69D31A734A6F
:10091000934201D9032321E16E4BDB6D0222134088
:10092000F0D11F23FB181B78012B05D1694BDA6B23
:10093000684B6B490A40DA637B681B6820221340CE
:1009400039D07B68DB69002B1BD0624B1A68614B86
:100950008021C9030A431A60FCF78AFC03003B614B
:1009600008E0FCF785FC02003B69D31A022B01D991
:100970000323F3E0574B1A6880231B041340F0D085
:1009800019E0544B1A68534B56490A401A60FCF759
:100990006FFC03003B6108E0FCF76AFC02003B6966
:1009A000D31A022B01D90323D8E04A4B1A688023BB
:1009B0001B041340F0D17B681B6A002B00D1CCE0F4
:1009C000444B9B6838221340102B00D17BE07B689E
:1009D0001B6A022B56D13F4B1A683E4B42490A40D4
:1009E0001A60FCF745FC03003B6108E0FCF740FCA3
:1009F00002003B69D31A022B01D90323AEE0354B29
:100A00001A6880239B041340F0D1324BDB68374ACD
:100A1000134019007B685A6A7B689B6A1A437B689B
:100A2000DB6A1B021A437B681B6B1A437B685B6B98
:100A30001A437B689B6B1A43264B0A43DA60254BAB
:100A40001A68244B802149040A431A60214BDA6852
:100A5000204B802149050A43DA60FCF709FC0300BA
:100A60003B6108E0FCF704FC02003B69D31A022B4F
:100A700001D9032372E0174B1A6880239B041340AB
:100A8000F0D06AE0134B1A68124B17490A401A60FB
:100A9000FCF7EEFB03003B6108E0FCF7E9FB02001A
:100AA0003B69D31A022B01D9032357E0094B1A687B
:100AB00080239B041340F0D1064BDA68054B0C49A8
:100AC0000A40DA6049E07B681B6A012B12D10123DE
:100AD00044E0C0460010024000700040881300004F
:100AE000FFFFFFEFFFFFBFFFFFFFFFFE8C80C11185
:100AF000FCFFFEEE1B4BDB687B617B6903221A4027
:100B00007B685B6A9A4226D17B6970221A407B68B7
:100B10009B6A9A421FD17A69FE23DB011A407B68E7
:100B2000DB6A1B029A4216D17A69F8239B031A40AA
:100B30007B681B6B9A420ED17A69E0231B051A4031
:100B40007B685B6B9A4206D17B695B0F5A077B68B7
:100B50009B6B9A4201D0012300E000231800BD46A0
:100B600008B080BD0010024080B584B000AF78604E
:100B700039607B68002B01D10123E9E0764B1B68CB
:100B8000072213403A689A421ED9734B1B6807220A
:100B900093431900704B3A680A431A60FCF768FBEC
:100BA0000300FB6009E0FCF763FB0200FB68D31A5B
:100BB0006A4A934201D90323CAE0674B1B680722A4
:100BC00013403A689A42EED17B681B6802221340B8
:100BD00015D07B681B680422134006D0604B9A68CE
:100BE0005F4BE021C9010A439A605D4B9B685D4AF7
:100BF000134019007B689A68594B0A439A607B68D6
:100C00001B680122134057D07B685B68012B07D11A
:100C1000534B1A6880239B0213402BD1012397E08A
:100C20007B685B68022B07D14D4B1A6880239B04BD
:100C300013401FD101238BE07B685B68002B07D139
:100C4000474B1A688023DB00134013D101237FE058
:100C50007B685B68032B06D1414B1B6E022213405D
:100C600008D1012374E03E4BDB6D0222134001D119
:100C700001236DE03A4B9B680722934319007B6880
:100C80005A68374B0A439A60FCF7F2FA0300FB609C
:100C900009E0FCF7EDFA0200FB68D31A2F4A9342F1
:100CA00001D9032354E02E4B9B6838221A407B68FD
:100CB0005B68DB009A42ECD1274B1B68072213408C
:100CC0003A689A421ED2244B1B68072293431900AC
:100CD000214B3A680A431A60FCF7CAFA0300FB602A
:100CE00009E0FCF7C5FA0200FB68D31A1B4A9342DD
:100CF00001D903232CE0184B1B68072213403A68E4
:100D00009A42EED17B681B680422134009D0144B31
:100D10009B68154A134019007B68DA68104B0A4338
:100D20009A6000F029F801000D4B9B681B0A0F2206
:100D30001A400E4B9200D3581F2213400A00DA408B
:100D40000B4B1A600B4B1B681800FCF735FA0300BD
:100D50001800BD4604B080BD00200240881300008A
:100D600000100240FFF0FFFFFF8FFFFF98E1020835
:100D700018050020B805002080B586B000AF3C4BB8
:100D80009B68382213400FD1394B1B68DB0A0722BE
:100D9000134001229A4013003B6039683548DFF761
:100DA000D9F903003B615DE0314B9B683822134069
:100DB000082B02D1304B3B6154E02D4B9B6838220D
:100DC0001340102B38D12A4BDB6803221340FB6001
:100DD000274BDB681B09072213400133BB60FB680C
:100DE000032B0DD1B9682448DFF7B4F903001900CB
:100DF0001F4BDB681B0A7F2213404B437B610DE0D6
:100E0000B9681C48DFF7A6F903001900184BDB6826
:100E10001B0A7F2213404B437B61C046144BDB68A7
:100E20005B0F0722134001337B6079687869DFF735
:100E300091F903003B6115E00D4B9B68382213408C
:100E4000202B03D180231B023B610BE0084B9B68E6
:100E500038221340182B03D1FA23DB013B6101E058
:100E600000233B613B691800BD4606B080BDC0460B
:100E7000001002400024F40000127A0080B500AF98
:100E8000024B1B681800BD4680BDC04618050020F7
:100E9000B0B500AFFFF7F2FF0400FFF7F9FA030067
:100EA0001A0B054B9200D3581F221340DC4023003D
:100EB0001800BD46B0BDC046D8E1020880B586B076
:100EC00000AF78601323FB1800221A701223FB185E
:100ED00000221A707B681A6880239B02134000D19D
:100EE000ADE011203B1800221A70474BDA6B8023CB
:100EF0005B05134010D1444BDA6B434B802149050D
:100F00000A43DA63404BDA6B80235B051340BB6016
:100F1000BB683B1801221A703C4B1A683B4B80217E
:100F200049000A431A60FCF7A3F90300FB600BE0D9
:100F3000FCF79EF90200FB68D31A022B04D9132395
:100F4000FB1803221A7005E0304B1A6880235B00FF
:100F50001340EDD01323FB181B78002B5ED12A4BD6
:100F6000DA6DC0239B0013407B617B69002B19D095
:100F70007B681B6C7A699A4214D0234BDB6D244A40
:100F800013407B61204BDA6D1F4B802149020A43DD
:100F9000DA651D4BDA6D1C4B1E490A40DA651A4BA7
:100FA0007A69DA657B690122134016D0FCF760F993
:100FB0000300FB600CE0FCF75BF90200FB68D31A4E
:100FC000154A934204D91323FB1803221A7004E034
:100FD0000D4BDB6D02221340EDD01323FB181B7861
:100FE000002B0AD1084BDB6D094A134019007B68BE
:100FF0001A6C054B0A43DA6516E01223FB1813221C
:10100000BA1812781A700FE0001002400070004009
:10101000FFFCFFFFFFFFFEFF881300001223FB18F9
:101020001322BA1812781A701123FB181B78012B9F
:1010300005D1B64BDA6BB54BB5490A40DA637B682C
:101040001B680122134009D0B04B5B6D0322934310
:1010500019007B685A68AD4B0A435A657B681B6868
:101060000222134009D0A94B5B6D0C229343190057
:101070007B689A68A54B0A435A657B681B68042203
:10108000134009D0A14B5B6D3022934319007B685C
:10109000DA689E4B0A435A657B681B68102213402E
:1010A00009D09A4B5B6D9B4A134019007B681A6903
:1010B000964B0A435A657B681A6880235B0113408C
:1010C00009D0924B5B6D944A134019007B685A69B2
:1010D0008E4B0A435A657B681A6880239B00134035
:1010E00009D08A4B5B6D8D4A134019007B689A6A60
:1010F000864B0A435A657B681A688023DB001340DD
:1011000009D0824B5B6D864A134019007B68DA6A0E
:101110007E4B0A435A657B681B682022134009D026
:101120007A4B5B6D7F4A134019007B689A69774B55
:101130000A435A657B681B684022134009D0734BF1
:101140005B6D794A134019007B68DA696F4B0A437B
:101150005A657B681A688023DB01134015D06B4BFE
:101160005B6D9B0099087B681A6B684B0A435A6554
:101170007B681A6B8023DB059A4206D1634BDA68E1
:10118000624B802149020A43DA607B681A68802337
:101190001B03134009D05D4B5B6D40229343190044
:1011A0007B685A6B594B0A435A657B681A688023DF
:1011B0009B03134016D0554B5B6D5C4A13401900DE
:1011C0007B689A6B514B0A435A657B689A6B802304
:1011D000DB039A4206D14D4BDA684C4B802149041F
:1011E0000A43DA607B681A688023DB03134016D059
:1011F000464B5B6D4E4A134019007B68DA6B434BDC
:101200000A435A657B68DA6B80235B049A4206D1F5
:101210003E4BDA683D4B802149040A43DA607B6823
:101220001A6880231B01134014D0384B9B6D032296
:10123000934319007B681A6A344B0A439A657B68AA
:101240001B6A012B06D1314BDA68304B80214902F1
:101250000A43DA607B681A6880239B01134014D02C
:101260002A4B9B6D0C22934319007B685A6A274BCB
:101270000A439A657B685B6A042B06D1234BDA68C4
:10128000224B802149020A43DA607B681A68802376
:101290005B04134016D01D4B9B6D224A134019006E
:1012A0007B685A6C194B0A439A657B685A6C802399
:1012B0009B019A4206D1154BDA68144B80214904F0
:1012C0000A43DA607B681A6880239B04134016D0B7
:1012D0000E4B9B6D104A134019007B689A6C0B4BA8
:1012E0000A439A657B689A6C80235B009A4206D118
:1012F000064BDA68054B802149040A43DA60122361
:10130000FB181B781800BD4606B080BD00100240D7
:10131000FFFFFFEFFFF3FFFFFFFCFFFFFFFFF3FF08
:10132000FFFFCFFFFFCFFFFFFF3FFFFFFFFFBFFF2D
:10133000FFFFFFFEB0B584B000AF78600F23FB184D
:1013400001221A707B68002B00D18CE07B68292277
:101350009B5CDBB2002B0BD17B68282200219954C7
:101360007B68882212025A607B68180000F084F8BB
:101370007B682922022199547B681B68DB68102254
:101380001340102B62D07B681B68CA225A627B68AC
:101390001B6853225A620F257C197B68180000F0E5
:1013A0007EFA0300237028003B181B78002B2CD1F9
:1013B0007B681B689A697B681B682E490A409A61A2
:1013C0007B681B6899697B689A687B685B691A43CC
:1013D0007B68DB691A437B681B680A439A617B68F8
:1013E0001B687A6812691A617B681B6819697B68D7
:1013F000DB681A047B681B680A431A613C187B6827
:10140000180000F08FFA030023700F23FB181B78DD
:10141000002B16D17B681B689A697B681B68D20019
:10142000D2089A617B681B6899697B685A6A7B68F5
:101430001B6A1A437B689B691A437B681B680A43D3
:101440009A617B681B68FF225A6203E00F23FB1836
:1014500000221A700F23FB181B78002B03D17B6826
:101460002922012199540F23FB181B781800BD462F
:1014700004B0B0BDBFFF8FFB80B582B000AF786015
:10148000C046BD4602B080BDB0B586B000AFF860C2
:10149000B9607A60FB6828229B5C012B01D1022392
:1014A00092E0FB68282201219954FB68292202213D
:1014B0009954FB681B68CA225A62FB681B68532256
:1014C0005A6213257C19FB68180000F0E8F9030044
:1014D00023707B191B78002B62D17B68002B25D1F0
:1014E000FB681B689B694022134002D1BB68002245
:1014F000DA70BB681B78180000F058FA03001C046F
:10150000BB685B78180000F051FA03001B021C4313
:10151000BB689B78180000F049FA030022001A43C8
:10152000BB68DB789B0513437B6117E0FB681B6896
:101530009B694022134002D1BB680022DA70BB686D
:101540001B781A04BB685B781B021343BA68927855
:101550001A43BB68DB789B0513437B61FB681B6800
:101560007A691B490A401A60FB681B689A69FB6824
:101570001B6818490A409A61FB681B689969BB6837
:10158000DA68BB681B691A43FB681B680A439A61E7
:101590001323FC18FB68180000F0C4F90300237043
:1015A000FB681B68FF225A621323FB181B78002B71
:1015B00003D1FB68292201219954FB6828220021CC
:1015C00099541323FB181B781800BD4606B0B0BD14
:1015D0007F7F7F00FFFFFBFF80B586B000AFF86024
:1015E000B9607A60FB681B689A68BB685A60FB68E0
:1015F0001B681B695B045A0CBB689A60FB681B681C
:101600001B68224A13407B617B691B0CDBB23F22C3
:101610001340DAB2BB681A707B691B0ADBB27F2207
:101620001340DAB2BB685A707B69DBB27F22134089
:10163000DAB2BB689A707B699B0DDBB20122134062
:10164000DAB2BB68DA707B68002B1AD1BB681B78F2
:10165000180000F0D3F903001A00BB681A70BB68C9
:101660005B78180000F0CAF903001A00BB685A70D2
:10167000BB689B78180000F0C1F903001A00BB6832
:101680009A7000231800BD4606B080BD7F7F7F00A2
:10169000B0B586B000AFF860B9607A60FB68282208
:1016A0009B5C012B01D102237EE0FB6828220121F3
:1016B0009954FB682922022199547B68002B0ED192
:1016C000BB685B781A001023134008D0BB685B78B6
:1016D00010229343DBB20A33DAB2BB685A707B68DC
:1016E000002B1CD1BB68DB78180000F05FF9030009
:1016F0001C04BB685B78180000F058F903001B025B
:101700001C43BB689B78180000F050F903002200CE
:101710001A43BB681B785B0313437B610EE0BB6815
:10172000DB781A04BB685B781B021343BA689278B3
:101730001A43BB681B785B0313437B61FB681B6820
:10174000CA225A62FB681B6853225A6213257C190D
:10175000FB68180000F0A3F80300237028003B1872
:101760001B78002B0CD1FB681B687A6910490A4072
:101770005A603C18FB68180000F0D4F8030023708E
:10178000FB681B68FF225A621323FB181B78002B8F
:1017900003D1FB68292201219954FB6828220021EA
:1017A00099541323FB181B781800BD4606B0B0BD32
:1017B0003FFFFF0080B586B000AFF860B9607A6087
:1017C000FB681B685B68214A13407B617B691B0CCB
:1017D000DAB2BB68DA707B691B0ADBB21F221340E6
:1017E000DAB2BB685A707B69DBB23F221340DAB2CF
:1017F000BB689A707B695B0BDBB207221340DAB2DD
:10180000BB681A707B68002B1AD1BB68DB781800A4
:1018100000F0F4F803001A00BB68DA70BB685B786C
:10182000180000F0EBF803001A00BB685A70BB68A0
:101830009B78180000F0E2F803001A00BB689A7069
:1018400000231800BD4606B080BDC0463FFFFF0024
:1018500080B584B000AF78607B681B68DA687B680D
:101860001B68A0218A43DA60FBF702FD0300FB60DE
:101870000AE0FBF7FDFC0200FB68D21AFA239B008A
:101880009A4201D9032306E07B681B68DB682022AB
:101890001340EED000231800BD4604B080BD80B5D3
:1018A00084B000AF78600F23FB1800221A707B68A9
:1018B0001B68DB68402213402CD17B681B68DA6808
:1018C0007B681B6880210A43DA60FBF7D1FC0300C8
:1018D000BB6014E0FBF7CCFC0200BB68D21A0F20FF
:1018E0003B18391809781970FA239B009A4206D9D7
:1018F0003B1803221A707B682922032199547B68C4
:101900001B68DB684022134004D10F23FB181B78AF
:10191000032BDFD10F23FB181B781800BD4604B042
:1019200080BD000090B585B000AF78600F243B19F2
:1019300000221A701C4BDA681B4B80218A43DA6044
:10194000194B9B69202213400DD17B681800FFF7CB
:101950007FFF031E21D07B682922032199543B1964
:1019600003221A7019E0104B9A690F4B20218A4309
:101970009A617B681800FFF76BFF031E07D07B6836
:101980002922032199540F23FB1803221A70064BB6
:101990009A69054B20210A439A610F23FB181B7893
:1019A0001800BD4605B090BD0028004080B584B049
:1019B00000AF0200FB1D1A700023FB600B23FB1815
:1019C000FA1D12781A7008E0FB680133FB600B22E5
:1019D000BB18BA1812780A3A1A700B217B181B78B8
:1019E000092BF1D8FB68DBB21B01DAB27B181B783C
:1019F0001343DBB21800BD4604B080BD80B584B08F
:101A000000AF0200FB1D1A70FB1D1B781B09DBB227
:101A10001A0013009B009B185B00FB60FB68DAB2A6
:101A2000FB1D1B780F210B40DBB2D318DBB2180073
:101A3000BD4604B080BD80B586B000AFF860B96027
:101A40007A60FB681B681A00FB685B68D3187B61CF
:101A50007B690133FF333B61BB689B003A69D31854
:101A60003B613B697A681A60C046BD4606B080BDDE
:101A700080B584B000AF786039607B681B681A005D
:101A80007B685B68D318FB60FB680133FF33BB6086
:101A90003B689B00BA68D318BB60BB681B68180022
:101AA000BD4604B080BD80B582B000AF78607B6871
:101AB000002B01D101234AE07B683D229B5CDBB215
:101AC000002B07D17B683C22002199547B681800C9
:101AD00000F041F87B683D22022199547B681A6826
:101AE0007B6804331900100000F098F87B684822E6
:101AF000012199547B683E22012199547B683F2241
:101B0000012199547B684022012199547B6841222C
:101B1000012199547B684222012199547B68432218
:101B2000012199547B684422012199547B68452204
:101B3000012199547B684622012199547B684722F0
:101B4000012199547B683D220121995400231800FA
:101B5000BD4602B080BD80B582B000AF7860C0469F
:101B6000BD4602B080BD000080B584B000AF786093
:101B70007B683D229B5CDBB2012B01D001233FE05F
:101B80007B683D22022199547B681B681E4A934260
:101B900014D07B681A688023DB059A420ED07B68DC
:101BA0001B681A4A934209D07B681B68184A934203
:101BB00004D07B681B68174A934216D17B681B6868
:101BC0009B68154A1340FB60FB68062B16D0FA6829
:101BD00080235B029A4211D07B681B681A687B687D
:101BE0001B6801210A431A6008E07B681B681A68B9
:101BF0007B681B6801210A431A6000E0C04600238D
:101C00001800BD4604B080BD002C01400004004017
:101C100000080040004001400700010080B584B08A
:101C200000AF786039607B681B68FB607B68384A6E
:101C300093420CD07A688023DB059A4207D07B68F8
:101C4000344A934203D07B68334A934208D1FB68FD
:101C500070229343FB603B685B68FA681343FB6048
:101C60007B682B4A93421CD07A688023DB059A421A
:101C700017D07B68274A934213D07B68264A934249
:101C80000FD07B68254A93420BD07B68244A93424D
:101C900007D07B68234A934203D07B68224A934251
:101CA00008D1FB68214A1340FB603B68DB68FA6897
:101CB0001343FB60FB68802293431A003B685B6917
:101CC0001343FB607B68FA681A603B689A687B681C
:101CD000DA623B681A687B689A627B680C4A9342B6
:101CE0000BD07B680E4A934207D07B680D4A934223
:101CF00003D07B680C4A934203D13B681A697B6826
:101D00001A637B6801225A61C046BD4604B080BD9B
:101D1000002C01400004004000080040002000406A
:101D2000004001400044014000480140FFFCFFFF2B
:101D300080B582B000AF78607B68002B01D10123B1
:101D400046E07B6888229B58002B07D17B68842261
:101D5000002199547B681800F7F7EEF97B68882218
:101D6000242199507B681B681A687B681B680121D5
:101D70008A431A607B68180000F0E4FD0300012B21
:101D800001D1012324E07B689B6A002B03D07B6890
:101D9000180001F02DF97B681B685A687B681B6886
:101DA0000D490A405A607B681B689A687B681B680B
:101DB0002A218A439A607B681B681A687B681B68C3
:101DC00001210A431A607B68180001F0C5F903007D
:101DD0001800BD4602B080BDFFB7FFFF80B582B0DE
:101DE00000AF78607B68002B01D1012332E07B6873
:101DF0008822242199507B681B681A687B681B68BD
:101E000001218A431A607B681B6800221A607B6884
:101E10001B6800225A607B681B6800229A607B68FE
:101E2000180000F01BF87B689022002199507B6815
:101E30008822002199507B688C22002199507B6870
:101E40000022DA667B6800221A677B688422002100
:101E5000995400231800BD4602B080BD80B582B001
:101E600000AF7860C046BD4602B080BD80B58AB084
:101E700002AFF860B9603B60BB1D1A80FB68882226
:101E80009B58202B00D088E0BB68002B03D0BB1DE3
:101E90001B88002B01D1012380E0FB689A68802316
:101EA0005B019A4209D1FB681B69002B05D1BB6815
:101EB0000122134001D0012370E0FB689022002131
:101EC0009950FB68882221219950FBF7D1F9030032
:101ED0007B61FB68BA1D542112885A52FB68BA1DF7
:101EE000562112885A52FB689A6880235B019A42F5
:101EF00008D1FB681B69002B04D10023FB61BB6880
:101F0000BB6103E0BB68FB610023BB612CE07A6925
:101F1000F8683B68009313000022802101F06AF901
:101F2000031E01D0032339E0FB69002B0BD1BB69F1
:101F30001B881A00FB681B68D205D20D9A62BB6928
:101F40000233BB6107E0FB691A78FB681B689A6281
:101F5000FB690133FB61FB6856229B5A9BB2013B34
:101F600099B2FB6856229952FB6856229B5A9BB243
:101F7000002BCCD17A69F8683B68009313000022EB
:101F8000402101F037F9031E01D0032306E0FB686E
:101F9000882220219950002300E002231800BD462A
:101FA00008B080BD80B58CB000AFF860B960BB1DD3
:101FB0001A80FB6888229B58202B00D08DE0BB68DC
:101FC000002B03D0BB1D1B88002B01D1012385E012
:101FD000FB689A6880235B019A4209D1FB681B6900
:101FE000002B05D1BB680122134001D0012375E00D
:101FF000FB68BA681A65FB68BA1D542112885A52E8
:10200000FB68BA1D562112885A52FB6800229A6753
:10201000FB68902200219950FB6888222121995069
:10202000FB685A6E80239B059A422AD1FB689A6806
:1020300080235B019A4207D1FB681B69002B03D107
:10204000FB68284A9A6702E0FB68274A9A67EFF321
:102050001083FB61FB69BB6201233B623B6A83F334
:102060001088C046FB681B689A68FB681B68802163
:1020700009040A439A60BB6A7B627B6A83F3108817
:1020800029E0FB689A6880235B019A4207D1FB68CC
:102090001B69002B03D1FB68144A9A6702E0FB68B6
:1020A000134A9A67EFF310833B613B69FB6201239C
:1020B0007B617B6983F31088C046FB681B681A68E4
:1020C000FB681B6880210A431A60FB6ABB61BB691D
:1020D00083F31088C046002300E002231800BD46A9
:1020E0000CB080BDE93C0208FD3B02083F3B020802
:1020F0008B3A020880B588B000AFF860B960BB1DAC
:102100001A80FB688C229B58202B4FD1BB68002B78
:1021100003D0BB1D1B88002B01D1012347E0FB68C6
:102120009A6880235B019A4209D1FB681B69002BE6
:1021300005D1BB680122134001D0012337E0FB68C1
:102140000022DA66FB681B681B4A934225D0FB68B5
:102150001B681A4A934220D0FB681B685A68802388
:102160001B04134019D0EFF310833B613B69FB6103
:1021700001237B617B6983F31088C046FB681B6881
:102180001A68FB681B688021C9040A431A60FB694E
:10219000BB61BB6983F31088C046BB1D1A88B96850
:1021A000FB68180001F0EEF8030000E002231800BD
:1021B000BD4608B080BDC04600800040008400409D
:1021C00080B58CB000AF78607B6888229B58FB623A
:1021D0007B688C229B58BB627B681B689B68802253
:1021E0001340802B38D1FB6A212B35D1EFF31083BC
:1021F0007B617B697B620123BB61BB6983F31088D0
:10220000C0467B681B689A687B681B6880218A438C
:102210009A607B6AFB61FB6983F31088C0467B6828
:10222000DB6F002B14D07B68DB6F1800FCF714FC0D
:10223000031E0DD07B68DB6F1800FCF7D5FC030094
:10224000202B05D17B68902210219950032347E071
:102250007B68180001F060FA7B681B689B6840226D
:102260001340402B3BD1BB6A222B38D1EFF31083B4
:10227000BB60BB683B620123FB60FB6883F3108893
:10228000C0467B681B689A687B681B6840218A434C
:102290009A603B6A3B613B6983F31088C0467B6868
:1022A00080229B58002B16D07B6880229B581800F8
:1022B000FCF7D2FB031E0ED07B6880229B581800CF
:1022C000FCF792FC0300202B05D17B6890221021A3
:1022D0009950032304E07B68180001F05DFA0023A5
:1022E0001800BD460CB080BDB0B5AAB000AF786094
:1022F0007B681B68DB69A422B9180B607B681B68CC
:102300001B68A02039180B607B681B689B689C24A5
:1023100039190B601100BB181B68A24A13409822A0
:10232000BD182B60BB181B68002B1AD17B181B68CB
:102330002022134015D03B181B682022134005D1E2
:102340003B191A6880235B0513400AD07B685B6FDA
:10235000002B00D1DCE27B685B6F7A681000984745
:10236000D6E29823FB181B68002B00D122E19C23A6
:10237000FB181B688C4A134006D1A023FB181B686E
:102380008A4A134000D115E1A423FB181B680122DF
:10239000134012D0A023FB181A6880235B0013405F
:1023A0000BD07B681B6801221A627B6890229B58C5
:1023B00001221A437B6890215A50A423FB181B6802
:1023C0000222134011D09C23FB181B6801221340EA
:1023D0000BD07B681B6802221A627B6890229B5894
:1023E00004221A437B6890215A50A423FB181B68CF
:1023F0000422134011D09C23FB181B6801221340B8
:102400000BD07B681B6804221A627B6890229B5861
:1024100002221A437B6890215A50A423FB181B68A0
:102420000822134017D0A023FB181B68202213405A
:1024300005D19C23FB181B685B4A13400BD07B68BB
:102440001B6808221A627B6890229B5808221A4354
:102450007B6890215A50A423FB181A6880231B0123
:10246000134013D0A023FB181A688023DB04134009
:102470000CD07B681B68802212011A627B68902254
:102480009B5820221A437B6890215A507B689022E7
:102490009B58002B00D13DE2A423FB181B6820228F
:1024A000134015D0A023FB181B682022134006D12F
:1024B0009C23FB181A6880235B05134008D07B68B7
:1024C0005B6F002B04D07B685B6F7A6810009847C5
:1024D0007B6890229B5894217A1813607B681B6854
:1024E0009B6840221340402B04D07B181B68282295
:1024F00013404CD07B68180001F04EF97B681B68D4
:102500009B6840221340402B3CD1EFF310833B6685
:102510003B6E90203A18136001237B667B6E83F339
:102520001088C0467B681B689A687B681B684021DE
:102530008A439A603B181B68BB66BB6E83F31088A6
:10254000C0467B6880229B58002B16D07B68802277
:102550009B58174A9A637B6880229B581800FCF7A7
:10256000DBFA031E1CD07B6880229B589B6B7A6829
:10257000802152581000984712E07B681800F6F747
:102580001FF90DE07B681800F6F71AF908E07B6880
:102590001800F6F715F97B68902200219950B9E1EF
:1025A000C046B7E10F080000010000102001000440
:1025B0005D3A02087B68DB6E012B00D03EE1A4236C
:1025C000FB181B681022134000D137E1A023FB1831
:1025D0001B681022134000D130E17B681B68102279
:1025E0001A627B681B689B6840221340402B00D016
:1025F000A4E07B6880229B581B685A687E217B1868
:102600001A807B181B88002B00D185E17B685C2237
:102610009B5A7A1812889A4200D37DE17B687A1817
:102620005E2112885A527B6880229B581B681B6867
:102630002022134070D1EFF310833B633B6BBB67E9
:1026400001237B637B6B83F31088C0467B681B6828
:102650001A687B681B68B4490A401A60BB6FBB6389
:10266000BB6B83F31088C046EFF31083FB63FB6BF7
:102670007B6701233B643B6C83F31088C0467B6817
:102680001B689A687B681B6801218A439A607B6F8C
:102690007B647B6C83F31088C046EFF31083BB64CC
:1026A000BB6C3B670123FB64FB6C83F31088C04663
:1026B0007B681B689A687B681B6840218A439A6024
:1026C0003B6F3B653B6D83F31088C0467B688C2273
:1026D000202199507B680022DA66EFF310837B6536
:1026E0007B6DFB660123BB65BB6D83F31088C04621
:1026F0007B681B681A687B681B6810218A431A6014
:10270000FB6EFB65FB6D83F31088C0467B688022FF
:102710009B581800FCF7A0F97B6802221A677B68B7
:102720005C229A5A7B685E215B5A9BB2D31A9AB29A
:102730007B6811001800F5F797FFEDE07B685C22DD
:10274000995A7B685E229B5A9AB28E203B188A1A4D
:102750001A807B685E229B5A9BB2002B00D1DDE081
:102760003B181B88002B00D1D8E0EFF31083FB60EF
:10277000FB6888243A19136001233B613B6983F3AA
:102780001088C0467B681B681A687B681B686749AD
:102790000A401A603B191B687B617B6983F31088D0
:1027A000C046EFF31083BB61BB6984243A19136000
:1027B0000123FB61FB6983F31088C0467B681B68BB
:1027C0009A687B681B685A490A409A603B191B68E3
:1027D0003B623B6A83F31088C0467B688C222021D1
:1027E00099507B680022DA667B6800225A67EFF313
:1027F00010837B627B6A80243A1913600123BB62D9
:10280000BB6A83F31088C0467B681B681A687B68C4
:102810001B6810218A431A603B191B68FB62FB6A24
:1028200083F31088C0467B6802221A673B181A8817
:102830007B6811001800F5F717FF6FE0A423FB1861
:102840001A6880235B03134010D09C23FB181A687E
:102850008023DB03134009D07B681B68802252036E
:102860001A627B68180001F045FF5AE0A423FB18A8
:102870001B688022134016D0A023FB181B688022FF
:10288000134006D19C23FB181A6880231B041340B5
:1028900009D07B689B6F002B42D07B689B6F7A6866
:1028A000100098473CE0A423FB181B68402213400B
:1028B0000AD0A023FB181B684022134004D07B6879
:1028C000180001F08BFA2CE0A423FB181A6880236F
:1028D0001B0413400BD0A023FB181A688023DB05D0
:1028E000134004D07B68180001F014FF19E0A42302
:1028F000FB181A6880235B04134012D0A023FB1836
:102900001B68002B0DDA7B68180001F0FBFE08E065
:10291000C04606E0C04604E0C04602E0C04600E013
:10292000C046BD462AB0B0BDFFFEFFFFDFFEFFFF81
:10293000FEFFFFEF80B582B000AF7860C046BD46B5
:1029400002B080BDB0B590B000AF78621A232022EB
:102950009B18DB1900221A707B6A9A687B6A1B69D4
:102960001A437B6A5B691A437B6ADB691343FB6327
:102970007B6A1B681B68C14A134019007B6A1A688E
:10298000FB6B0B4313607B6A1B685B68BC4A13409C
:1029900018007B6AD9687B6A1A6803000B4353608E
:1029A0007B6A9B69FB637B6A1B68B64A934209D0CA
:1029B0007B6A1B68B44A934204D07B6A1B6AFA6B39
:1029C0001343FB637B6A1B689B68B04A1340190082
:1029D0007B6A1A68FB6B0B4393607B6A1B68DB6A3C
:1029E0000F22934318007B6A596A7B6A1A680300B6
:1029F0000B43D3627B6A1B68A54A934231D1A54B36
:102A00005B6D03221340032B1DD023D8022B0CD067
:102A100020D8002B02D0012B0ED01BE01B2320223C
:102A20009B18DB1900221A7054E11B2320229B18EB
:102A3000DB1902221A704DE11B2320229B18DB199F
:102A400004221A7046E11B2320229B18DB1908225E
:102A50001A703FE11B2320229B18DB1910221A70E9
:102A600038E17B6A1B688C4A934231D1894B5B6D9C
:102A70000C2213400C2B1DD023D8082B0CD020D8AF
:102A8000002B02D0042B0ED01BE01B2320229B180E
:102A9000DB1900221A701DE11B2320229B18DB1971
:102AA00002221A7016E11B2320229B18DB19042234
:102AB0001A700FE11B2320229B18DB1908221A70C1
:102AC00008E11B2320229B18DB1910221A7001E158
:102AD0007B6A1B68714A934231D16E4B5B6D302229
:102AE0001340302B1DD023D8202B0CD020D8002B06
:102AF00002D0102B0ED01BE01B2320229B18DB19C9
:102B000000221A70E6E01B2320229B18DB19022208
:102B10001A70DFE01B2320229B18DB1904221A7095
:102B2000D8E01B2320229B18DB1908221A70D1E061
:102B30001B2320229B18DB1910221A70CAE07B6A23
:102B40001B68574A934206D11B2320229B18DB198E
:102B500000221A70BEE07B6A1B68524A934206D17B
:102B60001B2320229B18DB1900221A70B2E07B6A1B
:102B70001B684D4A934206D11B2320229B18DB1968
:102B800000221A70A6E07B6A1B683E4A93423ED13F
:102B9000404B5A6DC0231B011340C02212019342C7
:102BA00027D0C022120193422AD8802212019342D8
:102BB00011D080221201934222D8002B04D080220F
:102BC000D20093420ED01BE01B2320229B18DB195E
:102BD00000221A707EE01B2320229B18DB190222A0
:102BE0001A7077E01B2320229B18DB1904221A702D
:102BF00070E01B2320229B18DB1908221A7069E061
:102C00001B2320229B18DB1910221A7062E07B6ABA
:102C10001B681D4A934257D11E4B5A6DC0239B001F
:102C20001340C0229200934240D0C02292009342AF
:102C300043D880229200934211D080229200934286
:102C40003BD8002B04D08022520093420ED034E0B7
:102C50001B2320229B18DB1900221A703AE01B2349
:102C600020229B18DB1902221A7033E01B2320223A
:102C70009B18DB1904221A702CE0C046F369FFCFC1
:102C8000FFCFFFFF0080004000840040FFF4FF11F1
:102C9000003801400010024000440040004800405D
:102CA000004C004000500040003C01401B2320220B
:102CB0009B18DB1908221A700CE01B2320229B189A
:102CC000DB1910221A7005E01B2320229B18DB1948
:102CD00010221A707B6A1B68C14A934205D07B6A36
:102CE0001B68C04A934200D093E01B2320229B180C
:102CF000DB191B78082B15D018DC042B0DD015DC44
:102D0000002B02D0022B05D010E0FEF7C1F8030023
:102D10007B6314E0B44B7B6311E0FEF72DF80300F6
:102D20007B630CE080231B027B6308E000237B6352
:102D30001A2320229B18DB1901221A70C0467B6BD4
:102D4000002B00D135E17B6A5A6AA84B5200D35A56
:102D50001900786BDDF7FEF90300BB627B6A5A68E5
:102D600013005B009B18BA6A9A4205D37B6A5B68C2
:102D70001B03BA6A9A4206D91A2320229B18DB1930
:102D800001221A7044E07B6BBB610023FB617B6A0C
:102D90005A6A964B5200D35A3B6100237B613A69D1
:102DA0007B69B869F969DDF7CDFB02000B00110EF4
:102DB0001D020D4314027B6A5B685B08BB60002345
:102DC000FB60B868F968001969417B6A5B683B6021
:102DD00000237B603A687B68DDF7B4FB02000B00E0
:102DE00013003B633A6BC0239B009A4209D33A6BB2
:102DF00080235B039A4204D27B6A1B683A6BDA60D9
:102E000006E01A2320229B18DB1901221A70D0E059
:102E1000CFE07B6ADA6980231B029A4200D070E01F
:102E20001B2320229B18DB191B78082B15D018DCDC
:102E3000042B0DD015DC002B02D0022B05D010E0A6
:102E4000FEF726F803007B6314E0674B7B6311E019
:102E5000FDF792FF03007B630CE080231B027B6382
:102E600008E000237B631A2320229B18DB19012230
:102E70001A70C0467B6B002B00D19AE07B6A5A6ABD
:102E80005A4B5200D35A1900786BDDF763F90300EF
:102E90005A007B6A5B685B08D2187B6A5B68190022
:102EA0001000DDF757F903003B633B6B0F2B21D973
:102EB0003A6B80235B029A421CD23B6B9AB20E2083
:102EC00020240319DB190F218A431A803B6B5B080E
:102ED0009BB20722134099B20319DB190219D219C8
:102EE00012880A431A807B6A1B680219D219128859
:102EF000DA605EE01A2320229B18DB1901221A7087
:102F000057E01B2320229B18DB191B78082B15D0B8
:102F100018DC042B0DD015DC002B02D0022B05D0C1
:102F200010E0FDF7B5FF03007B6314E02E4B7B63DD
:102F300011E0FDF721FF03007B630CE080231B02FF
:102F40007B6308E000237B631A2320229B18DB1994
:102F500001221A70C0467B6B002B2AD07B6A5A6A0A
:102F6000224B5200D35A1900786BDDF7F3F80300B7
:102F70001A007B6A5B685B08D2187B6A5B68190081
:102F80001000DDF7E7F803003B633B6B0F2B0AD91A
:102F90003A6B80235B029A4205D23B6B9AB27B6A02
:102FA0001B68DA6005E01A2320229B18DB19012236
:102FB0001A707B6A6A22012199527B6A6822012178
:102FC00099527B6A00225A677B6A00229A671A2309
:102FD00020229B18DB191B781800BD4610B0B0BD2D
:102FE00000800040008400400024F400F0E3020868
:102FF00080B582B000AF78607B689B6A0122134085
:103000000BD07B681B685B684A4A134019007B68D9
:10301000DA6A7B681B680A435A607B689B6A0222F3
:1030200013400BD07B681B685B68434A1340190050
:103030007B681A6B7B681B680A435A607B689B6AD3
:10304000042213400BD07B681B685B683B4A13402B
:1030500019007B685A6B7B681B680A435A607B685F
:103060009B6A082213400BD07B681B685B68344A5C
:10307000134019007B689A6B7B681B680A435A608F
:103080007B689B6A102213400BD07B681B689B688F
:103090002C4A134019007B68DA6B7B681B680A4373
:1030A0009A607B689B6A202213400BD07B681B6868
:1030B0009B68254A134019007B681A6C7B681B6863
:1030C0000A439A607B689B6A402213401DD07B684C
:1030D0001B685B681D4A134019007B685A6C7B684B
:1030E0001B680A435A607B685A6C80235B039A42D0
:1030F0000BD17B681B685B68154A134019007B681D
:103100009A6C7B681B680A435A607B689B6A8022C2
:1031100013400BD07B681B685B680E4A1340190094
:103120007B68DA6C7B681B680A435A60C046BD4600
:1031300002B080BDFFFFFDFFFFFFFEFFFFFFFBFFB3
:10314000FF7FFFFFFFEFFFFFFFDFFFFFFFFFEFFF4F
:10315000FFFF9FFFFFFFF7FF80B586B002AF7860EB
:103160007B68902200219950FAF782F80300FB60F7
:103170007B681B681B6808221340082B0CD1FB6876
:103180008022910378681A4A0092002200F032F8F7
:10319000031E01D0032326E07B681B681B68042202
:1031A0001340042B0CD1FB688022D1037868104AAD
:1031B0000092002200F01EF8031E01D0032312E04B
:1031C0007B688822202199507B688C22202199508D
:1031D0007B680022DA667B6800221A677B6884229B
:1031E0000021995400231800BD4604B080BDC0469C
:1031F000FFFFFF0180B594B000AFF860B9603B609D
:10320000FB1D1A70A7E0BB6D013300D1A3E0FAF7F4
:103210002FF802003B68D31ABA6D9A4202D3BB6DF5
:10322000002B3FD1EFF31083BB62BB6A7B640123A9
:10323000FB62FB6A83F31088C046FB681B681A6850
:10324000FB681B684E490A401A607B6C3B633B6B12
:1032500083F31088C046EFF310837B637B6B3B6482
:103260000123BB63BB6B83F31088C046FB681B68FC
:103270009A68FB681B6801218A439A603B6CFB6378
:10328000FB6B83F31088C046FB688822202199508D
:10329000FB688C2220219950FB68842200219954DC
:1032A000032369E0FB681B681B680422134052D0AB
:1032B000FB681B68DA6980231B011A4080231B010D
:1032C0009A4248D1FB681B68802212011A62EFF310
:1032D00010833B613B69FB6401237B617B6983F362
:1032E0001088C046FB681B681A68FB681B68244985
:1032F0000A401A60FB6CBB61BB6983F31088C0464F
:10330000EFF31083FB61FB69BB6401233B623B6A03
:1033100083F31088C046FB681B689A68FB681B68CB
:1033200001218A439A60BB6C7B627B6A83F31088BD
:10333000C046FB68882220219950FB688C222021FE
:103340009950FB68902220219950FB68842200212B
:103350009954032310E0FB681B68DB69BA681340CB
:10336000BA68D31A5A425341DBB21A00FB1D1B78CC
:103370009A4200D147E700231800BD4614B080BD33
:103380005FFEFFFF80B598B000AFF860B960BB1D6D
:103390001A80FB68BA689A65FB68BA1D5C211288BE
:1033A0005A52FB68BA1D5E2112885A52FB680022ED
:1033B0005A67FB689A6880235B019A420DD1FB68CB
:1033C0001B69002B04D1FB6860227B4999522EE0D7
:1033D000FB686022FF21995229E0FB689B68002B63
:1033E0000DD1FB681B69002B04D1FB686022FF2113
:1033F00099521CE0FB6860227F21995217E0FB681C
:103400009A6880235B059A420DD1FB681B69002BEB
:1034100004D1FB6860227F21995208E0FB6860229A
:103420003F21995203E0FB68602200219952FB681A
:10343000902200219950FB688C2222219950EFF3B1
:1034400010833B643B6CFB6501237B647B6C83F3E3
:103450001088C046FB681B689A68FB681B680121DE
:103460000A439A60FB6DBB64BB6C83F31088C04653
:10347000FB685A6E80239B059A4250D1FB686822F4
:103480009B5ABA1D12889A4249D3FB689A688023D6
:103490005B019A4207D1FB681B69002B03D1FB68D3
:1034A000464A5A6702E0FB68454A5A67FB681B694F
:1034B000002B19D0EFF310837B637B6BBB6501237B
:1034C000BB63BB6B83F31088C046FB681B681A683C
:1034D000FB681B68802149000A431A60BB6DFB63CF
:1034E000FB6B83F31088C046EFF31083BB62BB6AAB
:1034F0007B650123FB62FB6A83F31088C046FB688F
:103500001B689A68FB681B68802149050A439A601A
:103510007B6D3B633B6B83F31088C04647E0FB68E1
:103520009A6880235B019A4207D1FB681B69002BD4
:1035300003D1FB68234A5A6702E0FB68224A5A67B4
:10354000FB681B69002B19D0EFF31083FB61FB694B
:10355000FB6401233B623B6A83F31088C046FB682F
:103560001B681A68FB681B68902149000A431A60AF
:10357000FB6C7B627B6A83F3108818E0EFF31083A7
:103580003B613B693B6501237B617B6983F3108869
:10359000C046FB681B681A68FB681B6820210A4349
:1035A0001A603B6DBB61BB6983F31088C046002382
:1035B0001800BD4618B080BDFF0100000944020894
:1035C0001D410208A93F0208353E020880B590B0AF
:1035D00000AFF860B960BB1D1A80FB68BA689A65D5
:1035E000FB68BA1D5C2112885A52FB6890220021A8
:1035F0009950FB688C2222219950FB6880229B58AD
:10360000002B2DD0FB6880229B58404ADA62FB6871
:1036100080229B583E4A1A63FB6880229B583D4A91
:103620005A63FB6880229B5800229A63FB688022C1
:103630009858FB681B6824331900FB689B6D1A00BF
:10364000BB1D1B88FBF782F9031E09D0FB68902283
:1036500010219950FB688C2220219950012350E0C1
:10366000FB681B69002B19D0EFF31083BB62BB6AA8
:10367000FB630123FB62FB6A83F31088C046FB688F
:103680001B681A68FB681B68802149000A431A609E
:10369000FB6B3B633B6B83F31088C046EFF31083F7
:1036A0003B613B69BB6301237B617B6983F31088CA
:1036B000C046FB681B689A68FB681B6801210A43C7
:1036C0009A60BB6BBB61BB6983F31088C046EFF3A4
:1036D0001083FB61FB697B6301233B623B6A83F3DD
:1036E0001088C046FB681B689A68FB681B6840210D
:1036F0000A439A607B6B7B627B6A83F31088C046C7
:1037000000231800BD4610B080BDC04665380208D1
:1037100095390208D739020880B58AB000AF7860C1
:10372000EFF31083BB60BB687B620123FB60FB6827
:1037300083F31088C0467B681B681A687B681B6827
:10374000C0218A431A607B6A3B613B6983F310881E
:10375000C046EFF310837B617B693B620123BB6151
:10376000BB6983F31088C0467B681B689A687B68D6
:103770001B6808490A409A603B6AFB61FB6983F356
:103780001088C0467B68882220219950C046BD46DB
:103790000AB080BDFFFF7FFF80B58EB000AF7860BC
:1037A000EFF310837B617B697B630123BB61BB69A2
:1037B00083F31088C0467B681B681A687B681B68A7
:1037C00026490A401A607B6BFB61FB6983F3108812
:1037D000C046EFF310833B623B6A3B6301237B628D
:1037E0007B6A83F31088C0467B681B689A687B6895
:1037F0001B681B490A409A603B6BBB62BB6A83F340
:103800001088C0467B68DB6E012B18D1EFF3108364
:10381000BB60BB68FB620123FB60FB6883F310881D
:10382000C0467B681B681A687B681B6810218A4346
:103830001A60FB6A3B613B6983F31088C0467B6872
:103840008C22202199507B680022DA667B68002256
:103850005A67C046BD460EB080BDC046DFFEFFFFC2
:10386000FEFFFFEF80B594B000AF78607B689B6A85
:10387000FB647B681B681B68202213406FD1FB6CC4
:103880005E2200219952EFF31083BB61BB69BB64D8
:103890000123FB61FB6983F31088C046FB6C1B6846
:1038A0001A68FB6C1B683A490A401A60BB6C3B62A1
:1038B0003B6A83F31088C046EFF310837B627B6A18
:1038C0007B640123BB62BB6A83F31088C046FB6C38
:1038D0001B689A68FB6C1B6801218A439A607B6CA9
:1038E000FB62FB6A83F31088C046EFF310833B63EF
:1038F0003B6B3B6401237B637B6B83F31088C04687
:10390000FB6C1B689A68FB6C1B6840218A439A60B9
:103910003B6CBB63BB6B83F31088C046FB6C8C2293
:1039200020219950FB6CDB6E012B18D1EFF3108333
:10393000FB60FB68FB6301233B613B6983F31088F9
:10394000C046FB6C1B681A68FB6C1B6810218A431D
:103950001A60FB6B7B617B6983F31088C046FB6C4C
:1039600000221A67FB6CDB6E012B08D1FB6C5C221A
:103970009A5AFB6C11001800F4F776FE03E0FB6C1A
:103980001800F4F787FFC046BD4614B080BDC0469E
:10399000FFFEFFFF80B584B000AF78607B689B6A54
:1039A000FB60FB6801221A67FB68DB6E012B0AD102
:1039B000FB685C229B5A5B089AB2FB6811001800F6
:1039C000F4F752FE03E0FB681800FEF7B3FFC046B1
:1039D000BD4604B080BD80B586B000AF78607B681E
:1039E0009B6A7B617B6988229B583B617B698C2247
:1039F0009B58FB607B691B689B6880221340802B6F
:103A00000AD13B69212B07D17B69562200219952AB
:103A10007B691800FFF780FE7B691B689B6840226A
:103A20001340402B0AD1FB68222B07D17B695E2211
:103A3000002199527B691800FFF7AEFE7B69902246
:103A40009B5810221A437B6990215A507B691800B9
:103A5000F4F7B6FEC046BD4606B080BD80B584B062
:103A600000AF78607B689B6AFB60FB685E22002188
:103A70009952FB68562200219952FB681800F4F70E
:103A80009FFEC046BD4604B080BD80B58AB000AF81
:103A900078607B6888229B58212B4CD17B6856220A
:103AA0009B5A9BB2002B32D1EFF31083BB60BB68F3
:103AB0007B620123FB60FB6883F31088C0467B6850
:103AC0001B681A687B681B6880218A431A607B6ABE
:103AD0003B613B6983F31088C046EFF310837B6141
:103AE0007B693B620123BB61BB6983F31088C046DD
:103AF0007B681B681A687B681B6840210A431A6050
:103B00003B6AFB61FB6983F31088C04613E07B6866
:103B10001B6D1A787B681B689A627B681B6D5A1C48
:103B20007B681A657B6856229B5A9BB2013B99B20F
:103B30007B6856229952C046BD460AB080BD80B50A
:103B40008CB000AF78607B6888229B58212B51D1C4
:103B50007B6856229B5A9BB2002B32D1EFF3108325
:103B6000FB60FB68BB6201233B613B6983F3108808
:103B7000C0467B681B681A687B681B6880218A4383
:103B80001A60BB6A7B617B6983F31088C046EFF3E0
:103B90001083BB61BB697B620123FB61FB6983F31B
:103BA0001088C0467B681B681A687B681B684021C8
:103BB0000A431A607B6A3B623B6A83F31088C04603
:103BC00018E07B681B6DFB62FB6A1B881A007B6830
:103BD0001B68D205D20D9A627B681B6D9A1C7B68AC
:103BE0001A657B6856229B5A9BB2013B99B27B684F
:103BF00056229952C046BD460CB080BD80B58CB0EF
:103C000000AF78607B6888229B58212B65D12E23DA
:103C1000FB187A686A21525A1A8059E07B6856224A
:103C20009B5A9BB2002B33D1EFF31083FB60FB68F0
:103C3000BB6201233B613B6983F31088C0467B680C
:103C40001B689A687B681B6826490A409A60BB6AB1
:103C50007B617B6983F31088C046EFF31083BB61FF
:103C6000BB697B620123FB61FB6983F31088C0465B
:103C70007B681B681A687B681B6840210A431A60CE
:103C80007B6A3B623B6A83F31088C046C04624E0EF
:103C90007B681B68DB698022134013D07B681B6D37
:103CA0001A787B681B689A627B681B6D5A1C7B685C
:103CB0001A657B6856229B5A9BB2013B99B27B687E
:103CC000562299522E217B181A887B18013A1A80A5
:103CD0002E23FB181B88002BA0D1C046BD460CB07C
:103CE00080BDC046FFFF7FFF80B58CB000AF78601D
:103CF0007B6888229B58212B6AD12E23FB187A6877
:103D00006A21525A1A805EE07B6856229B5A9BB207
:103D1000002B33D1EFF31083BB60BB687B620123C0
:103D2000FB60FB6883F31088C0467B681B689A6859
:103D30007B681B6828490A409A607B6A3B613B6943
:103D400083F31088C046EFF310837B617B693B628D
:103D50000123BB61BB6983F31088C0467B681B6885
:103D60001A687B681B6840210A431A603B6AFB6142
:103D7000FB6983F31088C046C04629E07B681B6856
:103D8000DB698022134018D07B681B6DBB62BB6A65
:103D90001B881A007B681B68D205D20D9A627B686B
:103DA0001B6D9A1C7B681A657B6856229B5A9BB2D6
:103DB000013B99B27B68562299522E217B181A88B2
:103DC0007B18013A1A802E23FB181B88002B9BD1ED
:103DD000C046BD460CB080BDFFFF7FFF80B586B0FA
:103DE00000AF7860EFF31083BB60BB687B61012399
:103DF000FB60FB6883F31088C0467B681B681A6809
:103E00007B681B6840218A431A607B693B613B6980
:103E100083F31088C0467B688822202199507B68F4
:103E200000229A677B681800F4F7A6FCC046BD46DE
:103E300006B080BD80B590B000AF78603E203B18E2
:103E40007A686021525A1A807B688C229B58222BF8
:103E500000D09AE07B681B685A6A3C217B181A8064
:103E60007B181B88DAB23B181B88D9B27B689B6D24
:103E70000A40D2B21A707B689B6D5A1C7B689A65A7
:103E80007B685E229B5A9BB2013B99B27B685E22A3
:103E900099527B685E229B5A9BB2002B00D07CE03B
:103EA000EFF31083BB61BB69BB630123FB61FB695B
:103EB00083F31088C0467B681B681A687B681B68A0
:103EC00038490A401A60BB6B3B623B6A83F3108837
:103ED000C046EFF310837B627B6A7B630123BB6286
:103EE000BB6A83F31088C0467B681B689A687B684E
:103EF0001B6801218A439A607B6BFB62FB6A83F338
:103F00001088C0467B688C22202199507B68002253
:103F10005A677B6800221A677B68DB6E012B2FD102
:103F20007B680022DA66EFF31083FB60FB683B637B
:103F300001233B613B6983F31088C0467B681B68A3
:103F40001A687B681B6810218A431A603B6B7B618F
:103F50007B6983F31088C0467B681B68DB6910228D
:103F60001340102B03D17B681B6810221A627B68F8
:103F70005C229A5A7B6811001800F4F775FB0CE07C
:103F80007B681800F4F786FC07E07B681B689A6979
:103F90007B681B6808210A439A61C046BD4610B081
:103FA00080BDC046DFFEFFFF80B590B000AF7860F7
:103FB0003E203B187A686021525A1A807B688C2216
:103FC0009B58222B00D09AE07B681B685A6A3C21E0
:103FD0007B181A807B689B6DBB637B183A181B8823
:103FE000128813409AB2BB6B1A807B689B6D9A1C37
:103FF0007B689A657B685E229B5A9BB2013B99B2B3
:104000007B685E2299527B685E229B5A9BB2002B92
:1040100000D07CE0EFF310837B617B697B6301233D
:10402000BB61BB6983F31088C0467B681B681A6854
:104030007B681B6838490A401A607B6BFB61FB692F
:1040400083F31088C046EFF310833B623B6A3B6307
:1040500001237B627B6A83F31088C0467B681B6800
:104060009A687B681B6801218A439A603B6BBB623C
:10407000BB6A83F31088C0467B688C22202199504C
:104080007B6800225A677B6800221A677B68DB6EB8
:10409000012B2FD17B680022DA66EFF31083BB601F
:1040A000BB68FB620123FB60FB6883F31088C0469A
:1040B0007B681B681A687B681B6810218A431A603A
:1040C000FB6A3B613B6983F31088C0467B681B68D1
:1040D000DB6910221340102B03D17B681B68102270
:1040E0001A627B685C229A5A7B6811001800F4F708
:1040F000BBFA0CE07B681800F4F7CCFB07E07B68A8
:104100001B689A697B681B6808210A439A61C0464C
:10411000BD4610B080BDC046DFFEFFFF80B59CB03D
:1041200000AF78606A23FB187A686021525A1A80BF
:104130007B681B68DB69FB667B681B681B687B66AA
:104140007B681B689B683B667B688C229B58222B94
:1041500000D044E15E23FB187A686821525A1A8025
:10416000EBE07B681B685A6A5C217B181A807B181D
:104170001B88DAB26A23FB181B88D9B27B689B6D57
:104180000A40D2B21A707B689B6D5A1C7B689A6594
:104190007B685E229B5A9BB2013B99B27B685E2290
:1041A00099527B681B68DB69FB66FB6E0722134034
:1041B00049D0FB6E0122134010D07A6E80235B0041
:1041C00013400BD07B681B6801221A627B68902227
:1041D0009B5801221A437B6890215A50FB6E0222A1
:1041E00013400FD03B6E012213400BD07B681B683D
:1041F00002221A627B6890229B5804221A437B6831
:1042000090215A50FB6E042213400FD03B6E0122C6
:1042100013400BD07B681B6804221A627B689022D3
:104220009B5802221A437B6890215A507B68902247
:104230009B58002B07D07B681800F4F7C1FA7B6805
:104240009022002199507B685E229B5A9BB2002BE2
:1042500073D1EFF31083FB62FB6ABB6501233B6301
:104260003B6B83F31088C0467B681B681A687B68C9
:104270001B6861490A401A60BB6D7B637B6B83F3EB
:104280001088C046EFF31083BB63BB6B7B650123D3
:10429000FB63FB6B83F31088C0467B681B689A68DE
:1042A0007B681B6855490A409A607B6D3B643B6C98
:1042B00083F31088C0467B688C22202199507B684C
:1042C00000225A677B6800221A677B68DB6E012B2D
:1042D0002FD17B680022DA66EFF310833B623B6AE2
:1042E0003B6501237B627B6A83F31088C0467B6851
:1042F0001B681A687B681B6810218A431A603B6D33
:10430000BB62BB6A83F31088C0467B681B68DB69AD
:1043100010221340102B03D17B681B6810221A62F5
:104320007B685C229A5A7B6811001800F4F79CF9AC
:1043300003E07B681800F4F7ADFA5E23FB181B88D6
:10434000002B04D0FB6E2022134000D009E74E2042
:104350003B187A685E21525A1A8001007B181B882C
:10436000002B44D07B6868229B5A7A1812889A42A4
:104370003DD2EFF31083BB60BB68BB640123FB60DD
:10438000FB6883F31088C0467B681B689A687B686B
:104390001B681B490A409A60BB6C3B613B6983F315
:1043A0001088C0467B68174A5A67EFF310837B6119
:1043B0007B697B640123BB61BB6983F31088C046C2
:1043C0007B681B681A687B681B6820210A431A6097
:1043D0007B6CFB61FB6983F31088C04607E07B6858
:1043E0001B689A697B681B6808210A439A61C0466A
:1043F000BD461CB080BDC046FFFEFFFFFEFFFFEFC5
:10440000FFFFFFEF353E020880B59EB000AF786039
:104410007223FB187A686021525A1A807B681B68E5
:10442000DB697B677B681B681B68FB667B681B68B6
:104430009B68BB667B688C229B58222B00D044E192
:104440006623FB187A686821525A1A80EBE07B6871
:104450001B685A6A64217B181A807B689B6D3B66D7
:104460007B187222BA181B88128813409AB23B6ECE
:104470001A807B689B6D9A1C7B689A657B685E22BC
:104480009B5A9BB2013B99B27B685E2299527B6832
:104490001B68DB697B677B6F0722134049D07B6F0A
:1044A0000122134010D0FA6E80235B0013400BD022
:1044B0007B681B6801221A627B6890229B5801224C
:1044C0001A437B6890215A507B6F022213400FD011
:1044D000BB6E012213400BD07B681B6802221A625C
:1044E0007B6890229B5804221A437B6890215A5083
:1044F0007B6F042213400FD0BB6E012213400BD000
:104500007B681B6804221A627B6890229B580222F7
:104510001A437B6890215A507B6890229B58002B4D
:1045200007D07B681800F4F74BF97B6890220021D4
:1045300099507B685E229B5A9BB2002B73D1EFF39C
:1045400010833B633B6BFB6501237B637B6B83F3D6
:104550001088C0467B681B681A687B681B686149C5
:104560000A401A60FB6DBB63BB6B83F31088C046C7
:10457000EFF31083FB63FB6BBB6501233B643B6C78
:1045800083F31088C0467B681B689A687B681B6849
:1045900055490A409A60BB6D7B647B6C83F310883D
:1045A000C0467B688C22202199507B6800225A6784
:1045B0007B6800221A677B68DB6E012B2FD17B683A
:1045C0000022DA66EFF310837B627B6A7B6501234E
:1045D000BB62BB6A83F31088C0467B681B681A689D
:1045E0007B681B6810218A431A607B6DFB62FB6A43
:1045F00083F31088C0467B681B68DB691022134078
:10460000102B03D17B681B6810221A627B685C2226
:104610009A5A7B6811001800F4F726F803E07B68CB
:104620001800F4F737F96623FB181B88002B04D019
:104630007B6F2022134000D009E752203B187A6894
:104640005E21525A1A8001007B181B88002B44D02F
:104650007B6868229B5A7A1812889A423DD2EFF3FF
:104660001083FB60FB68FB6401233B613B6983F3C0
:104670001088C0467B681B689A687B681B681B496A
:104680000A409A60FB6C7B617B6983F31088C046AB
:104690007B68174A5A67EFF31083BB61BB69BB6441
:1046A0000123FB61FB6983F31088C0467B681B68AC
:1046B0001A687B681B6820210A431A60BB6C3B6246
:1046C0003B6A83F31088C04607E07B681B689A69E1
:1046D0007B681B6808210A439A61C046BD461EB02C
:1046E00080BDC046FFFEFFFFFEFFFFEFFFFFFFEFB5
:1046F000A93F020880B582B000AF7860C046BD46D1
:1047000002B080BD80B582B000AF7860C046BD46C3
:1047100002B080BD80B582B000AF7860C046BD46B3
:1047200002B080BD80B588B002AFF8603B1D196053
:104730005A601723FB1800221A70FB6884229B5CC6
:10474000012B01D102234CE0FB6884220121995402
:10475000FB68882224219950FB681B681A68FB6853
:104760001B6801218A431A60FB681B689B681F4A0B
:10477000134019003B1D1A68FB681B680A439A60C6
:104780003B1D1B68002B05D13B1DF86819685A6852
:1047900000F086F9FB681B681A68FB681B6801213A
:1047A0000A431A60F8F764FD03003B613B6980220D
:1047B000D103F8680E4A00920022FEF71BFD031E8B
:1047C00004D01723FB1803221A7003E0FB68882229
:1047D00020219950FB688422002199541723FB184B
:1047E0001B781800BD4606B080BDC046FFFFCFFF56
:1047F000FFFFFF0180B586B000AF78607B68842240
:104800009B5C012B01D1022321E07B6884220121E2
:104810009954EFF31083BB60BB687B610123FB609D
:10482000FB6883F31088C0467B681B681A687B6846
:104830001B6802210A431A607B693B613B6983F371
:104840001088C0467B6884220021995400231800F8
:10485000BD4606B080BD000080B584B000AF786072
:104860007B6884229B5C012B01D1022327E07B68BB
:104870008422012199547B688822242199507B68E5
:104880001B681B68FB607B681B681A687B681B6879
:1048900001218A431A60FB680B4A1340FB607B6866
:1048A00000225A667B681B68FA681A607B68882257
:1048B000202199507B6884220021995400231800FC
:1048C000BD4604B080BDC046FFFFFFDF80B584B0A9
:1048D00000AF786039607B6884229B5C012B01D13A
:1048E00002232EE07B688422012199547B68882270
:1048F000242199507B681B681B68FB607B681B68E0
:104900001A687B681B6801218A431A607B681B68F0
:104910009B68DB00D9087B681B683A680A439A6089
:104920007B68180000F0E0F87B681B68FA681A6082
:104930007B688822202199507B6884220021995429
:1049400000231800BD4604B080BD000080B584B0CF
:1049500000AF786039607B6884229B5C012B01D1B9
:1049600002232FE07B688422012199547B688822EE
:10497000242199507B681B681B68FB607B681B685F
:104980001A687B681B6801218A431A607B681B6870
:104990009B680E4A134019007B681B683A680A43FB
:1049A0009A607B68180000F09FF87B681B68FA68C3
:1049B0001A607B688822202199507B68842200211C
:1049C000995400231800BD4604B080BDFFFFFFF1DD
:1049D000B0B58AB000AFF860B960BB1D1A80FB6843
:1049E0008C229B58202B56D1BB68002B03D0BB1DBB
:1049F0001B88002B01D101234EE0FB689A688023BD
:104A00005B019A4209D1FB681B69002B05D1BB6889
:104A10000122134001D001233EE0FB680122DA6647
:104A2000FB6800221A6727257C19BB1D1A88B96804
:104A3000FB681800FEF7CAFD030023707B191B7882
:104A4000002B24D1FB68DB6E012B1CD1FB681B689B
:104A500010221A62EFF310837B617B693B620123B2
:104A6000BB61BB6983F31088C046FB681B681A688A
:104A7000FB681B6810210A431A603B6AFB61FB69F3
:104A800083F3108803E02723FB1801221A702723E1
:104A9000FB181B7800E002231800BD460AB0B0BD29
:104AA00080B584B000AFF8603B1D19605A60FB68A8
:104AB0001B685B68102293431A003B1D9B881900FA
:104AC000FB681B680A435A60FB681B685B681B0233
:104AD000190A3B1D9B791A06FB681B680A435A603A
:104AE000C046BD4604B080BDF0B585B000AF78606B
:104AF0007B685B6E002B08D17B686A22012199528A
:104B00007B6868220121995243E00F26BB190822D5
:104B10001A700E203B1808221A707B681B689B686D
:104B20005B0EDAB20D243B1907210A401A707B682C
:104B30001B689B685B0FDAB20C257B1907210A40C2
:104B40001A703B181B787A19127814498A5C5A43F8
:104B500010007B191B78124AD35C1900DBF784FB29
:104B6000030099B27B686A229952BB191B783A19E3
:104B700012780A498A5C5A4310003B191B78084A8C
:104B8000D35C1900DBF770FB030099B27B686822E5
:104B90009952C046BD4605B0F0BDC04610E40208BB
:104BA00018E4020880B500AFDFF7B6FDFEE70000AD
:104BB00080B582B000AF78600C4B1B889A000C4B1C
:104BC000D3181800EEF7F6FC3220F8F75BFB074B22
:104BD0001B8801339AB2054B1A80044B1B88642B47
:104BE000EAD9024B00221A80E6E7C046F49D012074
:104BF000649C012010B5002101F01AFA10BD10B517
:104C00000A22002101F0ACFA10BD10B50A220021E1
:104C100001F0A6FA10BD000010B5034B01001868A2
:104C200000F00EF810BDC046480B002010B5034B35
:104C30000100186801F0B8FD10BDC046480B002007
:104C4000F0B50D0087B00B350190162D09D907235B
:104C50009D4307D50C23019A13600024200007B060
:104C6000F0BD1025A942F5D8019800F0F9F9FC2310
:104C7000BA4E5B009D421DD22A000832B2181100C4
:104C800054680839EB088C4203D1D4680233A2423D
:104C900026D003226368A1689343E268E318CA60E0
:104CA0009160012259680A435A60019800F0E0F9C6
:104CB0000834D3E73F236A0A03D0042A26D8AB0975
:104CC000383303229446D9008919CC688C4206D027
:104CD000604662688243571B0F2F2FDD013B013373
:104CE00034699F498C4250D0032062688243501B34
:104CF0000F2831DD012367191D4303436560776188
:104D00003761F960B9607B60A050CEE7142A02D801
:104D100013005B33D5E7542A02D82B0B6E33D0E750
:104D2000AA235B009A4202D8EB0B7733C9E78D497F
:104D30007E238A42C5D8AB0C7C33C2E7E068002FE3
:104D400008DBA368D86083600123A21851680B4375
:104D50005360AAE70400B9E7716131610028F3DA12
:104D600071688C46802189008A4200D38AE0D1088C
:104D7000500901228240604602437260CA009219C3
:104D80009168E260A1609460CC6001227348991040
:104D90008A404168914226D30A4205D10324A343A5
:104DA000520004330A42FBD0DE008619B446029357
:104DB0006146CC68644500D09BE00834A4460324D7
:104DC0000299013102912142F2D1234200D0B7E091
:104DD000436893434360614B52005968914202D348
:104DE000002A00D0B8E00322836802935B689343F3
:104DF0000393AB4203D35A1B0F2A00DD1FE1029B32
:104E0000039A08209E18584B1B6810335F1901F055
:104E10003FFC564B04901B68013303D0013F3B1805
:104E200047421F403900019801F0DEFB0400431C9B
:104E300000D1DAE0864204D9484B029A9A4200D067
:104E4000D3E04B4A1368FB181360049A013AA64258
:104E500000D093E0164200D090E0404B9A68039B4C
:104E6000DF1901233B435360414B424A1B681168E1
:104E70008B4200D91360404A11688B4200D8B4E0DD
:104E80001360B2E0500A042811D891093831CF00DC
:104E9000BF19B868874225D1012289108A4061462E
:104EA0000A437260E760A060BC60C4606DE71428CC
:104EB00002D801005B31EAE7542802D8110B6E31A9
:104EC000E5E7AA214900884202D8D10B7731DEE715
:104ED000244F7E21B842DAD8910C7C31D7E7806824
:104EE000874204D003264168B1439142F7D8C7688E
:104EF000D8E703276168B9430391E768491B0F2985
:104F000010DD0122631915436560A5680A43EF604F
:104F1000BD604361036112485A60D8609860039B8A
:104F2000E150C2E6002909DB039BE11801234A682E
:104F300013434B60A368DF60BB60B6E63C0039E713
:104F40003168083E013BB14200D13EE743E70433FC
:104F500052000A42FBD027E7029BFAE7C80500206F
:104F6000D005002054050000289E0120C005002027
:104F7000F89D0120249E0120209E012035490868CB
:104F8000013040D10C600721260000230E400C4266
:104F900002D008339B1BE418E1190591059F049981
:104FA0001740CB18DF1B17403900019801F01CFB9C
:104FB000431C07D1371E059804D030000027059BFD
:104FC00008381818244A001B1368C019DB1913602D
:104FD0000122224B029910439C606060994200D1EB
:104FE00042E7039B0F2B13D8626003221B4B9B6885
:104FF0005B6893435A1BAB4201D30F2A1FDC019815
:1050000000F036F829E61449A61BF6180E60BAE738
:105010000721039B0C3B8B43029949680A40029984
:105020001A434A60CA180521516091600F2B00D8BD
:105030001AE702990198083101F0B6FB14E7012341
:105040001800064928438C681343651960608D6019
:105050006B602AE6C0050020F89D0120C8050020ED
:1050600010B5024801F012FB10BDC0466C9F012034
:1050700010B5024801F00BFB10BDC0466C9F01202B
:10508000094B10B51C68094A983420686168084BC0
:10509000DBF778FA01220023801859412060616013
:1050A0004800400810BDC046480B00202D7F954C9D
:1050B0002DF4515810B5034B0A000100186800F098
:1050C00003F810BD480B0020F0B587B00C1E03900C
:1050D000059206D11100FFF7B3FD0700380007B0B5
:1050E000F0BD0398FFF7BCFF2300083B5F68029305
:1050F0003A0003239A43059B04920B33162B08D9DD
:1051000007229343019306D50C23039A13600027CB
:10511000E4E710230193059B019A9342F4D8049B82
:10512000019A934200DB6DE1049A029BBA489B18F6
:10513000826894465A689C4506D001251100A9430F
:1051400059184968294244D103218A4304998E1889
:1051500001999C4517D11031B1423CDC019A0121E3
:105160009446B61A2200029B0E4363448360083AB9
:105170005E60536803980B4061460B435360FFF732
:1051800077FF2700AAE7B14225DCDA689B68DA607E
:105190009360019B029AF41A029B921958680123AA
:1051A00018400F2C00D82FE1019D0299284349197E
:1051B000029D1C4368604C60506808310343536093
:1051C000039801F0F1FA0398FFF752FF029F0837A6
:1051D00084E700221300FF0700D5C6E0210003206A
:1051E00008390D6802994D1B6968814304980F18AE
:1051F000002B00D184E0D6199C4548D1019B103387
:10520000B3427DDCAA68EB682F00D3609A6002008D
:10521000043A0837242A35D83B00132A08D92368D2
:10522000AB606368EB601B2A1AD82B00083410337C
:1052300022681A6062685A60A2689A60019B764A86
:10524000EB189360019AB61A012216435E606B68F0
:105250001340019A13436B600398FFF709FF3DE782
:10526000A3682B61E3686B61242A03D02B00103400
:105270001833DDE72369AB612B0062692033EA61F3
:105280001834D5E72100380001F0DAF8D6E7019AA2
:10529000B24235DC2800DA689B680830DA60936037
:1052A000AA68EB68D3609A60049A043A242A23D847
:1052B000132A07D92368AB606368EB601B2A09D8FF
:1052C000083408302368036063684360A368836020
:1052D00002955EE7A3682B61E3686B61242A03D023
:1052E000280010341830EDE7280023692030AB6126
:1052F00063691834EB61E5E7210001F0A1F8E7E705
:10530000019BBB4231DC2800AA68EB680830D360FF
:105310009A60049A043A242A23D8132A07D92368C6
:10532000AB606368EB601B2A09D808340830236837
:10533000036063684360A36883603E00C8E7A368B6
:105340002B61E3686B61242A03D0280010341830E5
:10535000EDE7280023692030AB6163691834EB6105
:10536000E5E7210001F06CF8E7E705990398FFF7FE
:1053700067FC071E03D10398FFF77AFEC7E62300F8
:105380000122083B5B689343029AD3180200083A53
:10539000934205D15E6803239E43049BF618F8E60A
:1053A000049A043A242A29D803002100132A08D990
:1053B00023680360636843601B2A0DD8030008312B
:1053C00008330A681A604A685A608A689A6021003D
:1053D000039801F0E9F93FE7A3688360E368C360DD
:1053E000242A03D0030010311033EAE7236918316F
:1053F00003610300626918334261E2E7210001F0B2
:105400001FF8E4E7049EC4E6029906434E60516823
:105410000B435360D7E6C046C805002070B51600A0
:105420000D0002F01FF9002E0DD06B236A00520D03
:105430009B1A002B07DD0024034A1B059D182B0037
:105440002200DCF7F1FE70BD0000F03FF0B5A3B024
:105450001B92002200260027059009911E921D91A3
:105460000A782B2A53D03FD80D2A39D8082A39D8A0
:10547000002A42D00022129200211D9D0C912A7810
:10548000302A00D083E06A7820318A43582A00D03D
:1054900073E00293129B954A01931EAB009305980B
:1054A0001FAB1DA901F09AFA0F2302001A40040055
:1054B0000692184205D0062A2BD1002301351D95EE
:1054C00012931B9B002B02D01D9B1B9A1360129BF7
:1054D000002B19D0802330001B06F91823B0F0BD33
:1054E000202AC7D10131BAE72D2AC3D12C3A129212
:1054F0004A1C1D924A78002ABED1099B1D930023A5
:1055000012931B9B002BDFD130003900E6E700220D
:10551000EDE71E9A002A07D0352120A802F098F95D
:105520001E99059801F086FD06981F9B01380428F6
:1055300006D8DAF7FBFD12031C1E1200209E219FE5
:10554000E40502D580231B061F43694B3B42B8D1BB
:1055500001F070F822230360B3E76649219A209E88
:105560000A4065495B181B051A431700E8E7604FBE
:10557000E6E70126614F7642E2E71D9B5A1C1D9229
:105580005B78302BF9D0002B9BD001230C930025A6
:105590000A221D9B0D95139308951D9804782300EE
:1055A000303BD9B2092927D90122554900F07EFFA5
:1055B000002831D0002023008446089A0E900692DD
:1055C0002022190091430A0000210791452A00D0AA
:1055D000C0E0069B0C9A034313438B428DD01D9B66
:1055E000099301331D93099B5B782B2B70D00C0022
:1055F0002D2B73D101246CE00899082909DC0D9941
:1056000051435B180D93089B0130013308931D90A3
:10561000C3E755435D19F6E71D9B5A1C1D92089A76
:105620005B78002A3AD00E9006921A00303A092A86
:1056300012D901229446C3E71D9B01305A1C1D92CA
:105640005B78302BF8D01A00313A082A3BD80E90FC
:1056500000201D9A069013921A00411C303A302BFC
:1056600016D00E9B5B180E93069B0A219C46844421
:105670009C4515D10699069B013109181B18069106
:10568000082B19DC0A230D994B430021D3180D93E5
:105690001D9B08005A1C1D925B78C6E70898D0E74E
:1056A0005C1C082B04DC0D9B4B430D932300DFE7B0
:1056B000102CFBDC4D43F9E700210F2BE8DC0A231B
:1056C0005D435519E4E700220E9206920132B1E7DC
:1056D0000024099B02331D93099B9B781A00303AE2
:1056E000092A13D9099A1D92002232E0F4E4020833
:1056F0000000F07FFFFFEFFF33040000FFFFFF7F9C
:10570000DCE402081D9B5A1C1D925B78302BF9D0FB
:10571000002207921A00313A082A1BD8303B109316
:105720001D9B07931D9B591C1D915B781A00303AF5
:10573000092A3AD9079A8A1AB4490791082A04DC37
:10574000109A07928A4200DD0791002C02D0079A36
:1057500052420792069A002A4DD10C9A104300D06B
:10576000AFE66246002A00D0C7E6692B27D023DCCB
:10577000492B24D04E2B00D0BFE6A5491DA801F02F
:1057800063FB002800D1B8E61D9B1B78282B2CD189
:10579000A04920AA1DA801F06BFB052825D1219B5B
:1057A0009D4A209E1A4317008BE60A2210994A430D
:1057B000D218303A1092B5E76E2BDED09DE69749AD
:1057C0001DA801F041FB002800D196E61D9B9449DD
:1057D000013B1DA81D9301F037FB002802D11D9B42
:1057E00001331D9300268C4F6BE68E4800F06CFF52
:1057F00006000F0065E6079B0E9A9B1A0C93089B08
:10580000002B01D1069B0893069C102C00DD102470
:105810000D98DDF7F9FB069B06000F00092B13DC42
:105820000C9B002B00D14CE60C9B002B00DC7EE097
:10583000162B63DC7C49DB00C91832000868496814
:105840003B00DCF7F1FCD3E72200774B093AD200AA
:105850009B181A685B68DCF7E7FC060028000F005D
:10586000DDF7D2FB0B00020039003000DBF734FD1E
:10587000069B06000F000F2BD2DD069B1C1B0C9B0A
:10588000E418002C00DC9BE00F222300134014429C
:105890000AD06549DB00C9183200086849683B0036
:1058A000DCF7C2FC06000F000F239C4373D02633A5
:1058B000FF339C424BDD0023069307930D9308931F
:1058C00022230026059A544F13600D9BB34200D14A
:1058D000F7E51E99059801F0ADFB0899059801F0D0
:1058E000A9FB0799059801F0A5FB0D99059801F012
:1058F000A1FB0699059801F09DFBE2E52523069A98
:105900009B1A0C9A9342B8DB0F24069B464DE41A6F
:10591000E10069183200086849683B00DCF784FC44
:105920000C9B1C1BE4002D192A686B6889E70C9BF3
:105930001633A2DB07990E9A3B4B521AD2009B18E2
:1059400030001A685B683900DCF72AF850E700235A
:1059500030003900354D24110993012C1EDC002B39
:1059600001D006000F00324B099AFF182F4BD500CB
:105970005D193200286869683B00DCF755FC264B4E
:105980002C4A06000B40934295D82B4A934213D9D8
:1059900001262A4F76420023099386E00122144211
:1059A00004D02A686B68DCF73FFC0123099A641075
:1059B000013209920835D0E7D4239B04CF18EAE7D7
:1059C000002CE8D064420F2322001A401C420AD067
:1059D000154BD2009B1830001A685B683900DBF762
:1059E000DFFF06000F002411D5D01F2C28DD002377
:1059F000069307930D9308932223059A00261360BC
:105A00000D9B0027002B00D063E75AE51F4E0000D6
:105A10000DE80208E0E402080000F07F05E8020853
:105A200093E802088FE8020838E7020810E7020846
:105A30000000B0FC0000A07C0000907CFFFFEF7F26
:105A4000102322001A4009921C4201D05A330993B4
:105A5000300039000023BF4D0122144204D02A68CF
:105A60006B68DCF7E1FB012364100835002CF3D1EF
:105A7000002B01D006000F00099B002B0DD06B23DB
:105A80007A00520D39009B1A002B06DD1F2B5ADDC0
:105A90000026342B50DDDC27BF0400220023300019
:105AA0003900DAF7DDFC0028A1D10D9B089A00939C
:105AB0001399069B059801F00BFB0D90002800D16F
:105AC000F9E60C9B0799DA170E9B5B1A1A400C9BA0
:105AD0001792DB430C9ADB171A4000231A920693A5
:105AE00007930D9B0598596801F07CFA08900028EF
:105AF00000D1E5E60D9B0C3019001A690C31023219
:105B0000920000F0D8FD20AB01931FAB0093320050
:105B10003B0005981096119701F010FE1E9000288A
:105B200000D1CDE60121059801F06EFB0790002819
:105B30000ED100230793C3E64B239A1A4C3B9340A4
:105B400019400F00A9E7012252429A401640A4E7EB
:105B50001F9B1A9A179DD41A002B01DB1A9C5D1902
:105B60000999209A5B1A36219B188A1A7A490120D2
:105B70008C460021013B16911490634506DA61467C
:105B8000C91A521A1F293FDC88401490AB180E9393
:105B9000A418099B0E9A1C192B00954200DD1300D6
:105BA000A34200DD2300002B04DD0E9AE41AD21A72
:105BB0000E92ED1A179B002B16DD1A000799059817
:105BC00001F0ECFB07900028B3D001001E9A059865
:105BD00001F032FB1390002800D171E61E99059860
:105BE00001F028FA139B1E930E9B002B12DC0C9BDA
:105BF000002B18DD1A9A0899059801F0CFFB089040
:105C0000002810D100235AE65449CB1A01009940CC
:105C10001691BAE70E9A1E99059801F001FC1E90A4
:105C20000028E4D14CE6002C07DD220008990598F5
:105C300001F0F6FB08900028E4D0002D08DD2A00D2
:105C40000799059801F0ECFB0790002800D137E692
:105C5000089A1E99059801F06BFC0690002800D167
:105C60002EE6C368079913930023C36001F044FC38
:105C700000283BDA139B334367D13B0365D1D6221F
:105C8000374BD2043B4093425FD9069B5B69002BA4
:105C900003D1069B1B69012B57DD0699012205984C
:105CA00001F0BEFB0799069001F026FC00284CDDB0
:105CB0002B4B099A3B40002A74D0D622D20493423F
:105CC00070D8DC229204934200D895E63000390067
:105CD000244B0022DCF7A8FA214B06000F000B42F0
:105CE00000D0F6E52223059A1360F2E50E9700280E
:105CF00075D1139A3B031B0B002A39D01A4A9342E1
:105D000038D10121099B494232000800002B0BD0F9
:105D1000D424134B08003B40E404A34204D86C3065
:105D20001B0DC31A99400800824223D10F4B0E99D4
:105D3000994202D1013200D1C2E5094B0E9A0026E8
:105D40001A401300802252039F18099B002BBDD1DB
:105D5000BFE5C04608E5020802FCFFFFE2FBFFFFCB
:105D60000000F07F00005039FFFF0F00FFFFEF7FC2
:105D700033439DD0169B002B1CD00E9B169A1342CA
:105D8000E3D0139B30003900099A002B16D0FFF79F
:105D900045FB02000B0010981199DBF79DFA0600F5
:105DA0000F00D2E70126924A76429B18914A1A4385
:105DB0001700CAE7149B3342C7D0E2E7FFF72EFB78
:105DC00002000B0010981199DCF7F6FC002200236A
:105DD00006000F00DAF744FB0028B6D00CE607995E
:105DE000069801F00BFD80230022DB0504000D0066
:105DF000DAF746FB00286CD0139B002B77D1002EDE
:105E000057D10E9B1B035AD10022200029007A4B48
:105E1000DAF72CFB002859D1200029000022774B0B
:105E2000DCF702FA04000D0080231B06EB180A942D
:105E30000B930A9A0B9B14921593714A0E9B134075
:105E40001693169A6F4B9A4200D087E06E4A0E9BCB
:105E5000944663441F003000190001F003FC0A9AC5
:105E60000B9BDCF7E1F932003B00DBF735FA644AC3
:105E7000664B06000A409A4240D9119B644A9342FD
:105E800003D1109B013300D11AE50126604F764201
:105E90001E99059801F0CEF80899059801F0CAF806
:105EA0000799059801F0C6F80699059801F0C2F81F
:105EB00017E6012E03D10E9B002B00D19CE5002399
:105EC000544C4D4D0A930B940024B2E700244B4DE3
:105ED000AAE720002900494B0022DCF7A5F9139B13
:105EE00004000D00002B9FD00A940B95A1E700231E
:105EF000414C25000A930B941C009AE7D4239B0481
:105F0000CF18099B1097002BC2D13D4B169A3B40EE
:105F10009A42BDD120002900DAF798FBDAF7D0FBCE
:105F200002000B0020002900DCF746FC3C03139B19
:105F3000240B34430E900F91374A1C4352D0374BF9
:105F4000DAF794FA002800D0C3E40E980F99344A87
:105F50002A4BDAF79FFA00289AD0BAE4099B002B63
:105F60002AD0D423169ADB049A4225D8200029008F
:105F70002C4A2D4BDAF784FA002816D0200029008D
:105F8000DAF746FB002800D10130DDF73DF8139B1E
:105F900004000D00002B22D180231B06CB18189083
:105FA0001993189A199B14921593D622159BD20413
:105FB0009B18169A9B1A159310981199149E159F69
:105FC00001F050FB02000B0030003900DCF72CF927
:105FD000109A119BDBF780F906000F0091E71894E7
:105FE0001995DEE7114B0E980F99DAF73FFAB2E7F1
:105FF0000000F0FFFFFF0F000000F03F0000E03F57
:106000000000F07F0000E07F0000B0FCFFFF9F7CFD
:10601000FFFFEF7F0000F0BF9535A094FFFFDF3F4B
:1060200035E5AF350000C0FFFFFFDF41FFFFCF3F89
:1060300010B5044C0A000100034B2068FFF706FA74
:1060400010BDC046480B0020DC090020F0B585B02B
:1060500017001E0003900191242B44D80C00012B43
:1060600041D03D4B08229C46230061461D780134F7
:10607000485D010011401042F6D12D2D3AD125780E
:106080009C1C0123009310223300934309D1302D2F
:1060900036D1202123788B43582B31D116006578D7
:1060A00002342E4A009B9446634431001800029348
:1060B000DAF7D6F80022844610002B00303B092B7B
:1060C00025D81D00AE4231DD531C09D001225242B9
:1060D000844505D301D1A94225DB0122704328184C
:1060E00025780134E9E700F0A5FA162303600020C3
:1060F00005B0F0BD00912B2DC5D125789C1CC2E7C1
:10610000002ECED10836302DCBD00236C9E72B0079
:10611000413B192B01D8373DD4E72B00613B192BAC
:1061200004D8573DCEE701225242D9E7531C08D18B
:106130002223039A02981360002FD9D0631E019383
:1061400007E0009B002B00D04042002FD0D0002A57
:10615000F4D1019B3B60CBE731E50208FFFFFF7FF5
:1061600010B5044C13000A0001002068FFF76EFF11
:1061700010BDC046480B0020002310B5040003608A
:106180004360836081814366C281036143618361AF
:10619000190008225C3000F066F90B4BE4612362C1
:1061A0000A4B63620A4BA3620A4BE3620A4B9C42AE
:1061B00005D00A4B9C4202D0094B9C4203D12000DF
:1061C000583000F061FA10BDA9630208D1630208DB
:1061D00009640208356402082C9E0120949E012067
:1061E000FC9E012010B5034A0349044800F06CF8F6
:1061F00010BDC046D0090020698D0208500B002058
:1062000041680B4B10B50400994201D002F0ACFD7F
:10621000A168084B994202D0200002F0A5FDE16878
:10622000054B994202D0200002F09EFD10BDC046F1
:106230002C9E0120949E0120FC9E012010B5094B4C
:10624000094A04211A6009480022FFF795FF01223C
:1062500009210748FFF790FF022212210548FFF7A6
:106260008BFF10BD649F0120E56102082C9E012078
:10627000949E0120FC9E012010B5024800F006FA11
:1062800010BDC0466E9F012010B5024800F0FFF916
:1062900010BDC0466E9F012010B50400FFF7ECFF53
:1062A000636B002B02D0FFF7EFFF10BD044B63635D
:1062B000044B1B68002BF6D1FFF7C0FFF3E7C04685
:1062C00001620208649F0120F7B5140000260090C7
:1062D0000191A5686768013F04D52468002CF8D1B6
:1062E0003000FEBDAB89012B08D90E22AB5E013315
:1062F00004D029000098019B984706436835EAE7D7
:106300000CB430B5174B0C001D689DB0002908DA9D
:106310008B2301202B6040421DB030BC08BC02B072
:10632000184782236A469B009382002302900690BE
:10633000994200D04B1E0493079301236A465B42A7
:10634000D382280021AB209A02A9019301F0D2FA4E
:10635000431C01DA8B232B60002CDDD00022029B32
:106360001A70D9E7480B00200EB400B50B499CB059
:106370001DAB02900690079104910948094904CB8E
:106380000591006802A9019301F0B4FA0022029B72
:106390001A701CB008BC03B01847C046FFFFFF7F4F
:1063A000480B00200802FFFF70B50C000E25495F66
:1063B00000F006F9002803DB236D1B18236570BD70
:1063C000A389024A1340A381F9E7C046FFEFFFFF0C
:1063D000F8B51F008B8905000C001600DB0505D5FC
:1063E0000E23C95E0022022300F0D6F8A389054AD5
:1063F00028001340A38132000E23E15E3B0000F031
:1064000005F9F8BDFFEFFFFF70B50C000E25495FE1
:1064100000F0C2F8A389421C03D1054A1340A381AE
:1064200070BD802252011343A3812065F8E7C04666
:10643000FFEFFFFF10B50E23C95E00F09BF810BD03
:1064400010B5884206D800239A4208D0CC5CC454C8
:106450000133F9E78B189842F5D2013A00D210BD0A
:106460008B5C8354F9E703008218934200D1704794
:1064700019700133F9E7020010B5137814000132E6
:10648000002BFAD1CA5CE2540133002AFAD110BDC4
:10649000C9B20378002B04D08B4200D17047013081
:1064A000F7E74B42594149420840F7E730B505004C
:1064B000101E0BD00024013A2B5D085D834204D1ED
:1064C000A24202D00134002BF6D1181A30BD0300CD
:1064D00030B51D00002A06D00C78013A01332C702B
:1064E0000131002CF5D100219A18934200D130BD22
:1064F00019700133F9E70000034B10B51A68012346
:10650000503200F003F810BD480B0020F0B5041E17
:1065100002D11468002C09D020000E000578013447
:106520003778002F04D1002D0DD11560002006E032
:106530000136BD42F4D1002BEED114600370F0BDE2
:106540000133002D02D10B00267801341D78AE42B4
:10655000F6D100231D009E4202D02300611E0D7063
:106560001360ECE79422024B5200985C7047C046DF
:10657000DC090020002370B5064D040008002B60E4
:1065800004F0D6FD431C03D12B68002B00D0236000
:1065900070BDC046689F012070B50400080011005E
:1065A0001A000023054D2B6004F0EAFD431C03D1C3
:1065B0002B68002B00D0236070BDC046689F01206F
:1065C00070B50400080011001A000023054D2B606F
:1065D00004F0DEFD431C03D12B68002B00D02360A8
:1065E00070BDC046689F0120002370B5064D0400B1
:1065F00008002B6004F0D4FD431C03D12B68002B52
:1066000000D0236070BDC046689F012070B50400B3
:10661000080011001A000023054D2B6004F0D0FD86
:10662000431C03D12B68002B00D0236070BDC046F3
:10663000689F0120014B18687047C046480B002036
:1066400070B500260C4C0D4D641BA410A64209D158
:10665000002604F0BFFD0A4C0A4D641BA410A6429C
:1066600005D170BDB300EB5898470136EEE7B30093
:10667000EB5898470136F2E720E9020820E90208C2
:1066800028E9020820E90208704770477047704700
:10669000802310B5082804D0FFF7CCFF1623036031
:1066A000173B180010BD03000A7801311A7001333E
:1066B000002AF9D17047002310B59A4200D110BDCD
:1066C000CC5CC4540133F8E7002001497047C04650
:1066D0000000F87F034B10B5002B02D0024800F0F9
:1066E00005F810BD00000000958F0208002310B5CA
:1066F00001001A00180002F09FFC10BDF7B504005D
:1067000008200D00FFF7C4FF06002000FEF7A8FCDC
:106710000322224F3100BB685B6893431800113895
:10672000401B80190193D9F715FD451E7543AE42F4
:1067300004DD2000FEF79CFC0020FEBD00212000AF
:10674000FFF752FFBB68019A9B189842F1D12000D5
:106750006942FFF749FF013010D100212000FFF707
:1067600043FFBA68811A0F29E3DD0D4D0D4B2D68EB
:10677000401B186001230B435360DAE70126019B9D
:10678000BA685B1B33435360064A200013685B1BE7
:106790001360FEF76DFC3000CFE7C046C80500204F
:1067A000C0050020F89D0120F7B50D1E01902DD0E9
:1067B000FEF756FC012329009C4608394F686246C3
:1067C0003B0064469343C8184568023295434A4AE1
:1067D0002740966886421AD15B19002F06D10868B7
:1067E000091A8D681B18C868E86085600120184385
:1067F00048609160414A12689A4204D8404B01981F
:106800001968FFF77BFF0198FEF732FCF7BD002601
:106810004560B74209D10F683A4CC91BDB198F6834
:10682000A7422CD0CC68FC60A76047197C68012780
:106830003C420BD15B198568002E22D1314CA54218
:106840001FD13E0051611161CD608D60012528008E
:1068500018434860CB50002ED5D180208000834261
:1068600013D2D8085B099D4053681D43C3009B1891
:1068700055609A68CB608A609960D160C3E76646CC
:10688000D3E7C068E8608560E0E75D0A042D12D8B0
:1068900098093830C600B618B5680327AE4225D12E
:1068A000012380108340506803435360CE608D60A5
:1068B000B160E960A7E7142D02D828005B30E9E752
:1068C000542D02D8180B6E30E4E7AA204000854210
:1068D00002D8D80B7730DDE70B4E7E20B542D9D8F1
:1068E000980C7C30D6E7AD68AE4203D06A68BA43F4
:1068F0009A42F8D8EE68D9E7C8050020C405002000
:10690000289E0120D0050020540500000200F0B5AB
:10691000046985B014324B11160002939C4231DD9C
:106920001F260F009B00A500D31837405519009370
:10693000019731420DD1160019008D4236D8009BC7
:106940000026033B9D4202D3029BE41AA60096193F
:1069500018E02021019E019F891B009E039102CE19
:106960009446F940B54216D8009B002601339D425B
:1069700003D3029BE41AA600043E96193160002955
:1069800000D00436B11A89100161964201D100236A
:10699000436105B0F0BD3768039B9F400F436146DC
:1069A00080C18C46019B02CED940DBE780C980C6FE
:1069B000C3E70200303A0300092A02D8203BD8B2CC
:1069C00070470200613A052A01D8473BF7E71A00F1
:1069D000413A0020052AF3D8273BF0E7F0B589B00B
:1069E00007930B680192039006919A1C11000132E3
:1069F000501E00783028F9D0CB1A023B0593009145
:106A0000FFF7D7FF00231D00029398421ED10122F9
:106A1000A6490098FFF74AFD0700A84200D06AE0A7
:106A2000009B58785C1CFFF7C4FF01230293A84227
:106A30002FD00094009B1878302809D0FFF7B9FFB9
:106A4000424242410123250002920593009C04E04A
:106A5000009B01330093EDE701342078FFF7A9FF95
:106A6000071EF9D1012220009049FFF71FFD0028E1
:106A70000DD1002D06D1013425002078FFF799FFB4
:106A8000002802D12D1BAF0003E00134F5E7002DF3
:106A9000F8D12022237826009343502B1DD1637810
:106AA0002B2B2DD02D2B2FD00023661C0493307858
:106AB000FFF77FFF431EDBB20500182B2AD8707842
:106AC000FFF777FF431EDBB20136103D182B1DD9AF
:106AD000049B002B00D06D427F19069B1E60029B19
:106AE000002B19D0059B06265A4253415B421E409B
:106AF000300009B0F0BD01230027009C0293C8E7D5
:106B000000230493A61CD2E70123FAE70A235D437E
:106B10002D18D4E72600E0E7009B0299E31A013B19
:106B2000072B0ADC039800F05DFA051E08D12A0045
:106B3000E4215F4B5F4802F0BFFA01315B10EFE7E1
:106B4000030014330293059300231E000493009B5B
:106B5000A34238D3059C029B40C4E41AA410300021
:106B60002C6100F001FB019B64011B68261A009355
:106B70009E4252DDF61A3100280000F08AFE041E03
:106B80000FD001241F232000721E134098400300E1
:106B90005111029889000958194202D0A24234DCEE
:106BA000022431002800FFF7B1FEBF19019B9B684A
:106BB000BB4242DA2900039800F03CFA00230E9A07
:106BC000A326136094E7013C23782E2B12D0049B5C
:106BD000202B04D1059B40C3002605930496207802
:106BE000FFF7E7FE0F231840049B98400433064349
:106BF0000493ACE7009BA342E9D8012220002B4973
:106C0000FFF754FC0028E2D1A1E72800B11E00F0F4
:106C100040FE0028C4D00324C3E7009B00249E420A
:106C2000C4DA9E1B29003200039800F0F9FB030030
:106C300014330500BF1B0293B8E7019B5E68BE4298
:106C40006FDD009BF61BB34236DC019BDB68022B39
:106C500024D0032B26D0012B17D1009BB34214D193
:106C6000012B0BD1019B079A5B68622613600123FD
:106C7000029A2B6113600E9B1D6039E70099280072
:106C8000013900F006FE0028ECD12900039800F03D
:106C9000D1F900230E9A5026136029E70F9B002B91
:106CA000F3D1DFE70F9B002BDCD1EEE7DCE4020839
:106CB00039E602084AE60208771E002C2FD1002F81
:106CC00004D03900280000F0E4FD04001F237A11ED
:106CD0001F401E3BBB400299920052581A4201D0FD
:106CE00002231C43009B31009B1B022628000093BB
:106CF000FFF70CFE019B5F68002C3FD0019BDB6817
:106D0000022B10D0032B12D0012B06D1A20704D5E1
:106D1000029A126814431C420CD110232DE0012466
:106D2000D4E70126E8E701230F9A9B1A0F930F9BE4
:106D3000002BF2D02B69002002939B0004932B00C0
:106D4000049A143399181A68541C1CD001321A6022
:106D50002B001433022E3FD1019A00991268013A98
:106D60008A4209D10A001F201040012282404911A5
:106D70008900CB5813423DD120231E430E9B1D603A
:106D8000079B1F60B4E601C39942DCD8AB68029A46
:106D90009A4218DB69680398013100F023F9041E58
:106DA00004D1220084211D4B1D48C4E629002A6914
:106DB0000C31023292000C30FFF77DFC2900039861
:106DC00000F038F925002B695A1C2A61012204338E
:106DD0009B00EB185A60BBE72A6902998A420BDDD7
:106DE00001212800FFF792FD019B01379B68BB4200
:106DF00000DADFE60126BFE71F22009C009914405D
:106E00001142F7D0049A9B18043B186800F0ACF9C3
:106E100020231B1B9842E3DBECE7C04639E602085F
:106E20004AE60208082370B520259A1A9200AD1A86
:106E3000436804681E00AE40D3403443046043609E
:106E400004308842F4D370BD30B503680C78013348
:106E5000002C02D10360012030BD1A781500413D9D
:106E6000192D00D820320131A242EFD00020F3E7E3
:106E7000F0B50B688BB0019201995A1192008A18F3
:106E8000029219001F22114008900691134202D06D
:106E9000029B04330293029B00251F1F3E003C000F
:106EA000089B3D601B68079505930395059B01337F
:106EB0000993059B5B780493002B28D00498FFF777
:106EC00078FD002855D1049B202B19D8039B079AE5
:106ED000934212DDB44206D2072D04DC2A003100B1
:106EE0002000FFF79FFF019B08259C4205D9261F24
:106EF00000253400039B35600793099B0593D5E774
:106F0000049B292B5AD1059B089A02331360039BDB
:106F1000002B53D0B44206D2072D04DC2A003100E6
:106F20002000FFF77FFF019B9C4236D91A00230007
:106F300002CB02C29F42FBD2029B611CDA1E0423D9
:106F4000914205D8029B043B1B1B9B0801339B000D
:106F5000019AD318002204C39F42FCD23B68002B45
:106F600004D1019B9F4227D101233B6005200BB038
:106F7000F0BD039B013501330393082D06DD019B12
:106F80009C42BAD900230125043C23600F222368C8
:106F900010401B0103432360AFE7069B002BDDD0AD
:106FA0002023069A02999B1A01225242DA400439A0
:106FB0000B6813400B60D1E7043FCFE70420D6E70E
:106FC00082B0002900D101A9101E06D0002B06D0E6
:106FD00013780B601078431E984102B0704702206E
:106FE0004042FAE7436C70B506000C00002B12D04B
:106FF000736CA2009B181868002815D101210D00A0
:10700000A5406A1D3000920002F074F8002809D0F3
:10701000446085600AE02122042102F06BF870646C
:107020000028E5D1002070BD02681A6000230361CA
:10703000C360F8E7002906D04A68436C92009B18A9
:107040001A680A6019607047F7B50F0001900C00CC
:107050001E0000200D6914373B68013099B251437E
:107060001B0C534389190E0C9B191E0C89B21B046F
:107070005B1808C78542EFDC002E22D0A368AB4224
:1070800019DC616801980131FFF7ACFF071E05D1DB
:107090003A00BA210C4B0D4802F00EF8210022698B
:1070A0000C31023292000C30FFF705FB21000198F1
:1070B000FFF7C0FF3C002B1D9B00E31801355E600D
:1070C00025612000FEBDC04639E60208AAE6020896
:1070D000F7B5070018000C000830092101931500CE
:1070E000D9F7C2F80123002183420ADB3800FFF7F9
:1070F00079FF011E08D10A00194B1A48D33101F05B
:10710000DBFF5B000131EFE7089B43610123036173
:10711000092D18DD230009331E000093641933780C
:107120000A223800303BFFF78FFF01360100A642EC
:10713000F5D12C00009B083C1C192E00019B9E429F
:1071400004DB0800FEBD09250A34F6E7631B9B5DDE
:107150000A223800303BFFF777FF01360100EDE7E8
:1071600039E60208AAE60208802203005202002043
:10717000934201D21B04103080225204934201D268
:1071800008301B0280225205934201D204301B01B9
:107190008022D205934201D202309B00002B03DBF8
:1071A0000130134200D120207047036801000722FC
:1071B0001800104013420DD0063A0020134205D1AA
:1071C0000230034203D0D34010000B6070479B088D
:1071D0000B60FBE79AB2002A01D110201B0CDAB237
:1071E000002A01D108301B0A1A0701D104301B09FB
:1071F0009A0701D102309B08DA07E9D401305B0815
:10720000E6D12020E2E7000010B50C000121FFF7D5
:10721000E9FE002807D14621054C0200054B20005D
:10722000FF3101F049FF01234461036110BDC046F5
:10723000AAE6020839E60208F0B514000A692369D3
:107240000D008BB09A4202DB23000C001D00276961
:107250002E696168BB190393A368BA19934200DAD7
:107260000131FFF7BFFE0290002806D1B121494B42
:107270004948029A490001F01FFF029B0022143383
:107280009C46BB199B0063440493634604998B425C
:107290002AD32300BF00143314350893B600DB193A
:1072A0000593AB190993042306932300059A15331C
:1072B00001959A4205D3131B153B9B0801339B0094
:1072C0000693019B099A934210D3039B002B05DD83
:1072D000049B043B04931B68002B56D0029B039A2B
:1072E00018001A610BB0F0BD04C3CFE7019B18680A
:1072F00080B200281ED067460025089E02CE3B685B
:1073000007938BB243431A006B46090C9B8B414396
:10731000D318079A5B19120C89181A0C8A189BB299
:10732000150C12041A43059B04C7B342E6D8634602
:10733000069A9D50019B1868000C20D063462500DA
:10734000614600271B6814352A680E6892B24243D2
:10735000360C9219D21916049BB21E430E6040CD12
:107360004B68360C46439BB2120CF3189B18059AD7
:107370001F0C0431AA42E7D8624606995350019B7C
:107380000433019304239C449BE7039B013B039339
:107390009BE7C04639E60208AAE60208F7B50323D0
:1073A000150007000E001A401D4208D01A49013A84
:1073B0009200525800233100FFF746FE0600AD1040
:1073C00027D03C6C002C07D138001449FFF71CFF74
:1073D000002304003864036001231D420AD03100F9
:1073E00022003800FFF728FF310001903800FFF736
:1073F00021FE019E6D100CD02068002807D12200CC
:1074000021003800FFF718FF00232060036004000C
:10741000E2E73000FEBDC04604E70208710200004A
:10742000F0B50C0016002369571185B0FB180193C5
:10743000013300934968A3680290009A934210DBDD
:107440000298FFF7CFFD0023010005001A00143158
:1074500098420CD1EF212A00254B2648490001F023
:107460002BFE01315B00E8E798000A500133BB4274
:10747000FADBFB43DB171F40BF0023001F20C919A5
:1074800037002269143392009A180740064229D027
:107490000130C01B03908C4600201E68BE4006438E
:1074A000604640C08446039E01CBF0409A42F4D827
:1074B000260015360423B24204D3131B153B9B0848
:1074C00001339B00C850002802D0019B0233009377
:1074D000009B0298013B21002B61FFF7ABFD2800C8
:1074E00005B0F0BD01CB01C19A42FBD8F0E7C04620
:1074F00039E60208AAE6020830B50B690469020001
:10750000E01A9C420FD114329B0014311400C918A8
:10751000D218043A043915680B689D4204D0012042
:107520009D4200D2023830BD9442F2D3FBE7000006
:10753000F0B50C0087B00090110020001700FFF795
:10754000DBFF051E10D101000098FFF74BFD021E66
:1075500004D1404B4048414901F0AEFD0123456153
:107560000361100007B0F0BD0026B04203DA23002B
:107570003C001F00013661680098FFF733FD021ED2
:1075800003D1344B34483649E6E723691434009379
:107590009B00E318210001943C0002933B691434E2
:1075A0009B00E31803930300C6608C46002014334D
:1075B00004930593634620CBA9B20E009C4608CCE9
:1075C0002D0C99B2711A09181B0C0814EB1A1B1810
:1075D000181489B21B041943059B02C30593039B2E
:1075E000A342E7D83900039C153104238C4204D30D
:1075F000E31B153B9B0801339B000199CD180499AF
:107600002E00CB181F0002998E4211D3029CE91E56
:1076100000208C4204D321000331491B89088800D3
:107620001B18043B1968002910D0009B136198E7D0
:10763000844602CE88B2604400140C0C04196144E4
:10764000201489B22404214302C7DCE700990139E0
:107650000091E6E739E60208AAE6020837020000D0
:107660004502000010B500240C4B0D4A0B409B183E
:10767000A34206DC5B421A15132A05DC80231B0398
:1076800013411900200010BD143A01241E2A02DC07
:1076900080242406D4400023F3E7C0460000F07F96
:1076A0000000C0FCF7B50600036914369B00F31810
:1076B0001D1F2C680F0020000193FFF755FD2022AD
:1076C000121A3A6003001C4A0A2815DC0B21270015
:1076D000091ACF403A438C4611000022AE4202D232
:1076E000019A083A126815339C4063462700DA4035
:1076F0001743380003B0F0BD0027AE4202D2019D0F
:10770000083D2F680B2149428C469C440B2B10D01E
:10771000614620238C405B1A3900D9400C43224338
:1077200011000022B54201D9043D2A686446A740F1
:10773000DDE722431100DCE70000F03FF7B501214F
:1077400016001F00FFF74EFC041E05D12200254B3A
:107750002548264901F0B0FC3B037D001B0B6D0D55
:1077600002D08022520313430193002E25D0684695
:107770000096FFF71AFD019B009900281BD02022DC
:107780001E00121A96403200C3400A436261019300
:10779000019EA661731E9E4101362661002D14D004
:1077A0003526134BED18089B2D181D60099B361AC2
:1077B0001E602000FEBD6161EAE701A8FFF7F5FC4D
:1077C000019B012663612030E7E70A4BC018089B44
:1077D0001860094BF3189B00E3185869FFF7C4FCC5
:1077E0007601E3E739E60208AAE602080F03000083
:1077F000CDFBFFFFCEFBFFFFFFFFFF3FF0B587B0E4
:107800000F0004A90600FFF74DFF00900191009BB7
:10781000019C380005A902930394FFF743FF0D0074
:1078200002000B0030693969049E401A0599400135
:10783000711A41180805002908DD019941180391C2
:1078400002980399DAF7ACF807B0F0BD2B1AF7E706
:1078500070B514000500013913694911013189001F
:1078600014349B004118E318A3420DD814001134BE
:1078700000259C4203D89B1A113B9B089D000023C6
:107880004019814203D870BD40CC40C5ECE708C028
:10789000F7E70200006910B514324B11984213DB70
:1078A0000CDD1F2408002040214207D099008C588D
:1078B0002100C140814001208C4204D19B00D3189B
:1078C000934203D8002010BD0300F7E7043B19687A
:1078D0000029F5D00120F6E70300081E05D0FF2A95
:1078E00004D98A2201201A604042704701200A70A0
:1078F000FBE70000F0B5DDB01C000B9109920A9087
:1079000001F044FB036818002093D8F707FC0B9B99
:1079100018909B891B0617D50B9B1B69002B13D155
:1079200040210A98FDF78CF90B9B1860186100281C
:1079300007D10C230A9A136001235B421A9300F0CB
:1079400011FC40230B9A53610023002232933193A0
:107950000E93002316921793002333AF309723938F
:10796000229314931D9321931A93099D2B78002B36
:1079700002D0252B00D090E0099BEE1A9D4216D034
:107980003B60329B7E609B193293319B08370133F9
:107990003193072B08DD0B990A9830AA02F074FA8C
:1079A000002800D0D8E333AF1A9B9B191A932B7889
:1079B000002B01D101F08AF900231B220126691C4A
:1079C0001D0022A812181370764219934B1C1593B0
:1079D0000B781093109820385A2801D900F002FE35
:1079E000D8F7AEFB9B0000060006A50000060006C7
:1079F0000006800000060006A700AF000006AD00EC
:107A0000B4000006D000D200D200D200D200D200D2
:107A1000D200D200D200D200000600060006000606
:107A200000060006000654010006FD000F01540187
:107A3000540154010006000600060006E40000069A
:107A40000006D404000600060006180500063605E8
:107A50000006000666050006000600060006000691
:107A600000060006000654010006FD001101540145
:107A700054015401E6001101F9000006F20000066D
:107A8000B604D6040705F90000061805A30038055A
:107A9000000600065D000006A300013566E7A54B61
:107AA00028002393202318401D4201D100F003FD3C
:107AB000193B07349C43220018CA069307940D9281
:107AC000EB070AD5069B079A134306D0302229AB51
:107AD0001A70109A5A7002231D43974B02201D40C2
:107AE00000F066FC0A9801F051FA436818002193EF
:107AF000D8F714FB1D900A9801F048FA8368149394
:107B00001D9B002B11D0149B002B0ED01B78002B3B
:107B10000BD08023DB001D4307E01B2322AA9B1808
:107B20001A78002A01D120321A7015994EE70123E4
:107B3000F1E708CC1993002BF7DA5B421993042381
:107B4000E9E71B2322AA9B182B22EDE7159A159B28
:107B50001278013310922A2A0DD000260A21109A99
:107B60001593303A092A00D934E74E43B6181A78EB
:107B700001331092F3E740CC002E01DA0126764261
:107B80001593D2E78023C6E700220A21159B19929C
:107B9000199A10984A433038821819921A7801338A
:107BA0001092303A092AF3D9159313E70823B2E764
:107BB000159B1B78682B05D1159B013315938023EA
:107BC0009B00A8E74023A6E7159B1B786C2B04D1EC
:107BD000159B0133159320239DE710239BE721007C
:107BE00004C943AB0D911B211A70002222A8091869
:107BF0000A7001260C921B92129213921192099311
:107C0000BEE110231D43AB062FD5072307349C4349
:107C1000220018CA069307940D92079B0120002B9F
:107C20000BDA069B079C00225942A241069107925B
:107C30001B222D2122ABD2181170069A079B1A43E2
:107C4000711C01D101F052F880212C008C43002AD4
:107C500001D001F050F8002E01D100F0B9FC01284C
:107C600001D001F04CF800F04DFC220008CA0D9242
:107C7000EA0603D50693DB170793CEE76A0601D51C
:107C80001BB2F7E7AA05F5D55BB2F3E70723073484
:107C90009C43220018CA0D92012216931794169B3A
:107CA00052422493179B5B005B08259324982599E7
:107CB000224BDBF71DF9002824D1249825990122B5
:107CC0001E4B5242D8F7DCFB00281BD1169817999F
:107CD00000220023D8F7CAFB002804D01B2322AAC5
:107CE0009B182D221A70164B0993109B472B01DD10
:107CF000144B099380239D43002303260C931B936D
:107D000001F02CF8169A179B10001900DBF7F0F819
:107D100000281DD0179B002B04DA1B2322AA9B18D6
:107D20002D221A70084B0993109B472BE2DD074B5D
:107D3000DFE7C04610E80208FFFBFFFFFFFFEF7F11
:107D400000E8020804E8020808E802080CE8020853
:107D5000109B612B00D1E9E15822412B00D1E6E1D3
:107D6000731C00D109E22023109A0C909A43472AF1
:107D700002D1002E00D1013680235B002B431C93DF
:107D8000179B002B00DBFBE1802212069446169B1A
:107D90001E93179B63441F932D2327932023109A30
:107DA0009A431292412A00D006E21E981F992AAAED
:107DB00001F010F9FF2300229B05DAF735FA0022C3
:107DC00000230E900F91D8F74BFB002801D0012320
:107DD0002A93CF4B1393109B612B01D0CD4B139360
:107DE000099C731E00220E980F991193CA4BDAF763
:107DF0001BFA0E900F91DBF79DF81B90DBF7D6F87E
:107E000002000B000E980F99DAF7D6FC139A0E9029
:107E10000F911B99119B525C2270013401330BD0DE
:107E20000E980F99119B0022013B26930023D8F74F
:107E300017FB002800D1A9E100220E980F99B74B3B
:107E40002694D8F727FB00280CD10E980F99002212
:107E5000B24BD8F705FB002800D1A8E11B9BDB073C
:107E600000D4A4E13020139B2E94DB7B2E9A013AA0
:107E70002E921178994200D18AE14B1CDBB239294C
:107E800001D1139B9B7A1370269B099A9B1A0E9320
:107E90002A9B1193129B472B00D0DCE1119B0333EB
:107EA00003DB119BB34200DCFBE1109B023B109310
:107EB000119B40225C1E6B4610999B18203A0020B3
:107EC0001B782A949143412902D10F33DBB2013050
:107ED0002CA90B702B23002C03DA0124119BE41A2C
:107EE0002D234B70092C00DCCDE1372322AA9B18EF
:107EF0001293129E2000731E0A211293D8F79AFA49
:107F0000731E3031197020000A211194D8F7ACF992
:107F1000119B0400632BECDC2A2222A8B11E12184C
:107F200037200B0030340C7022AC0019834200D291
:107F3000A4E10023814203D8393322AA9B189B1B5A
:107F40002A2222A95218D3182CAA9B1A0E9A2293DD
:107F50009E18012A01DCEB0701D5189BF618802238
:107F60006F4B52002B401A4300231C921293139321
:107F70001193279B002B00D0E4E100231C9D1B9351
:107F80001B9B1C93B34200DA1C961B2322AA9B184E
:107F90001B785A1E93411C9AD3181C9302232B4022
:107FA000269302231D4202D01C9B02331C93842380
:107FB0002B40279384231D421FD1199B1C9A9C1A86
:107FC000002C1ADD3900319B5648329A01330831B2
:107FD0003860102C00DD17E37C60A4180F00329489
:107FE0003193072B09DD0B990A9830AA01F04CFF59
:107FF000002801D000F049FE33AF1B2222A95218FD
:108000001178329B002914D03A6001229B183293D8
:10801000319B7A609B1831930837072B09DD0B9948
:108020000A9830AA01F030FF002801D000F02DFEA0
:1080300033AF269A329B002A15D029AA3A60022231
:108040009B183293319B7A60013331930837072BA9
:1080500009DD0B990A9830AA01F016FF002801D01B
:1080600000F013FE33AF279B802B1FD1199B1C9A66
:108070009C1A002C1ADD3900319B2B48329A0133AF
:1080800008313860102C00DDD1E27C60A4180F00AC
:1080900032943193072B09DD0B990A9830AA01F02D
:1080A000F3FE002801D000F0F0FD33AF1B9B9C1BBA
:1080B000002C1ADD3900319B1B48329A01330831FC
:1080C0003860102C00DDC5E2A2187C6032920F00EF
:1080D0003193072B09DD0B990A9830AA01F0D4FEE1
:1080E000002801D000F0D1FD33AF329B1B93EB058C
:1080F00000D5CBE2099B7E603B601B9BF618319B51
:10810000329601333193072B00DDA3E3083701E3F7
:1081100010E8020821E80208000030400000E03FBB
:10812000FFFBFFFF44E8020834E802087822302110
:1081300029AB19705A7002231D43632E15DD0A986E
:10814000711CFCF77DFD0990002813D10B9B9A89C7
:10815000402313430B9A93810B9B9B895B0601D5AC
:10816000FFF7EAFB1A985DB0F0BD00230C9343AB18
:10817000099301E6099B0C93FEE506260C90FBE5AE
:10818000169B179C1E931F94002306E6269B29E648
:1081900010706BE618700133CA1AFBD5119A0023D0
:1081A000013201DB119B0133E31826936CE6119A2F
:1081B000230030201119EFE7129A34000323462AD6
:1081C00005D01400453C62425441013B34192EAAAB
:1081D00004922BAA03922AAA029200930A981E9A4A
:1081E0001F9B019401F062F8129B0990472B19D153
:1081F000EB0701D42E9B48E6099B1B190E93002226
:108200001E981F990023D8F72BF9002801D00E9B48
:108210002E9330222E9B0E999942EBD9591C2E9108
:108220001A70F7E7099B1B190E93129B462BE6D198
:10823000099B1B78302B0AD11E981F99002200231E
:10824000D8F70EF9002802D101231B1B2A932A9B81
:108250000E9AD318D2E7129B462B00D028E60122B3
:108260002B00119913403343002929DD002B42D004
:10827000189A8B18F618662310932DE01C7801339A
:108280001470013252E62A2222ABD218002804D1FF
:1082900030232B228B7022ABD2183034531C147035
:1082A00052E6119B0E9A93420FDA0E9B189A9E1873
:1082B00067231093119B002B0EDCF61A01360BE09E
:1082C000002B1AD0189B0133D4E76723119E10931B
:1082D000EB0701D5189AB61880232A00DB001A4054
:1082E0001392002212921D4200D142E6119B93424A
:1082F00025DC13923DE6119EBDE766231600109320
:10830000EAE7119A93420FDAD31A1193149B5B7820
:10831000002B10D0139B01331393149B0133149340
:10832000149B1B78FF2BECD1129A139B9B181D9A60
:1083300053439E191DE6129B01331293F0E7129BE3
:108340001393EDE71B2322AA9B182D221A7014E623
:10835000AB0609D523681A9A1A60D2175A600434FA
:10836000159B0993FFF701FBEB0603D523681A9AC7
:108370001A60F4E76B0603D523681A9A1A80EEE7B1
:10838000AD05F3D523681A9A1A70E8E710231D4348
:108390002023280018401D420FD0193B07349C436E
:1083A000220018CA069307940D920020B34B1D407B
:1083B0001B2222AB0021D2183EE4220008CA290069
:1083C0000D9210221140154202D006930790ECE75F
:1083D000402228001040154203D09BB2069307911B
:1083E000E3E780222900920011401542F6D0DBB26B
:1083F000EBE7230004CBA2490D930023069229AAA0
:108400000793118002339F4A18001D43763323924D
:108410001093CDE7230004CB00240D931B23099276
:1084200022AA9B181C70731C0DD0320021000998E1
:1084300000F0C4FD0C90A04200D1E2E0099A861A37
:1084400023000C945BE40998D7F768FE0600F7E771
:1084500010231D432023280018401D4209D0193B3A
:1084600007349C43220018CA069307940D920120FA
:108470009EE7230004CB29000D93102319401D42D1
:1084800002D006920790F2E74023280018401D42D0
:1084900003D093B206930791E9E7802329009B005C
:1084A00019401D4202D0D3B20693EBE70692F2E7E1
:1084B000754BFFF7F5FA230004CB29000D93102329
:1084C00019401D4203D006920790FFF7F9FA4023A6
:1084D000280018401D4204D093B206930791FFF77D
:1084E000EFFA802329009B0019401D4202D0D3B22D
:1084F0000693E9E70692F1E7079B002B0CD1069B58
:10850000092B09D8069B3033DBB2E72222A9521887
:108510001370099200F01BFC00230E938023DB00F4
:1085200023405CAD0C930A22069807990023D8F7E4
:1085300009F86B1E303209931A700E9B11900133AB
:108540000E930C9B1291002B1DD0149B0E9A1B783E
:108550009A4218D1FF2A16D0079B002B02D1069B06
:10856000092B10D9099B1D9A21999B1A1800099370
:10857000FDF7ADFF0022149B0E925B785A1E9341CB
:10858000149AD3181493079B002B03D1069B092B35
:1085900000D8DCE3119B099D0693129B0793C2E769
:1085A0000F20099B239A013B0993069B0340D35C50
:1085B000099A1370079B1907069B1A09079B114319
:1085C0001B0907930B00079A06911343E9D1BEE3F9
:1085D0005CAB0993002800D0B9E3ED0700D4B6E303
:1085E000302392E7109B002B00D16FE3109A1B21E0
:1085F00043AB1A70002222A809180A700D94FFF7E5
:10860000F8FA0C9BFFF77BFB10201218786032926F
:108610003193072B08DD0B990A9830AA01F034FC3E
:10862000002800D031E333A90F00103CCAE4102029
:108630001218786032923193072B08DD0B990A9853
:1086400030AA01F021FC002800D01EE333A90F005E
:10865000103C10E510201218786032923193072BED
:1086600008DD0B990A9830AA01F00EFC002800D012
:108670000BE333A90F00103C1CE5C046FFFBFFFFD6
:108680003078000010E8020821E80208109B652BF2
:1086900000DC4AE21698179900220023D7F7E0FE83
:1086A000002878D0CA4B1B9E3B6001237B60F618E4
:1086B000319B3296013331930837072B08DD0B9934
:1086C0000A9830AA01F0E0FB002800D0DDE233AFC9
:1086D0002A9B0E9A934201DBEB071BD5209B189A2D
:1086E0003B60189B7B60329B08379B183293319B11
:1086F00001333193072B08DD0B990A9830AA01F05A
:10870000C3FB002800D0C0E233AF0E9B10265C1ED6
:10871000002C2FDC6D0700D59AE2199B1C9A93421E
:1087200000DA13001A9AD3181A93329B002B07D041
:108730000B990A9830AA01F0A7FB002800D0A4E208
:10874000002331930C9B002B00D0BAE20D9C33AF79
:1087500006E610327E6032923193072B08DD0B99CA
:108760000A9830AA01F090FB002800D08DE233A9CE
:108770000F00103C3900319B9648329A0133083182
:108780003860102CE5DC7C60A4180F003294319323
:10879000072BBFDD5EE02A9B002B77DC8C4B1B9EFA
:1087A0003B6001237B60F618319B32960133319395
:1087B0000837072B08DD0B990A9830AA01F064FBF3
:1087C000002800D061E233AF0E992A9B329A0B4306
:1087D000012129400B439DD0209B3B60189B7B606F
:1087E0009A18319B3292013331930837072B08DDF9
:1087F0000B990A9830AA01F047FB002800D044E208
:1088000033AF2A9C002C18DA644238003199714A3F
:10881000329E013108370260102C25DC4460A41917
:1088200032943191072908DD0B990A9830AA01F09A
:108830002BFB002800D028E233AF099B329A3B6023
:108840000E9BD2183292319A7B6001323192072A04
:1088500000DC5BE40B990A9830AA01F015FB0028B4
:1088600000D012E233AF55E71023F618436032967A
:108870003191072908DD0B990A9830AA01F004FB11
:10888000002800D001E233AF103CBEE70E9A099BEE
:108890009446119C63441093944200DD1400002C14
:1088A00014DD099B7C603B601B9B0837E618319BFD
:1088B000329601333193072B08DD0B990A9830AAC1
:1088C00001F0E2FA002800D0DFE133AFE343DB1729
:1088D0001C40119B10261C1B002C00DD8DE0119A02
:1088E000099B9446634409936B050CD5139B002B9D
:1088F00000D09DE0129B002B00D09CE0099B109AB9
:10890000934200D909922A9B0E9A934201DBEB070E
:1089100016D5209B189A3B60189B7B60329B0837CA
:108920009B183293319B01333193072B08DD0B9950
:108930000A9830AA01F0A8FA002800D0A5E133AFC8
:10894000099A109B2A9E9B1A0E9A961B9E4200DD46
:108950001E00329B002E13DDF3183293319B099ACF
:1089600001333A607E6031930837072B08DD0B999D
:108970000A9830AA01F088FA002800D085E133AFC8
:108980000E9B2A9C1C1BF343DB171E40A41B1026C6
:10899000002C00DCBEE63900319B0E48329A0133D0
:1089A00008313860102C00DCEDE610327E60329227
:1089B0003193072B08DD0B990A9830AA01F064FA6D
:1089C000002800D061E133A90F00103CE3E7C04666
:1089D00032E8020834E8020810327E6032923193A5
:1089E000072B08DD0B990A9830AA01F04DFA0028F0
:1089F00000D04AE133A90F00103C3900319BB9483F
:108A0000329A013308313860102CE5DC7C60A41800
:108A10000F0032943193072B00DC60E70B990A9822
:108A200030AA01F031FA002800D02EE133AF56E72A
:108A3000129B002B5FD0129B013B1293219B1D9A2E
:108A40003B601D9B7B60329B08379B183293319BA8
:108A500001333193072B08DD0B990A9830AA01F0F6
:108A600013FA002800D010E133AF099A109B9B1A2B
:108A7000149A16789E4200DD1E00329B002E13DDF4
:108A8000F3183293319B099A01333A607E60319337
:108A90000837072B08DD0B990A9830AA01F0F4F982
:108AA000002800D0F1E033AF149B1C78F343DB17B0
:108AB0001E40A41B002C18DD3900319B8948329AD6
:108AC000013308313860102C1CDC7C60A4180F00C6
:108AD00032943193072B08DD0B990A9830AA01F0E4
:108AE000D3F9002800D0D0E033AF149B099A1B784B
:108AF000D3180993FAE6149B013B1493139B013B93
:108B000013939BE710201218786032923193072B51
:108B100008DD0B990A9830AA01F0B6F9002800D0B8
:108B2000B3E033A90F00103CC6E73C001B9E319B0D
:108B30000E9A013601330834012A03DC0122154262
:108B400000D180E0099A32963A60012231937A602E
:108B5000072B08DD0B990A9830AA01F095F9002837
:108B600000D092E033AC209B189A2360189B63607E
:108B7000329B08349B183293319B01333193072B7E
:108B800007DD0B990A9830AA01F07EF900287CD104
:108B900033AC319B00221698179910930E9B329E8E
:108BA0005F1E0023D7F75CFC002826D1099B109A92
:108BB000013323600E9B013E0132F6186760329646
:108BC00031920834072A07DD0B990A9830AA01F080
:108BD0005BF9002859D133AC2CAB2360229B229A3D
:108BE0006360329B9B183293319B01333193072B87
:108BF00000DD2FE6083427008CE50E9B1026012BA4
:108C0000EADD2100319B3748329A01330831206078
:108C1000102F07DC67600C00BA1832923193072BD3
:108C2000DADDD1E71032666032923193072B07DD2F
:108C30000B990A9830AA01F027F9002825D133A909
:108C40000C00103FDDE70999329606C73193E6E73D
:108C5000199B1C9A10259C1A002C00DC5DE5319BA9
:108C60002149329A01333960102C19DC12197C60C9
:108C700032923193072B00DC4FE50B990A9830AA0A
:108C800001F002F9002800D147E50C9B002B01D12F
:108C9000FFF762FA19000A98FDF786FDFFF75CFA04
:108CA00010327D60329231930837072B07DD0B9924
:108CB0000A9830AA01F0E8F80028E6D133AF103C5A
:108CC000CDE70C990A98FDF76FFD3FE5329B002B2D
:108CD00001D1FFF741FA0B990A9830AA01F0D4F8B4
:108CE000FFF73AFA34E8020844E802082C00002AA8
:108CF00001D1FEF7B4FF012801D1FFF7FDFB5CAB0A
:108D00000993022800D14BE4099A07211300013B83
:108D10000993069B0B40099930330B70079949075B
:108D20008C4665460699C80807990543C908079106
:108D30002900079806950143E6D1E10707D5302BB6
:108D400005D03021099B013B1970931E0993099AA4
:108D50005CAB1B969E1A002325000C931293139371
:108D60001193FFF70DF9C04670B505000C1E19D020
:108D7000002804D0436B002B01D1FDF78DFA636E00
:108D8000DB0705D4A3899B0502D4A06DFDF77EFC0B
:108D90000C22A35E002B08D1636EDB0702D4A06D0A
:108DA000FDF775FC0026300070BD2100280000F0A2
:108DB00037F8E36A0600002B06D02800E1699847DF
:108DC000002801DA01267642A3891B0603D5280074
:108DD0002169FDF7E9FC216B002908D0230040330D
:108DE000994202D02800FDF7DFFC00232363616C69
:108DF000002904D02800FDF7D7FC00236364FDF7A9
:108E00003BFA0023A381636EDB0702D4A06DFDF75C
:108E10003EFCA06DFDF739FCFDF736FAC3E7000014
:108E2000F7B50C228B5E05000C001A075ED4802279
:108E300012011A438A814A68002A02DCCA6B002A9E
:108E400052DDA76A002F4FD0002280202E682A60B2
:108E50001A004001E1690240034237D0226DA38924
:108E60005B0706D56368D21A236B002B01D0E36B36
:108E7000D21A00232800A76AE169B847431C06D12B
:108E80002A681D2A4AD82C4B1341DB0746D40C22F2
:108E9000A35E2A4A1A40A2810022626022692260EF
:108EA000DB0405D5431C02D12B68002B00D12065C3
:108EB000216B2E60002917D023004033994202D045
:108EC0002800FDF771FC002323630DE00123280037
:108ED000B8470200431CC2D12B68002BBFD01D2B0A
:108EE00001D0162B1AD12E6000201EE00E69002E34
:108EF000FAD00F680E60BA1B019200229B0700D1C6
:108F00004A69A260019B002BEEDD636A32001F00FC
:108F10002800019BE169B847002807DC40230120B5
:108F2000A289404213431BB2A381FEBD019B3618A8
:108F30001B1A0193E6E7C046FEFFBFDFFFF7FFFF06
:108F400070B505000C00002804D0436B002B01D144
:108F5000FDF7A2F90C22A35E1E1E15D0626ED20789
:108F600004D49B0502D4A06DFDF790FB21002800DE
:108F7000FFF756FF636E0600DB0705D4A3899B0548
:108F800002D4A06DFDF783FB300070BD0048704730
:108F9000CC0A002070B5074C074D641BA410002CB0
:108FA00002D102F01DF970BD013CA300EB589847B7
:108FB000F5E7C0462CE9020828E90208C9B2821880
:108FC000904201D10020704703788B42FBD00130E2
:108FD000F6E7000070B5140000252560104D4B0029
:108FE0000A005B08AB421AD81D00054317D00D4D8F
:108FF000294209D100220C4BD9F716F936250A006F
:109000004B006D425B082560084D1B155B192568F8
:10901000EB182360064B1A40064B1343190070BD32
:10902000FFFFEF7F0000F07F0000504302FCFFFFD6
:10903000FFFF0F800000E03FF7B51C4F04003868C9
:10904000160001930091FDF721FB194A1368002BCC
:1090500001D1184B13605A6838681F2A04DDFDF7E8
:1090600016FB01204042FEBD002C14D0910059187F
:109070000F0088373E6001271E0097408536FF3677
:109080007568FC313D437560019DCD60022C02D1B5
:10909000B1683943B160511C5960023200999200A5
:1090A000D150FDF7F4FA0020DDE7C046700C002037
:1090B000709F0120749F01207FB514001A00094B96
:1090C00005001B680E00D868074B002C01D1074B28
:1090D0001C000749019302942B00009600F0C4FE87
:1090E00001F0D9FE480B002054E802088FE802087E
:1090F00061E80208F8B500240B0C160CA34233D12A
:10910000A64221D18BB291B25943FBF799FD051EBE
:1091100032D00300083B5A6803239A43043A242AB6
:1091200032D80300132A0AD90460446008331B2A8A
:1091300005D98460C460242A21D0030010330022A2
:109140001A605A609A6018E0331C0D1C89B292B202
:109150009BB24A43ADB25D43110C69180B0C07D1A9
:10916000090492B21143D0E7002E01D1151CEDE79E
:10917000FDF760FA0C23036000252800F8BD03000A
:10918000046118334461DAE70021FDF76CF9F4E774
:10919000F0B502690F6987B006000B00002002914C
:1091A000BA426DDB013FBC00143305931B190393D6
:1091B000330014331C19019323680493039B049810
:1091C0001D6801352900D6F7C5FF049B0090AB420E
:1091D0002BD3059B019D9C46002305930493624677
:1091E00008CA28689446009A99B25143059A1B0C04
:1091F0008918009A53430A0C9B181A0C89B20592DD
:1092000082B2521A0499000C52189BB21114C31A5C
:109210005B18191492B21B041A43039B049104C5F2
:109220006345DCD22368002B30D030000299FEF772
:1092300063F9002823DB340000250299143414312B
:10924000236801C902936B461B8982B29A1A029B5A
:109250005219000C1B0C1B1A10141B181D1492B26F
:109260001B041A43039B04C48B42E9D2019ABB003E
:10927000D3181A68002A13D0009B0133009300987A
:1092800007B0F0BD2368002B04D1013F019B043CD3
:10929000A342F7D33761C8E71A68002A04D1013F17
:1092A000019A043B9A42F7D33761E5E7F0B5140021
:1092B0001D00816B9DB00A940B95259E039000299B
:1092C00009D00123C26B93404A608B60FDF7B2FE68
:1092D0000023039A9363002D1EDA012333606B0091
:1092E0005B080B930B9FB64BB54A3B40934216D19C
:1092F000B44B249A13603B031B0B234301D100F0B2
:1093000085FDB14B269A0893002A02D0AF4B269ACE
:10931000136008981DB0F0BD00233360E2E70A9A9D
:109320000B9B129213931298139900220023D7F7E4
:1093300097F8061E0BD00123249A1360269B002B5E
:1093400002D0A34B269A1360A24B0893E1E71AAB15
:1093500001931BAB00930398129A139BFEF7EEF94F
:109360007A000590520D00D17BE0139B18961903EB
:10937000994B090B0B4399495718129813991900E7
:109380000022974BD9F718FA964A974BD8F74CFF1B
:10939000964A974BD7F7A0FF040038000D00D9F785
:1093A00005FE944A944BD8F73FFF02000B002000C3
:1093B0002900D7F791FF04000D00D9F7BBFD00226B
:1093C0000490002320002900D7F750F800280BD084
:1093D0000498D9F7EBFD2B002200D7F741F8434260
:1093E0005841049B1B1A049301231593049B162BCD
:1093F00010D812981399049A804BD2009B181A68BF
:109400005B68D7F733F8002847D0049B013B0493EF
:109410000023159300221A9B0692DB1B5A1E3ED591
:109420000122D31A069300230D93049B002B38DBF3
:10943000049A0D9B944663440D93002314920F935A
:10944000229B0124092B67D8052B02DD0024043B55
:109450002293229B981E032867D8D6F767FE2B3AE3
:10946000385B1B9B1A9EF618654BF218202A0FDDFD
:1094700040239B1A9F40634B3800F318DC40204385
:10948000D9F7C2FD0122604B771ECB18189276E700
:10949000202320009B1A9840F2E71590BAE70D921E
:1094A000C3E7069B049A9B1A069353420F9300232B
:1094B0001493C5E700231093239B0E930993002B6D
:1094C00013DC01231A000E93099323920DE001236C
:1094D000F1E70023239A10939446049B63440E9370
:1094E00001330993002B00DC01230021042210002A
:1094F000143098421DD9039B1800D963FDF772FD03
:109500000890002818D1B021404B4148089AFF31FB
:10951000FFF7D2FD0123DDE7002310942293013BE6
:109520000E93099300221333CFE701231093023BDC
:10953000F6E701315200DAE7039B089A9A63099B28
:109540000E2B00D9D7E0002C00D1D4E0049B002BD7
:1095500062DD0F21049A294B0A40D2009B181E6835
:109560005F68049B02241D11DB050AD5294B0D40C1
:109570001A6A5B6A12981399D8F712FA0A900B913B
:109580000134244B0C93002D08D10A980B9932001A
:109590003B00D8F705FA0A900B9158E001231D42D1
:1095A00009D0E4180C9B30001A685B683900D8F7C2
:1095B0003BFE06000F000C9B6D100833E2E7C0462F
:1095C0000000F07F0F27000099E802089CE80208DD
:1095D00033E8020832E802080000F03F01FCFFFF18
:1095E0000000F83F61436F63A787D23FB3C8608B29
:1095F000288AC63FFB799F501344D33F38E70208BF
:109600003204000012040000000010FE39E60208D7
:109610009DE8020810E70208049B0224002B16D0E4
:10962000129813990F225D422A40C34BD2009B1817
:109630001A685B68D8F7F8FD012700230A900B91A0
:10964000BE4E2D11002D00D0BAE0002BA3D10A9EF2
:109650000B9F159B002B00D1BDE00022300039008C
:10966000B74BD6F703FF002800D1B4E0099B002BCD
:1096700000D1B0E00E9B002B39DD049B0022013BA2
:109680000C933000AF4B3900D8F7CEFD0A900B9108
:109690000E9B013420001193D9F788FC0A9A0B9B8A
:1096A000D8F7C2FDA84B0022D7F716FEA74B06003D
:1096B000CF18119B002B00D091E00A980B99002243
:1096C000A34BD9F779F832003B0004000D00D6F720
:1096D000E1FE002800D0A1E2802109067B183200BB
:1096E00020002900D6F7C2FE002800D044E1129BDA
:1096F000139C0A930B941B9B002B00DA7BE1049ACA
:109700000E2A00DD77E18C4BD2009B185C681B6849
:1097100006930794239B002B03DA099B002B00DCA4
:109720001AE10A9E0B9F099B089D013B5B190A9356
:10973000069A079B30003900D8F732F9D9F7FAFBBF
:109740000990D9F733FC069A079BD8F76DFD020004
:109750000B0030003900D9F72FF82B00099A01359A
:1097600030321A700A9A2C009A4200D035E1020079
:109770000B00D7F7B1FD069A079B06000F00D6F73E
:1097800089FE002800D013E1069A079B30003900BB
:10979000D6F766FE002803D0099BDD0700D507E158
:1097A00005990398FDF746FC00232370049B249A37
:1097B00001331360269B002B00D1AAE51C60A8E5AD
:1097C0003D4205D032687368D8F72EFD3B00013466
:1097D0006D10083636E7049B0C93099B5AE7119AE3
:1097E000554B013AD20010999B181A685B68002902
:1097F00050D000205749D8F7D3F832003B00D8F7B3
:10980000DBFF089A060094460F00089B1693119BF5
:10981000634411930A980B99D9F78CFB0500D9F78B
:10982000C5FB02000B000A980B99D8F7C5FF169BE1
:1098300030350A900B9102005C1C1D7030000B004B
:109840003900D6F727FE00286CD10A9A0B9B00201E
:109850003B49D8F7B1FF02000B0030003900D6F7C2
:1098600019FE002800D0A5E0119BA34200D13EE7DD
:10987000002230003900334BD8F7D6FC0022060016
:109880000F000A980B992F4BD8F7CEFC16940A902C
:109890000B91BFE730003900D8F7C6FC089D119A3C
:1098A0002B00944616901791634419930A980B99CC
:1098B000D9F740FB0400D9F779FB0B0002000A98A6
:1098C0000B99D8F779FF3034199B2C7001350600BD
:1098D0000F00AB4229D116981799089B119C9C4602
:1098E00000221C4B6444D7F7F7FC02000B00300049
:1098F0003900D6F7CFFD00285CD1169A179B0020BF
:109900001449D8F759FF02000B0030003900D6F790
:10991000ADFD002800D1EAE62300013C2278302A80
:10992000FAD01C000C9B04933AE70022054BD8F7B1
:109930007BFC0A900B91B9E738E7020810E70208B0
:109940000000F03F0000244000001C400000C0FC6C
:10995000000014400000E03F099B002B0CD106984A
:1099600007990022BE4BD8F75FFC0A9A0B9BD6F7EB
:109970009BFD002800D154E100263700239B089C62
:10998000DB430C930023049331000398FDF752FB53
:10999000002FC7D0049B002B05D0BB4203D0190079
:1099A0000398FDF747FB39000398FDF743FBB9E740
:1099B000049B0C9323001C00013B1A78392A08D120
:1099C000089A9A42F7D10C9A089901320C923022E7
:1099D0000A701A7801321A70A4E70022A14BD8F756
:1099E00023FC0022002306000F00D6F739FD0028D3
:1099F00000D19DE6D4E6109F0F9D069C002F14D049
:109A0000229A012A00DDC8E0189A002A00D1BEE09F
:109A1000954A9B18069A0121D21806920D9A03982E
:109A2000D3180D93FDF7F0FB0700002C0ED00D9B13
:109A3000002B0BDD0D9A2300944200DD1300069AE3
:109A4000E41AD21A06920D9AD31A0D930F9B002B8B
:109A50001FD0109B002B00D1B5E0002D10D0390095
:109A60002A000398FDF79AFC059A01000700039865
:109A7000FDF7E2FB060005990398FDF7DBFA059672
:109A80000F9B5A1BAB4204D005990398FDF786FC47
:109A9000059001210398FDF7B7FB149B0600002BEE
:109AA00000D1BDE11A0001000398FDF777FC229B6D
:109AB00006000025012B16DC00250A9BAB420ED1C7
:109AC0000B9B1B03AB420AD1684B0B9A134206D087
:109AD000069B0135013306930D9B01330D93149BB7
:109AE0000120002B08D0336903339B00F31858681A
:109AF000FDF73AFB2023181A0D9B181802001F23AC
:109B00001A40184265D001339B1A042B5DDD1C23DB
:109B10009B1A069AE418D21806920D9AD3180D9340
:109B2000069B002B05DD1A0005990398FDF778FCCC
:109B300005900D9B002B05DD31001A000398FDF701
:109B40006FFC0600159B002B45D031000598FDF7F2
:109B5000D3FC00283FDA049B0A22013B0C930599B1
:109B600000230398FDF770FA109B0590002B00D19D
:109B70005DE1002339000A220398FDF765FA0E9B88
:109B80000700002B55DC229B022B2DDC51E03623F5
:109B90001A9A0F9D069C9B1A3CE7099B5D1E0F9B22
:109BA000AB4208DB5D1B099B069C002B00DB31E709
:109BB000E41A00232EE70F9B149AEB1AD3180F9583
:109BC00014930025EFE70F9A5EE7042BA8D01C330F
:109BD0009FE71300FBE7049B0C93099B0E93002B5C
:109BE00023DC229B022B20DD0E9B002B00D0C5E640
:109BF000310005220398FDF727FA060001000598B9
:109C0000FDF77AFC002800DCB8E6089B089A5C1C8B
:109C1000312313700C9B01330C93B3E6119E370074
:109C2000F3E7049B099E0C93F9E7109B002B00D1EE
:109C300001E1002C05DD390022000398FDF7F0FB5F
:109C400007003800002D26D079680398FDF7CAF97F
:109C5000041E13D12200064B0648074958E4C046AB
:109C60000000144000002440330400000000F07F96
:109C700039E602089DE80208EF02000039003A695F
:109C80000C31023292000C30FCF715FD012221004C
:109C90000398FDF7C5FB089B0E9A0693013B9B18A2
:109CA0000122049707000F930A9B13400E93310083
:109CB0000598FFF76DFA049905000A900598FDF7DD
:109CC0001BFC3A000D9031000398FDF731FC012296
:109CD000C368040030350992002B04D101000598B7
:109CE000FDF70AFC099021000398FDF7A3F9069BF4
:109CF000099A5C1C229B13430E9A134309D1392DF8
:109D000022D00D9B002B01DD0A9D3135069B1D7075
:109D10003AE60D9B002B04DB229A13430E9A134361
:109D20001ED1099B002BF1DD059901220398FDF757
:109D300077FB31000590FDF7DFFB002802DCE5D161
:109D4000EB07E3D5392DDFD13923069A13702300B1
:109D50001C00013B1A78392A4FD001321A7013E6E1
:109D6000099B002B03DD392DEED00135CEE7069B94
:109D7000069A1D700F9B93422AD000230A22059950
:109D80000398FDF761F9049B0590BB4209D10023BC
:109D90000A2204990398FDF757F9049007000694E6
:109DA00085E7049900230A220398FDF74DF9002363
:109DB00004900A2239000398FDF746F9EEE70E9B5E
:109DC0000124002B00DD1C00089B1C1900230493B8
:109DD000059901220398FDF723FB31000590FDF75B
:109DE0008BFB0028B3DC01D1ED07B0D423001C00AD
:109DF000013B1A78302AFAD0C6E5089A9A42A7D1D0
:109E00000C9B01330C9331231370BDE5144B269A40
:109E10000893144B002A01D0FFF779FAFFF779FA7B
:109E2000229B012B00DC47E60120149D64E60E9B7B
:109E3000002B00DCD5E6002431000598FFF7A8F9D7
:109E4000089B303018550E9B013405009C42B6DA51
:109E500000230A2205990398FDF7F6F80590EBE731
:109E600090E8020898E802080EB417B5054C05AB57
:109E700004CB01002068019300F0C0F81EBC08BCB0
:109E800003B01847480B0020F0B5136887B01700DF
:109E90000393936800220C001600059002929342EF
:109EA0000BD1002000237B6007B0F0BD039B1B6833
:109EB0000293039B5E6808330393A5682368002E12
:109EC000F4D0AE4232D30C21625E9021C9000A4226
:109ED0002CD0032021695B1A049363694343D80F94
:109EE000C3185B100193049B019801339B198342B3
:109EF00000D90193520530D501990598FAF7A0FED3
:109F0000051E34D0049A2169FCF7D5FBA2891E4BAB
:109F10001A4080231343A381049B2561ED1825601B
:109F20003500019B049A63619B1AA360B54200D976
:109F300035002A0002992068FCF782FAA3685B1BAF
:109F4000A36023685B192360029B9B190293BB6883
:109F50009B1BBB60A5D00026AFE7019A0598FBF7D5
:109F6000B3F8051ED8D121690598FCF71DFC0C2318
:109F7000059A01201360A28934331343A38100237F
:109F80004042BB608EE7C0467FFBFFFFF0B59368A1
:109F900085B001900D001400181E08D04B6E9B0474
:109FA00027D51668A068002805D10023A3600023E8
:109FB000636005B0F0BD00273368029373680093B7
:109FC0009B080393039BBB4208DC0323009A0836DB
:109FD0009A431300A268D31AA360E3E70299BB0077
:109FE000C9582A00019800F02DFF431CDDD001372D
:109FF000E8E7019800F030FDD7E70000F0B5C1B008
:10A000001C001D00069004910792002804D0436BA9
:10A01000002B01D1FCF740F9049B5B6EDB0707D4F2
:10A02000049B9B899B0503D4049B986DFCF72EFB36
:10A03000049B0C229A5E80239B011A4207D1134392
:10A04000049A9381536EA74A1340049A5366049B63
:10A050009B891B0703D5049B1B69002B18D104990E
:10A06000069800F053FE002812D0049B5B6EDB07BD
:10A0700005D501235B420893089841B0F0BD049BCD
:10A080009B899B05F5D4049B986DFCF700FBF0E7DA
:10A09000049B0C229B5E1A221A400A2A16D1049AAB
:10A0A0000E21525E002A11DB049A526ED20705D4AB
:10A0B0009B0503D4049B986DFCF7E9FA2300079AEB
:10A0C0000499069800F084FC0890D5E7002317AEA9
:10A0D00014961693159303960C930D930E930F936A
:10A0E0000893079C2378002B02D0252B00D087E013
:10A0F000079BE71A9C4210D0039A1360169B576087
:10A10000DB191693159B01331593072B7ADC13008B
:10A1100008330393089BDB1908932378002B01D1A4
:10A1200000F011FC002212A9CA700121631C140066
:10A130004942059109925A1C1B7807921800203851
:10A140005A2800D95CE3D5F7FBFFA0005B035B0353
:10A15000A9005B035B035B0385005B035B03AB0050
:10A16000B3005B03B100B7005B03DC00DE00DE0080
:10A17000DE00DE00DE00DE00DE00DE00DE005B036F
:10A180005B035B035B035B035B035B035B035B03DF
:10A190000601EA015B035B035B035B035B035B0399
:10A1A0005B035B035B035B0341025B035B035B03DA
:10A1B0007A025B0394025B035B03C2025B035B03F3
:10A1C0005B035B035B035B035B035B035B035B039F
:10A1D0000601EC015B035B035B03EF00EC01020192
:10A1E0005B03FB005B03260243026E0202015B037A
:10A1F0007A02A70096025B035B0367005B03A7007C
:10A2000001346FE70499069814AAFFF7BFFE0028EF
:10A2100000D073E317AB7CE7334A20000C92202276
:10A220001040144200D154E2193A0735954306CD47
:10A2300000910192E20709D5009A01990A4305D0DD
:10A2400013AA30215370022311701C43274B1C406A
:10A250000223CBE10698FEF799FE436818000F939E
:10A26000D5F75CFF0E900698FEF790FE83680D937D
:10A270000E9B002B10D00D9B002B0DD01B78002BBC
:10A280000AD08023DB001C4306E012ABDA780333EC
:10A29000002A01D120321A70079B4CE70123F2E714
:10A2A00008CD0993002BF7DA5B4209930423EAE710
:10A2B0002B2212ABDA70EFE7079B5A1C1B782A2B74
:10A2C00016D000210A20059119003039079209297A
:10A2D00000D933E7059B43435B180593137801329C
:10A2E000F2E7C046FFDFFFFF10E80208FFFBFFFFB9
:10A2F00008CD0593002B02DA01235B4205930792F8
:10A30000CAE78023BFE70021079A09910A3109981B
:10A31000303B48431B18099313780132180030383A
:10A320000928F4D9079209E7079B1B78682B05D108
:10A33000079B0133079380239B00A4E74023A2E7F8
:10A34000079B1B786C2B04D1079B013307932023B9
:10A3500099E7102397E704CD27AB1A70002212A9C2
:10A36000CA7001211E0005910B920B9B059A0A935E
:10A37000934200DA0A9212AB03331B785A1E9341C0
:10A380000A9AD3180A9302232340109302231C42F3
:10A3900002D00A9B02330A93842322001A401192AE
:10A3A0001C4221D1099B0A9A9F1A002F1CDD169B83
:10A3B00003999C46CB48159B039A013308311060E2
:10A3C000102F00DD29E2576067441697159303911B
:10A3D000072B09DD0499069814AAFFF7D7FD00287A
:10A3E00000D08BE217AB039312A9C878169A159B7D
:10A3F000033100280DD00398013301600121521868
:10A40000416016921593072B00DD19E20300083313
:10A4100003931099169A159B00290ED0039813A93F
:10A420000160022101335218416016921593072BE7
:10A4300000DD0EE2030008330393119B802B21D132
:10A44000099B0A9A9F1A002F1CDD169B03999C46B4
:10A45000A548159B039A013308311060102F00DDC9
:10A4600000E257606744169715930391072B09DDA7
:10A470000499069814AAFFF789FD002800D03DE250
:10A4800017AB03930B9B059A9F1A002F1CDD169B9D
:10A4900003999C469448159B039A01330831106038
:10A4A000102F00DDF1E15760674416971593039173
:10A4B000072B09DD0499069814AAFFF767FD002809
:10A4C00000D01BE217AB0393039A059B1660536001
:10A4D000169B059A9B181693159B01331593072B12
:10A4E00000DDE5E1039E0836640700D5E9E1099B3C
:10A4F0000A9A934200DA1300089AD3180893169B1D
:10A50000002B07D00499069814AAFFF73FFD0028F6
:10A5100000D0F3E10023159317AB0393E1E510237B
:10A520001C43A30628D5072307359D430CCD009275
:10A530000193019A0123002A09DA009E019F00225B
:10A540007142BA41009101922D2112AAD170019954
:10A55000009A0A430599013100D102E280212700C7
:10A560008F43002A00D000E2059A002A00D13DE185
:10A57000012B00D0FCE1D8E008CDE20603D5009322
:10A58000DB170193D5E7620601D51BB2F7E7A205F9
:10A59000F5D55BB2F3E7A30606D52B68089A1A60D7
:10A5A000D2175A6004359CE5E30603D52B68089A58
:10A5B0001A60F7E7630603D52B68089A1A80F1E75B
:10A5C000A405F3D52B68089A1A70EBE710231C43F7
:10A5D0002023200018401C420BD0193B07359D4317
:10A5E0000CCD00920193414B1C400023002112AA84
:10A5F000ACE71022210008CD1140144202D0009394
:10A600000190F0E7402220001040144203D09BB29A
:10A6100000930191E7E7802221009200114014424B
:10A62000F6D0DBB2EBE708CD31490093002313AA43
:10A630001180304A019302331C430C92D6E7002765
:10A6400008CD1E0012ABDF70059B01330CD0390022
:10A650003000059AFEF7B2FC0B90B84200D184E6B8
:10A66000831B05930B9780E63000D5F757FD0590C7
:10A67000F8E710231C432023200018401C4207D079
:10A68000193B07359D430CCD009201930123ADE7A3
:10A690001023210004CD19401C4203D000920190E8
:10A6A0000F3BA3E74023200018401C4203D093B285
:10A6B00000930191EAE7802321009B0019401C428E
:10A6C00003D0D3B200930190E0E70092F1E70A4A89
:10A6D000A3E51021270004CD0F400C420ED00092BC
:10A6E0000190A7E505E90208F5E80208FFFBFFFF76
:10A6F0003078000010E8020821E80208402120001C
:10A7000008400C4203D092B20092019792E580215A
:10A71000270089000F400C42F6D0D2B2DFE7019B40
:10A72000002B0BD1009B092B08D8009B3033DBB2E8
:10A73000B72212A952181600137040E140AB1E0058
:10A7400080230024DB003B400A930A2200980199F1
:10A750000023D5F7F7FE33003032013B1E001A709C
:10A760000A9B0B9010910134002B1AD00D9B1B7883
:10A77000A34216D1FF2C14D0019B002B02D1009BC9
:10A78000092B0ED90E9A0F99B31A18001E00FBF769
:10A790009EFE0D9B00245B785A1E93410D9AD318A0
:10A7A0000D93019B002B03D1009B092B00D806E1E0
:10A7B0000B9B0093109B0193C7E740AB1E000F203B
:10A7C0003300013B1E00009B0C9A0340D35C3370A6
:10A7D000019B1907009B1A09019B11431B09019357
:10A7E0000B00019A00911343EAD1E8E040AA160059
:10A7F000002B00D0E3E0E40700D4E0E0303397E73B
:10A80000002B00D19FE027AA1370002312A9CB7060
:10A810000121160005910B93A7E5102050606246B8
:10A82000121816921593072B07DD0499069814AA9F
:10A83000FFF7ACFB002861D117A9103F0391B6E5E3
:10A840000499069814AAFFF7A1FB002856D117AB6C
:10A85000DEE50499069814AAFFF798FB00284DD16D
:10A8600017ABE9E510205060624612181692159356
:10A87000072B07DD0499069814AAFFF787FB002829
:10A880003CD117A9103F0391DFE5102050606246CC
:10A89000121816921593072B07DD0499069814AA2F
:10A8A000FFF774FB002829D117A9103F0391EEE5AB
:10A8B0000499069814AAFFF769FB00281ED117AE69
:10A8C00012E6099B0A9A10279C1A002C00DC0EE65F
:10A8D00015993E4A169B01313260102C22DC7460BF
:10A8E000E41816941591072900DC00E604990698EF
:10A8F00014AAFFF74BFB002800D1F8E5049B5B6E20
:10A90000DB0707D4049B9B899B0503D4049B986DAC
:10A91000FBF7BDFE049B9B895B0601D4FFF7ACFBF4
:10A92000FFF7A7FB103377601693159108360729B8
:10A9300007DD0499069814AAFFF728FB0028DDD14B
:10A9400017AE103CC4E7169B002B02D100231593D1
:10A95000D4E70499069814AAFFF718FB0028F5D04D
:10A96000CCE72700002A00D102E6012B00D1D6E671
:10A97000022B00D121E740AB1E0007239C46330089
:10A98000013B32001E00634600990B4001993033B1
:10A990004C0700993370C80801990443C908019114
:10A9A0002100019800940143E9D1F90707D5302B24
:10A9B00005D033003021013B1970931E1E00059B0A
:10A9C0003C000B9340AB9B1B0593CEE405E90208CA
:10A9D000F0B5150002221E4C1F008B89A54493433D
:10A9E0006A4693814B6E06001993CB8916A8D381D2
:10A9F000CB690C0007934B6A09931AAB009304933D
:10AA00008023DB000293059300230693FBF73CFEB3
:10AA10002A003B0069463000FFF7F0FA051E07DB0D
:10AA200069463000FEF78CFA002801D001256D42FE
:10AA30006B469A8940231A4202D0A2891343A3810C
:10AA40001698FBF722FE2800024B9D44F0BDC0463D
:10AA500094FBFFFF6C040000F0B5936887B00C0016
:10AA600002900492002B02D1002007B0F0BD8B8928
:10AA70001B0756D50B69002B53D0049B1B68019311
:10AA80000C22A35E02221E00164013426FD1012247
:10AA900001211A400B4200D1A2E03000370003969A
:10AAA000002F00D10AE100280AD13A000A210398B8
:10AAB000FEF784FA7E1C002802D0039B0130C61AE0
:10AAC0000596BE4200D9059720682269A56863698A
:10AAD000904200D8FBE0059AED18AA4200DCF6E0AF
:10AAE00003992A00FBF7ACFC236821005B1902984C
:10AAF0002360FEF725FA00286DD10120761B05D1D1
:10AB000021000298FEF71CFA002864D1039B049AE6
:10AB10005B190393049B7F1B9B685B1B9360BFD1F6
:10AB2000A2E72100029800F0F1F80028A5D001204A
:10AB300040429AE7019B1E685D6808330193676A8B
:10AB4000E169002DF6D06E4A2B00954200D9130022
:10AB500032000298B84700283DDD049B049A9B68A8
:10AB600036181B1A2D1A9360002BE8D17CE70026BB
:10AB70003500E4E7019B1B680393019B5D68083384
:10AB800001930C22A35E2068A668002DF2D08022DB
:10AB90009200134262D0AE4237D89022D2001342C4
:10ABA00033D02169421A0320059262694243D70FCC
:10ABB000BF18059A7F1001325219BA4200D9170006
:10ABC0005B053CD539000298FAF73AF8061E0AD11F
:10ABD0000C23029A13604023A2891343A381A6E7A2
:10ABE00015000392CDE7059A2169FBF764FDA28960
:10ABF000444B1A4080231343A381059B2661F6181A
:10AC000026602E006761FF1AA7602F00AE4200D9B0
:10AC10002E00320003992068FBF712FCA3689B1BEF
:10AC2000A36023689B192360039B049ADB19039399
:10AC3000049BED1B9B68DB1B9360A2D114E73A00D9
:10AC40000298FAF741FA061ED7D121690298FBF75C
:10AC5000ABFD8022A3899343A381B9E72369834293
:10AC600002D36769AF4216D9AE4200D92E00320036
:10AC70000399FBF7E5FBA36822689B1B9219370039
:10AC8000A3602260002BCFD121000298FEF758F973
:10AC90000028C9D09FE7802328001B069D4200D3CF
:10ACA00019483900D5F7E0FA3B00666A4343039A36
:10ACB000E1690298B047071EB6DC8CE7019B0020D3
:10ACC0001B680393019B5F6808330193E8E6059ACC
:10ACD000934208DC656A039AE1690298A847051E59
:10ACE00000DD0AE777E7059A0399FBF7A9FB059AC8
:10ACF000A36815009B1AA36023689B182360FCE6D9
:10AD000000FCFF7F7FFBFFFFFFFFFF7F2D4B70B538
:10AD1000050018680C00002804D0436B002B01D1FB
:10AD2000FBF7BAFA0C23E25E130723D4D30607D449
:10AD300009232B60402301201343A38140423AE0C2
:10AD4000520713D5216B002908D0230040339942C4
:10AD500002D02800FBF728FD002323632422A389C7
:10AD60009343A38100236360236923600823A2899E
:10AD70001343A3812369002B0BD1A0218022A38937
:10AD8000890092000B40934203D02100280000F07C
:10AD9000CDF80C23E25E012113000B400A420BD0D8
:10ADA0000023A36063695B42A3610020236983429F
:10ADB00001D11306BED470BD910700D46369A360AE
:10ADC000F3E7C046480B0020F0B585B00E00140034
:10ADD0000190FBF7C7FB0500012819D1731EFE2B5C
:10ADE00016D802AB1E710027AF4221D003ABD95D4C
:10ADF000A368013BA360002B04DAA26993421ADB2B
:10AE00000A2918D023685A1C226019700137EBE711
:10AE10002300320001985C3303A900F043F80500D9
:10AE2000431CE0D14023A2891343A381012676422B
:10AE3000300005B0F0BD2200019800F0B9F80130F3
:10AE4000E4D1F3E7536E70B505000E001400DB0784
:10AE500005D493899B0502D4906DFBF717FC0C2356
:10AE6000E25E80239B011A4204D11A43A281626EE2
:10AE700013436366280022003100FFF7A5FF636ECD
:10AE80000500DB0705D4A3899B0502D4A06DFBF761
:10AE9000FEFB280070BD062010B500F005F901206A
:10AEA00000F096F97FB51D00084B04001E682B00CA
:10AEB000002901D10A0001A92000B047431C03D199
:10AEC00000232B608A33236004B070BDBC0A0020CD
:10AED00070B50E001D000E23C95E140096B0002947
:10AEE00009DAB2898023110019401A4218D180234F
:10AEF000DB00080010E06A4600F0E0F80028F0DB14
:10AF0000F02301991B021940074B8020C9184B42BE
:10AF1000594180230001DB002960236016B070BD19
:10AF200000214023E5E7C04600E0FFFFF0B5022620
:10AF30008B8905000C0085B0334207D023004333D2
:10AF4000236023610123636105B0F0BD03AB02AA56
:10AF5000FFF7BEFF029F019039002800F9F770FE4D
:10AF6000002808D10C22A35E9A05EDD40322934356
:10AF70001E43A681E2E78023A28920601343A381B8
:10AF8000039B20616761002B0CD028000E23E15E3B
:10AF900000F0A6F8002805D00323A2899A43023BBB
:10AFA0001343A381A389019A1343A381CCE7000033
:10AFB000F8B506000D001400002804D0436B002BE8
:10AFC00001D1FBF769F9A369A360A3891B0702D527
:10AFD0002369002B09D121003000FFF797FE0028DC
:10AFE00003D001256D422800F8BD0C23E25E8023CA
:10AFF0009B01EFB2EDB21A4205D11343A381134A6C
:10B00000636E1340636623692068C01A63698342D4
:10B0100005DC21003000FDF793FF0028E1D1A36893
:10B020000130013BA36023685A1C22601F706369D2
:10B03000834204D0A389DB07D5D50A2DD3D12100C3
:10B040003000FDF77DFF0028CDD0CAE7FFDFFFFF0E
:10B0500070B504000D001F2904D9162303600120D8
:10B06000404270BD0300FC33DB69002B04D08A0032
:10B070009B181A68002A08D1200000F055F82A0011
:10B080000100200000F03EF8EBE7012A09D0511C36
:10B0900003D1162303600120E3E700212800196093
:10B0A00090470020DDE7000010B5034B0100186851
:10B0B000FFF7CEFF10BDC046480B0020002370B53F
:10B0C000064D0400080011002B6000F039F8431C05
:10B0D00003D12B68002B00D0236070BD689F012036
:10B0E000002370B5064D040008002B6000F038F80E
:10B0F000431C03D12B68002B00D0236070BDC046D9
:10B10000689F0120002370B5064D0400080011005F
:10B110002B6000F02DF8431C03D12B68002B00D0CE
:10B12000236070BD689F012010B500F011F810BDBC
:10B1300058220120014B40421A607047689F01204D
:10B1400058220120014B40421A607047689F01203D
:10B1500058220120014B40421A607047689F01202D
:10B160005822024B00201A607047C046689F012099
:10B1700058220120014B40421A607047689F01200D
:10B1800058220120014B40421A607047689F0120FD
:10B1900058220120014B40421A607047689F0120ED
:10B1A000054A03001168002901D1044911601068A3
:10B1B000C31813607047C04604A1012008A10120F4
:10B1C00058220120014B40421A607047689F0120BD
:10B1D000FEE70000F8B5C046F8BC08BC9E467047C4
:10B1E000F8B5C046F8BC08BC9E4670470000000099
:10B1F00001B40248844601BC604700BF750C0020C2
:10B20000081C3044586C80000000000000004830EA
:10B210003152300050303152300048323352300019
:10B2200048323352310048323352330048303752BB
:10B2300033004830385236005030385236004830EB
:10B2400039523000483039523900483142523600C4
:10B25000483132523000483133523700483046527C
:10B2600031004830465236004830465237004831A7
:10B270004152320048304152390048314452310085
:10B280004831445235004830425234004831385237
:10B2900030004832365230004831355230004831A3
:10B2A0003052340048324152330048343152360073
:10B2B0004833425236004831385231004831465204
:10B2C0003500483342523200483231523200483160
:10B2D000375231004831355238004832425230003E
:10B2E00048303552300048334252370048324252DB
:10B2F0003100483037523800483038523700483132
:10B30000365236005030385237004831395230000A
:10B310000000000000000000000000006D6500005B
:10B32000616C6C0069660000666F72004A616E00B5
:10B33000466562004D617200417072004D61790096
:10B340004A756E004A756C00417567005365700060
:10B350004F6374004E6F7600446563004D6F6E64FA
:10B360006179000054756573646179005765646E96
:10B370006573646179000000546875727364617963
:10B3800000000000467269646179000053617475C1
:10B39000726461790000000053756E646179000089
:10B3A0000A0D54686973206D6F64756C6520776948
:10B3B0006C6C20626520666F7263656420696E74D0
:10B3C0006F20626F6F746C6F61646572206D6F6463
:10B3D000652E0A0D506C6561736520757365207468
:10B3E0006865202253544D20466C617368204C6F71
:10B3F000616465722044656D6F6E73747261746F01
:10B4000072222009090909090909092020757469AE
:10B410006C69747920746F20757064617465207430
:10B420006865206669726D776172652E0A0D0A097A
:10B430002A2A2A20496D706F7274616E74202A2A3C
:10B440002A0A0D49662074686973206D6F64756CF3
:10B450006520697320636F6E6E6563746564206434
:10B4600069726563746C7920746F20504320706C2E
:10B470006561736520636C6F736520746869732000
:10B48000706F72742066697273742E0A0D0000006A
:10B490000A0D4D6F64756C652025642077696C6CAE
:10B4A00020626520666F7263656420696E746F2028
:10B4B000626F6F746C6F61646572206D6F64652E6E
:10B4C000000000000A0D52656D6F74652075706490
:10B4D00061746520766961206D6F64756C652025E7
:10B4E000642C20706F7274205025642077696C6C16
:10B4F000206265207472696767657265642E00005A
:10B500000A0D506C656173652075736520746865FC
:10B51000202253544D20466C617368204C6F616447
:10B5200065722044656D6F6E73747261746F722200
:10B53000207574696C69747920746F20757064610A
:10B54000746520746865206669726D776172652E16
:10B5500009090909090909090909092020200A0D11
:10B560000A092A2A2A20496D706F7274616E74204C
:10B570002A2A2A0A0D2D2049662074686973206DD5
:10B580006F64756C6520697320636F6E6E6563749C
:10B590006564206469726563746C7920746F2050EF
:10B5A0004320706C6561736520636C6F73652074F4
:10B5B00068697320706F72742066697273742E0AE2
:10B5C0000D09090909090909090909092020202D7E
:10B5D00020596F75206D75737420706F77657220B8
:10B5E0006379636C652074686520656E7469726543
:10B5F0002061727261792061667465722074686579
:10B60000207570646174652069732066696E697362
:10B610006865642E0A0D00000D0A424F532E7265B4
:10B6200073706F6E73653A20616C6C2C206D65735E
:10B63000736167652C20636C692C206E6F6E650DDD
:10B640000A0000000D0A424F532E74726163653A7E
:10B6500020616C6C2C206D6573736167652C2072A2
:10B660006573706F6E73652C206E6F6E650D0A00CA
:10B67000424F532E636C6962617564726174653AFE
:10B6800020434C492062617564726174652E2044C8
:10B69000656661756C7420697320393231363030DB
:10B6A0002E20546869732061666665637473206137
:10B6B0006C6C20706F7274732E20496620796F75E0
:10B6C000206368616E676520746869732076616CB9
:10B6D00075652C202020202020202020202020796B
:10B6E0006F75206D75737420636F6E6E6563742063
:10B6F000746F206120434C4920706F7274206F6E0C
:10B700002065616368207374617274757020746F52
:10B7100020726573746F7265206F74686572206142
:10B720007272617920706F72747320696E746F2009
:10B7300064656661756C74206261756472617465BC
:10B740000D0A0000424F532E6465626F756E63658B
:10B750003A2031202E2E2E2E2E2E2E2E2E2E2E2E16
:10B76000203635353336206D7365630D0A000000D1
:10B77000424F532E73696E676C65636C69636B74BB
:10B78000696D653A2031202E2E2E2E2E203635352D
:10B790003336206D7365630D0A000000424F532E4F
:10B7A0006D696E696E746572636C69636B74696DE3
:10B7B000653A2031202E2E2E20323535206D7365CE
:10B7C000630D0A00424F532E6D6178696E74657285
:10B7D000636C69636B74696D653A2031202E2E2E7F
:10B7E00020323535206D7365630D0A003D00000081
:10B7F0003E0000003C0000003E3D00003C3D0000DB
:10B80000213D00000A0D284D6F64756C653A506F3C
:10B810007274290909000000502564090000000025
:10B820000A0A0D004D6F64756C652025643A0900A5
:10B83000090000002564090025643A256409000018
:10B840000A0D00000A0000000A0D546865736520A7
:10B85000706F7274732061726520726576657273A1
:10B8600065643A000A0D4D6F64756C65202564208F
:10B870003A205025640000000A0A0D416C6C206FCC
:10B880007468657220706F72747320617265206EC7
:10B890006F726D616C0A0D000A0D2A2A2A204D6F05
:10B8A00064756C6520256420537461747573202A57
:10B8B0002A2A0A000A0D436F6E6E65637465642060
:10B8C00076696120706F72743A205025640A0D0009
:10B8D0000A0D4669726D77617265207665727369CB
:10B8E0006F6E3A2025642E25642E2564000000002A
:10B8F0004A616E2020352032303235000A0D46690B
:10B90000726D7761726520646174653A2020202031
:10B910002573000031343A33383A323800000000E1
:10B920000A0D4669726D776172652074696D653ABA
:10B930002020202025730A0D000000000A0D506F02
:10B94000727473205374617475733A0A0A0D00009F
:10B950005025643A20000000467265650A0D00001B
:10B96000526563656976696E67206D65737361679B
:10B9700065730A0D0000000053747265616D696E95
:10B98000670A0D00526563656976696E6720757395
:10B99000657220636F6D6D616E64730A0D00000047
:10B9A000436F6E6E656374656420746F20612062FE
:10B9B0007574746F6E2F7377697463680A0D000075
:10B9C0000A0D444D412053747265616D73205374A8
:10B9D000617475733A0A0D000A0D53747265616DD6
:10B9E000696E6720444D412025642069732066728A
:10B9F000656500000A0D53747265616D696E67209C
:10BA0000444D412025642069732073747265616D13
:10BA1000696E672066726F6D2050256420746F20F8
:10BA2000502564000A0D546865736520706F727448
:10BA300073206172652072657665727365643A2061
:10BA40000000000050256420000000004E6F6E656D
:10BA500000000000CE520008DC520008EA52000844
:10BA6000F8520008065300086D650000616C6C0018
:10BA7000F45D0008705A00088C5A0008AA5A0008A1
:10BA8000D85A0008065B0008465B0008865B000881
:10BA9000705A0008F85D0008405C0008605C00080F
:10BAA000825C0008B45C0008E65C00082A5D0008BF
:10BAB000805D0008405C000898600008A0600008F5
:10BAC000A8600008B0600008B86000080E610008B7
:10BAD000166100081E610008266100082E6100083A
:10BAE000257320253032642F253032642F253034E1
:10BAF00064000000253032643A253032643A253043
:10BB000032640000081C3044586C80000A0D0A0D95
:10BB10003D3D3D3D3D3D3D3D3D3D3D3D3D3D3D3D55
:10BB20003D3D3D3D3D3D3D3D3D3D3D3D3D3D3D3D45
:10BB30003D3D3D3D3D3D3D3D3D3D3D3D3D3D3D3D35
:10BB40003D3D3D3D0920202020200A0D3D3D3D3D4D
:10BB50003D3D3D3D3D3D3D3D3D3D3D3D3D3D3D3D15
:10BB60003D3D3D3D3D3D3D3D3D3D3D3D3D3D3D3D05
:10BB70003D3D3D3D3D3D3D3D3D3D3D3D3D3D3D3DF5
:10BB80000920202020200A0D7C7C2020202020203D
:10BB900020202020202057656C636F6D6520746F16
:10BBA000204269747A4F5320434C492120202020A1
:10BBB000202020202020202020207C7C0909200A11
:10BBC0000D7C7C2020202020202028432920434F4A
:10BBD0005059524947485420484558414249545ABF
:10BBE00020323031372D323032342E2020202020A8
:10BBF0002020207C7C0920202020200A0D7C7C2015
:10BC00002020202020202020202020202020202034
:10BC10002020202020202020202020202020202024
:10BC20002020202020202020202020202020207CB8
:10BC30007C0909200A0D7C7C202020202020506CCB
:10BC40006561736520636865636B20746865207047
:10BC5000726F6A65637420776562736974652061C9
:10BC600074202020202020207C7C0909200A0D7CC3
:10BC70007C202020202020202020202020206874CC
:10BC800074703A2F2F686578616269747A2E636FD9
:10BC90006D2F202020202020202020202020202048
:10BCA000207C7C0920202020200A0D7C7C20202064
:10BCB0002020202020202020202020202020202084
:10BCC0002020202020202020202020202020202074
:10BCD000202020202020202020202020207C7C09C3
:10BCE00020202020200A0D7C7C20202054797065A3
:10BCF0002068656C7020666F722061206C697374B7
:10BD0000206F6620617661696C61626C6520636F8B
:10BD10006D6D616E64732E20207C7C0920202020B4
:10BD2000200A0D3D3D3D3D3D3D3D3D3D3D3D3D3DC3
:10BD30003D3D3D3D3D3D3D3D3D3D3D3D3D3D3D3D33
:10BD40003D3D3D3D3D3D3D3D3D3D3D3D3D3D3D3D23
:10BD50003D3D3D3D3D3D3D0920202020200A0D3D3B
:10BD60003D3D3D3D3D3D3D3D3D3D3D3D3D3D3D3D03
:10BD70003D3D3D3D3D3D3D3D3D3D3D3D3D3D3D3DF3
:10BD80003D3D3D3D3D3D3D3D3D3D3D3D3D3D3D3DE3
:10BD90003D3D3D0920202020200A0A0D0000000022
:10BDA0000D0A00000D0A5B507265737320454E54F6
:10BDB000455220746F2065786563757465207468DA
:10BDC000652070726576696F757320636F6D6D6144
:10BDD0006E6420616761696E5D0D0A3E00000000BF
:10BDE000436F6E6E656374656420746F206D6F645D
:10BDF000756C6520256420282573292C20706F72AE
:10BE000074205025642E0A0A0D3E00006966200049
:10BE10000A43616E6E6F742073746F7265206D6F6C
:10BE2000726520436F6D6D616E6420536E69707032
:10BE30006574732E20506C656173652064656C6554
:10BE40007465206578697374696E67206F6E6573B9
:10BE500020616E642074727920616761696E2E0AB8
:10BE60000D000000656E642069660000000000009F
:10BE70000A436F6E646974696F6E616C20737461DC
:10BE800074656D656E7420616363657074656420AC
:10BE9000616E6420616464656420746F20436F6D1B
:10BEA0006D616E6420536E6970706574732E0A0D37
:10BEB00000000000626F730057726F6E67206D6F35
:10BEC00064756C65206E616D652120506C656173D1
:10BED000652074727920616761696E2E0A0D000019
:10BEE00057726F6E67206D6F64756C6520494421D1
:10BEF00020506C6561736520747279206167616997
:10BF00006E2E0A0D00000000436F6D6D616E64209F
:10BF100062726F616463617374656420746F206121
:10BF20006C6C0A0D0000000025734D756C7469631C
:10BF300061737420436F6D6D616E6420666F7277FC
:10BF4000617264656420746F2067726F757020255C
:10BF5000730A0D007570646174650000436F6D6D48
:10BF6000616E6420666F7277617264656420746FBD
:10BF7000204D6F64756C652025640A0D000000007B
:10BF800025734D6F64756C65202564206973206E80
:10BF90006F7420726561636861626C652E0A0D00C2
:10BFA000636C69636B656400646F75626C652063C4
:10BFB0006C69636B656400007072657373656420FF
:10BFC000666F72200000000072656C6561736564C5
:10BFD00020666F722000000020000000CA75000873
:10BFE000287500083C750008507500087275000837
:10BFF00086750008A8750008081C3044586C80003D
:10C000003D3D003E00003C00003E3D003C3D002127
:10C010003D00000072756E2D74696D652D7374613D
:10C020007473000072756E2D74696D652D73746183
:10C0300074733A0D0A20446973706C617920612031
:10C040007461626C652073686F77696E6720686FD2
:10C0500077206D7563682070726F63657373696EA6
:10C06000672074696D652065616368204672656547
:10C0700052544F53207461736B2068617320757341
:10C0800065640D0A0D0A000014C0020824C00208ED
:10C09000D1780008000000007461736B2D73746127
:10C0A000747300007461736B2D73746174733A0D53
:10C0B0000A20446973706C61792061207461626C3C
:10C0C000652073686F77696E672074686520737484
:10C0D000617465206F6620656163682046726565DE
:10C0E00052544F53207461736B0D0A0D0A00000007
:10C0F00098C00208A4C0020891780008000000005F
:10C1000070696E670000000070696E673A0D0A2062
:10C1100050696E672061206D6F64756C650D0A0D46
:10C120000A00000000C1020808C1020811790008D5
:10C1300000000000757064617465000075706461D2
:10C1400074653A0D0A2050757420746865206D6F0F
:10C1500064756C6520696E20666163746F72792006
:10C16000626F6F746C6F61646572206D6F646520BF
:10C17000746F2075706461746520697473206669DA
:10C18000726D776172652E0D0A0A0909090909099C
:10C1900020202D205573652027236E2E7570646135
:10C1A00074652720746F20757064617465207265F2
:10C1B0006D6F7465206D6F64756C65206E2E204DFB
:10C1C000616B652073757265207468652070726F8D
:10C1D0006772616D6D696E6720706F72742069732C
:10C1E0002074686520696E636F6D696E6720706F7B
:10C1F0007274206F662074686973206D6F64756C4B
:10C20000652E0D0A09090909090920202D205573F9
:10C210006520277570646174652076696120236EDE
:10C220002070782720746F207573652074686520EE
:10C23000535420466C617368204C6F6164657220B2
:10C24000746F6F6C2077697468206D6F64756C65AE
:10C25000206E2C20706F7274207820746F2075709F
:10C26000646174652061206E65696768626F722021
:10C270006D6F64756C652E20546869732069732036
:10C2800075736566756C20696620090909090909D5
:10C2900009746172676574206D6F64756C652069DF
:10C2A00073206E6F742070617274206F66207468E2
:10C2B0006520746F706F6C6F6779206F722069668C
:10C2C0002070726F6772616D6D696E6720706F723A
:10C2D00074206973206E6F7420696E207468652005
:10C2E00073686F7274657374207061746820746F02
:10C2F00020746172676574206D6F64756C652E0DB6
:10C300000A0D0A0034C102083CC10208AD790008D8
:10C31000FF0000007265736574000000726573654C
:10C32000743A0D0A20526573657420746865206D37
:10C330006F64756C650D0A0D0A00000014C30208D5
:10C340001CC30208A97B0008000000006E616D6537
:10C35000000000006E616D653A0D0A204E616D654A
:10C3600020746865206D6F64756C652077697468EA
:10C3700020616E20616C69617320283173742070B4
:10C3800061722E290D0A0D0A000000004CC302083C
:10C3900054C30208B97B00080100000067726F7582
:10C3A0007000000067726F75703A0D0A2047726F57
:10C3B0007570206D756C7469706C65206D6F647537
:10C3C0006C65732028326E642B207061722E2920D8
:10C3D000696E746F2061206E6577206F72206578BA
:10C3E000697374696E672067726F75702028317386
:10C3F00074207061722E290D0A0D0A009CC3020878
:10C40000A4C30208A17C0008FF00000073746174DB
:10C41000757300007374617475733A0D0A20446972
:10C4200073706C6179206D6F64756C6520737461D5
:10C430007475730D0A0D0A000CC4020814C40208B6
:10C440009D7F000800000000696E666F000000001C
:10C45000696E666F3A0D0A20446973706C617920C9
:10C46000617272617920696E666F726D6174696F55
:10C470006E0D0A0D0A00000048C4020850C40208EC
:10C48000B97F00080000000073636173740000004E
:10C4900073636173743A0D0A20537461727420617E
:10C4A0002073696E676C652D6361737420444D4120
:10C4B0002073747265616D2E20536F7572636520F1
:10C4C000706F72742028317374207061722E292C61
:10C4D00020736F75726365206D6F64756C652028BD
:10C4E000326E64207061722E292C20646573746929
:10C4F0006E6174696F6E20706F727420283372647D
:10C50000207061722E292C20202020202020202025
:10C51000202020202020202020202020206465733F
:10C5200074696E6174696F6E206D6F64756C6520DF
:10C5300028347468207061722E292C206469726519
:10C540006374696F6E202827666F72776172642743
:10C550002C20276261636B77617264272C2027622D
:10C5600069646972656374696F6E616C272920283C
:10C57000357468207061722E292C207472616E737C
:10C5800066657220636F756E7420286279746573B6
:10C59000292028367468207061722E292C2074722C
:10C5A000616E736665722074696D656F757420289D
:10C5B0006D73292028377468207061722E290D0A46
:10C5C0000D0A000088C4020890C40208B580000863
:10C5D000070000006164642D627574746F6E000062
:10C5E0006164642D627574746F6E3A0D0A2044653F
:10C5F00066696E65206120627574746F6E20617467
:10C60000206F6E65206F66207468652061727261AC
:10C610007920706F7274732E20427574746F6E205F
:10C62000747970652028276D6F6D656E74617279FD
:10C630002D6E6F272C20276D6F6D656E746172797A
:10C640002D6E63272C20276F6E6F66662D6E6F2709
:10C650002C20276F6E6F66662D6E63272928317335
:10C6600074207061722E292C20427574746F6E20B4
:10C67000706F72742028326E64207061722E290DE2
:10C680000A0D0A00D4C50208E0C50208918300081B
:10C690000200000072656D6F76652D627574746FAF
:10C6A0006E00000072656D6F76652D627574746F33
:10C6B0006E3A0D0A2052656D6F76652061206275B5
:10C6C00074746F6E20746861742077617320707267
:10C6D0006576696F75736C7920646566696E6564EB
:10C6E000206174207468697320706F72742028311F
:10C6F0007374207061722E290D0A0D0A000000006B
:10C7000094C60208A4C60208E184000801000000E3
:10C71000736574007365743A0D0A20536574206163
:10C7200020706172616D65746572202831737420A8
:10C730007061722E2920776974682061206769769C
:10C74000656E2076616C75652028326E642070619C
:10C75000722E290D0A0D0A0010C7020814C702081C
:10C7600075850008FF000000676574006765743A0E
:10C770000D0A2047657420746865206375727265C0
:10C780006E742076616C7565206F66206120706123
:10C7900072616D65746572202831737420706172E6
:10C7A0002E290D0A0D0A000068C702086CC702088E
:10C7B0006D910008FF00000064656661756C74008F
:10C7C00064656661756C743A0D0A20547970652051
:10C7D0002764656661756C7420706172616D732782
:10C7E00020746F2073657420616C6C2070617261BD
:10C7F0006D657465727320746F2064656661756C15
:10C80000742076616C7565730D0A2054797065200B
:10C810002764656661756C74206172726179272086
:10C82000746F2072656D6F76652063757272656EC8
:10C830007420746F706F6C6F67790D0A0D0A0000B9
:10C84000B8C70208C0C7020821950008010000000F
:10C8500074696D650000000074696D653A0D0A2009
:10C86000446973706C61792063757272656E7420AF
:10C8700074696D6520696E2048483A4D4D3A5353AE
:10C880002D6D73656320666F726D61740D0A0D0AFC
:10C890000000000050C8020858C802081596000899
:10C8A000000000006461746500000000646174654C
:10C8B0003A0D0A20446973706C6179206375727255
:10C8C000656E74206461746520696E205765656BC0
:10C8D000646179204D4D2F44442F59595959206690
:10C8E0006F726D61740D0A0D0A000000A4C8020881
:10C8F000ACC80208ED960008000000007365742DB6
:10C900006261756472617465000000007365742D66
:10C9100062617564726174653A0D0A205365742012
:10C92000554152542062617564726174650D0A0943
:10C930002831737420706172616D65746572293A73
:10C9400020503120746F2050360D0A0928326E6451
:10C9500020706172616D65746572293A206261753B
:10C9600064726174650D0A0D0A000000FCC80208BB
:10C970000CC902082197000802000000757569645F
:10C9800000000000757569643A0D0A2044697370EF
:10C990006C6179204D435520756E69717565205520
:10C9A00049440D0A0D0A00007CC9020884C9020826
:10C9B000E1970008000000006964636F646500008F
:10C9C0006964636F64653A0D0A20446973706C6131
:10C9D00079204D4355204944434F44452028444540
:10C9E000565F494420616E64205245565F49442990
:10C9F0000D0A0D0A00000000B8C90208C0C90208EB
:10CA00005198000800000000666C6173682D73691E
:10CA10007A650000666C6173682D73697A653A0DFA
:10CA20000A20446973706C6179204D435520466C2F
:10CA30006173682073697A6520696E204B6279742E
:10CA400065730D0A0D0A000008CA020814CA02081C
:10CA50003199000800000000736E6970000000004A
:10CA6000736E69703A0D0A20446973706C617920A5
:10CA700061206C697374206F662073746F726564D3
:10CA800020436F6D6D616E6420536E6970706574C4
:10CA90007320746F2065646974206F722064656C04
:10CAA0006574650D0A0D0A0058CA020860CA0208BA
:10CAB00065990008000000006163742D736E697051
:10CAC000000000006163742D736E69703A0D0A20D6
:10CAD0004163746976617465206120436F6D6D6197
:10CAE0006E6420536E69707065740D0A0D0A000043
:10CAF000B8CA0208C4CA0208119D0008010000005B
:10CB000070617573652D736E697000007061757367
:10CB1000652D736E69703A0D0A205061757365203A
:10CB20006120436F6D6D616E6420536E6970706536
:10CB3000740D0A0D0A00000000CB02080CCB02089D
:10CB4000C99D00080100000064656C2D736E69705A
:10CB50000000000064656C2D736E69703A0D0A2048
:10CB600044656C657465206120436F6D6D616E6412
:10CB700020536E69707065740D0A0D0A0000000084
:10CB800048CB020854CB0208819E00080100000037
:10CB900062726964676500006272696467653A0D74
:10CBA0000A204272696467652074776F206172722F
:10CBB000617920706F7274730D0A0D0A0000000015
:10CBC00090CB020898CB020855A000080200000094
:10CBD000756E62726964676500000000756E62724E
:10CBE000696467653A0D0A20556E2D627269646743
:10CBF000652074776F20617272617920706F727432
:10CC0000730D0A0D0A000000D0CB0208DCCB02082D
:10CC100071A1000802000000746573742D706F72BA
:10CC200074000000746573742D706F72743A0D0A8D
:10CC3000207465737420706F72742066756E6374EF
:10CC4000696F6E616C6974792E20796F75206361EC
:10CC50006E2063686F6F7365206569746865722004
:10CC6000746F2074657374206F6E652073706563D4
:10CC70006966696320706F7274206F7220746F2010
:10CC80007465737420616C6C20706F7274732E20E5
:10CC9000706C6561736520747970652050782077B9
:10CCA000686572652078207374616E647320666FA6
:10CCB0007220746865206E756D626572206F6620E3
:10CCC000706F7274206F722074797065203C616C93
:10CCD0006C3E20746F207465737420616C6C2070DE
:10CCE0006F72740D0A0D0A0018CC020824CC0208D9
:10CCF0008DA2000801000000726561642D6164630B
:10CD000000000000726561642D6164633A0D0A20C1
:10CD100052656164204144432056616C756520660C
:10CD2000726F6D20506F72742032206F7220506FBE
:10CD30007274203320616E642063686F6F736520A6
:10CD400074686520736964652077686572656173CE
:10CD500020746F70206F7220626F74746F6D0D0A93
:10CD60000D0A0000F8CC020804CD020875A50008E1
:10CD700002000000726561642D74656D7000000032
:10CD8000726561642D74656D703A0D0A205265619B
:10CD90006420696E7465726E616C2074656D706577
:10CDA0007261747572650D0A0D0A000074CD020877
:10CDB00080CD0208A9A60008000000007265616429
:10CDC0002D76726566000000726561642D7672656D
:10CDD000663A0D0A205265616420696E7465726E50
:10CDE000616C207265666572656E636520566F6C56
:10CDF000746167650D0A0D0A00000000BCCD0208D1
:10CE0000C8CD0208FDA6000800000000726561643C
:10CE10002D6164632D70657263656E746167650072
:10CE2000726561642D6164632D70657263656E74F3
:10CE30006167653A0D0A2047657420706572636505
:10CE40006E746167652076616C75652066726F6DC2
:10CE500020706F72742032206F7220706F72742095
:10CE6000330D0A0D0A0000000CCE020820CE020885
:10CE700051A70008010000005461736B20537461D6
:10CE80007465205072696F7269747920537461639C
:10CE90006B20230D0A2A2A2A2A2A2A2A2A2A2A2AFF
:10CEA0002A2A2A2A2A2A2A2A2A2A2A2A2A2A2A2AE2
:10CEB0002A2A2A2A2A2A2A2A2A2A2A2A2A2A2A2AD2
:10CEC0002A2A2A2A2A0D0A005461736B20416273B0
:10CED0002054696D6520252054696D650D0A2A2A44
:10CEE0002A2A2A2A2A2A2A2A2A2A2A2A2A2A2A2AA2
:10CEF0002A2A2A2A2A2A2A2A2A2A2A2A2A2A2A2A92
:10CF00002A2A2A2A2A2A0D0A0000000076696100CE
:10CF10004D6F64756C6573205B0000002C20000071
:10CF20000A0D4E756D626572206F66206D6F6475B7
:10CF30006C65733A2025640A000000000A0D4172F6
:10CF400072617920746F706F6C6F67793A0A0000B4
:10CF5000436F756C64206E6F74207265616420701D
:10CF60006F72747320646972656374696F6E206692
:10CF70006F7220736F6D65206D6F64756C657321C2
:10CF800020506C65617365207472792061676169F6
:10CF90006E0A0D0020000000666F727761726400F7
:10CFA0006261636B776172640000000062696469AA
:10CFB00072656374696F6E616C0000006D6F6D6502
:10CFC0006E746172792D6E6F000000006D6F6D657B
:10CFD0006E746172792D6E63000000006F6E6F6673
:10CFE000662D6E6F000000006F6E6F66662D6E63BB
:10CFF00000000000626F732E000000007265737005
:10D000006F6E736500000000616C6C006D6573737A
:10D0100061676500636C69006E6F6E6500000000FB
:10D020007472616365000000636C696261756472AB
:10D03000617465006465626F756E63650000000071
:10D0400073696E676C65636C69636B74696D6500A9
:10D050006D696E696E746572636C69636B74696D1A
:10D06000650000006D6178696E746572636C696358
:10D070006B74696D65000000616D0000706D0000EB
:10D080006D6F6E6461790000747565736461790019
:10D090007765646E65736461790000007468757209
:10D0A0007364617900000000667269646179000050
:10D0B00073617475726461790000000073756E6449
:10D0C000617900006A616E7561727900312000003B
:10D0D000666562727561727900000000322000009E
:10D0E0006D61726368000000332000006170726936
:10D0F0006C000000342000006D61790035200000D4
:10D100006A756E6500000000362000006A756C7953
:10D11000000000003720000061756775737400001F
:10D120003820000073657074656D626572000000E0
:10D13000392000006F63746F626572003130000047
:10D140006E6F76656D62657200000000313100001F
:10D15000646563656D626572000000003132000035
:10D160006D73670025640A0D0000000025732325F8
:10D17000640A0D00706172616D730000617272610A
:10D1800079000000414D0000504D00002573000063
:10D190000D0A000053544D333246303378000000FE
:10D1A00053544D33324630347800000053544D33DD
:10D1B000324630357800000053544D333246303714
:10D1C0007800000053544D33324630397800000067
:10D1D000554E4B4E4F574E00A6980008D698000863
:10D1E000C6980008D6980008869800089698000807
:10D1F000D6980008D6980008B69800085061757354
:10D2000065640041637469766500000048000000B1
:10D21000746F7000626F74746F6D00004144435FFF
:10D2200056616C75653D2575200D0A00696E746543
:10D23000726E616C2074656D706572617475726573
:10D2400020697320252E326643200D0A000000005D
:10D25000696E7465726E616C207265666572656E6A
:10D26000636520766F6C746167652069733D252E58
:10D27000326656200D0A00004144432076616C75E9
:10D28000652070657263656E746167652069733DC2
:10D29000252E3266252520250D0A000048692066C6
:10D2A000726F6D206D6F64756C652025640D0A00CA
:10D2B00048692066726F6D206D6F64756C652025FE
:10D2C0006420282573290D0A000000005570646150
:10D2D0007465206669726D7761726520666F722071
:10D2E0006D6F64756C652025640A0D0057726F6E52
:10D2F000672076616C7565210A0D00004D6F6475BD
:10D300006C65202564206973206E616D656420253D
:10D31000730A0D002573206973206120726573659F
:10D320007276656420424F53206B6579776F726423
:10D330002120506C656173652075736520612064E0
:10D340006966666572656E7420616C6961730A0D49
:10D3500000000000257320697320616C72656164B0
:10D360007920757365642120506C65617365207543
:10D370007365206120646966666572656E742061FC
:10D380006C6961730A0D0000257320697320616E5A
:10D39000206578697374696E6720434C4920636F18
:10D3A0006D6D616E642120506C65617365207573CD
:10D3B00065206120646966666572656E7420616CC3
:10D3C0006961730A0D0000002573206973206120D4
:10D3D00077726F6E67206D6F64756C6520494420AD
:10D3E0006F7220616C6961730A0D0000506C656199
:10D3F000736520656E74657220736F6D65206D6F47
:10D4000064756C652049447320746F2061646420E6
:10D41000746F2025730A0D005D20616464656420CB
:10D42000746F206E65772067726F75702025730AA0
:10D430000D0000005D20616464656420746F2065E8
:10D4400078697374696E672067726F7570202573D1
:10D450000A0D000041637469766174696E6720612A
:10D460002025732073696E676C652D63617374206A
:10D47000444D412073747265616D2066726F6D203A
:10D4800050256420696E206D6F64756C652025736E
:10D4900020746F2050256420696E206D6F64756C58
:10D4A000652025732E205468652073747265616D44
:10D4B0002077696C6C20646561637469766174655A
:10D4C000206166746572202564206279746573201A
:10D4D0006F72202564206D730A0D000041206E6577
:10D4E0007720257320627574746F6E206E616D6590
:10D4F00064204225642077617320646566696E65E7
:10D500006420617420706F7274205025640A0D00CD
:10D51000427574746F6E20422564207761732072A7
:10D52000656D6F7665642066726F6D20706F7274C2
:10D53000205025640A0D0000257320776173207345
:10D54000657420746F2025730A0D00000A596F75E9
:10D55000206D757374207265737461727420746FBA
:10D5600020656E61626C6520746865206E65772049
:10D5700062617564726174652E0A0D005468697386
:10D58000206166666563747320616C6C20706F72D5
:10D5900074732E20496620796F75206368616E6709
:10D5A0006520746869732076616C75652066726F9A
:10D5B0006D2064656661756C742C20090909090980
:10D5C00009090909090909202020796F75206D755D
:10D5D000737420636F6E6E65637420746F206120B6
:10D5E000434C4920706F7274206F6E2065616368D0
:10D5F000207374617274757020746F207265737417
:10D600006F7265206F746865722061727261792033
:10D61000706F72747320696E746F206465666175D3
:10D620006C742062617564726174650A0D0000009B
:10D6300057726F6E6720706172616D6574657221DB
:10D640000A0D000025730A0D0000000025732067F5
:10D65000726F757020646F6573206E6F74206578CB
:10D66000697374210A0D000047726F75702025736D
:10D67000206D656D626572733A0A0D00257320692D
:10D68000732073657420746F20612077726F6E67EA
:10D690002076616C7565210A0D000000416C6C20DC
:10D6A000706172616D657465727320736574207446
:10D6B0006F2064656661756C742076616C75657346
:10D6C0000A0D000043757272656E7420617272619A
:10D6D0007920746F706F6C6F677920776173207237
:10D6E000656D6F7665642E20506C65617365207280
:10D6F00065626F6F7420616C6C206D6F64756C6512
:10D70000730A0D0043757272656E742074696D65DD
:10D7100020697320253032643A253032643A25304E
:10D7200032642D253033640A0D0000004375727297
:10D73000656E742074696D652069732025303264CC
:10D740003A253032643A253032642D253033642056
:10D7500025730A0D0000000043757272656E742017
:10D76000646174652069732025730A0D0000000050
:10D7700057726F6E6720706172616D65746572219A
:10D780000D0A0000426175647261746520666F72F3
:10D7900020706F7274205025642077617320736548
:10D7A0007420746F2025640D0A0000004D4355203D
:10D7B000555549442069730A0D0000004D4355201A
:10D7C0004445565F49442069732025730A0D0000C3
:10D7D00025734D4355205245565F494420697320B7
:10D7E00025642E300A0D00004D435520466C6173B0
:10D7F000682073697A65206973202564204B6279FB
:10D800007465730A0D00000054686520666F6C6CC7
:10D810006F77696E6720436F6D6D616E6420536E24
:10D82000697070657473206172652073746F7265BE
:10D830006420696E206D656D6F72793A0A0A0D0079
:10D840005B253032645D2025730A0D0025736966FF
:10D85000206225642E636C69636B656400000000C0
:10D8600025736966206225642E646F75626C65207D
:10D87000636C69636B656400257369662062256467
:10D880002E7072657373656420666F722025640064
:10D8900025736966206225642E72656C6561736507
:10D8A0006420666F7220256400000000257369669D
:10D8B00020257320257320252E31660025730A0D3F
:10D8C000092573000A0D656E642069660A0A0D0059
:10D8D000546F2064656C657465206120536E6970B7
:10D8E0007065742C20747970653A2064656C2D73B2
:10D8F0006E697020780A0D546F20616374697661D7
:10D900007465206120536E69707065742C20747981
:10D9100070653A200909090909090909090909096C
:10D9200009096163742D736E697020780A0D546F54
:10D93000207061757365206120536E697070657425
:10D940002C20747970653A2070617573652D736E43
:10D95000697020780A0A0D776865726520782069F9
:10D96000732074686520536E6970706574206E75DD
:10D970006D6265722066726F6D20746865206C69D7
:10D9800073740A0D00000000536E69707065742096
:10D99000776173206163746976617465642E2054C5
:10D9A00079706520736E697020746F207669657771
:10D9B0002075706461746564206C6973740A0D006D
:10D9C00054686520536E6970706574206E756D6261
:10D9D000657220776173206E6F7420666F756E6458
:10D9E0000A0D0000536E69707065742077617320B2
:10D9F0007061757365642E205479706520736E694B
:10DA00007020746F20766965772075706461746525
:10DA100064206C6973740A0D00000000536E697015
:10DA2000706574207761732064656C657465642E1D
:10DA3000205479706520736E697020746F20766948
:10DA400065772075706461746564206C6973740A0D
:10DA50000D00000050256420616E64205025642074
:10DA6000617265206272696467656420746F6765BE
:10DA7000746865720A0D000057726F6E67207379C3
:10DA80006E7461780A0D0000506F727420627269C2
:10DA90006467696E67206661696C65640A0D0000E1
:10DAA00050256420616E64205025642061726520D9
:10DAB000756E2D627269646765640A0D000000006E
:10DAC000506F727420756E6272696467696E672048
:10DAD0006661696C65640A0D0000000050256420D1
:10DAE000697320776F726B696E6720636F727265FE
:10DAF00063746C790A0D000050256420746573749A
:10DB0000206661696C65640A0D000000506C6561F7
:10DB100073652073686F7274656E20746865206E1B
:10DB200065787420706F727420616E642070726505
:10DB3000737320616E79206B657920746F20636F39
:10DB40006E74696E75652074657374696E67207490
:10DB50006865206E657874206F6E650A0D0A0D0089
:10DB600074686520706F7274206E756D62657220C6
:10DB700069732077726F6E670A0D000057726F6EBF
:10DB80006720506172616D657465720A0D00000056
:10DB900057726F6E6720506F7274206E756D62657C
:10DBA00072200A0D00000000081C3044586C8000F0
:10DBB00044656661756C745461736B004261636B9C
:10DBC000456E645461736B00557365725461736B79
:10DBD00000000000436C695461736B0050314D7359
:10DBE000675461736B00000050324D73675461736A
:10DBF0006B00000050334D73675461736B0000007D
:10DC000050344D73675461736B00000050354D7391
:10DC1000675461736B00000050364D736754617335
:10DC20006B000000081C3044586C8000537472650F
:10DC3000616D54696D657200FEB500089EB50008FF
:10DC4000AEB50008BEB50008CEB50008DEB50008C8
:10DC5000EEB50008081C3044586C80004869206606
:10DC6000726F6D206D6F64756C652025640D0A0000
:10DC700048692066726F6D206D6F64756C65202534
:10DC80006420282573290D0A00000000746F7000BD
:10DC9000626F74746F6D0000581D0108A2D00008F7
:10DCA000ACD000082AD100083CD100084ED10008B1
:10DCB000B41C0108B41C0108B41C0108B41C010800
:10DCC0009CD1000880D20008B41C0108B41C0108D3
:10DCD00080D70008C4DA000842D8000810D900082C
:10DCE000B41C0108E8D90008FCD9000870DC000861
:10DCF00082DC000896DC000802DE000800DF000875
:10DD000016DF0008ACDF000890E70008B41C01082B
:10DD10009CE900085AF1000890F80008AC090108D5
:10DD200090F80008D6090108340A0108B41C01085B
:10DD3000B41C0108B41C0108AA0E0108440F010814
:10DD4000440F0108500F0108BA100108C41001085F
:10DD5000CE1001081E1C01086A1C010848F10008C9
:10DD600084EA0008A8EA0008CEEA000806EB0008EA
:10DD700050EB00089EEB0008ECEB000884EA00087A
:10DD80004EF1000824ED000848ED00086EED000893
:10DD9000A6ED0008DEED00082CEE00087AEE000883
:10DDA00024ED000854F10008A4EF0008C8EF0008B3
:10DDB000EEEF000826F000085EF00008ACF0000866
:10DDC000FAF00008A4EF0008CCF10008D4F1000834
:10DDD00014F2000878F20008DEF2000844F30008AC
:10DDE000E8F300088CF40008D4F1000878F8000883
:10DDF00066F500089AF50008D0F5000838F6000826
:10DE000092F6000834F70008D6F7000866F5000817
:10DE10006A01010846F9000842FA000828FB0008D8
:10DE200036FC000854FD0008A6FE0008F8FF0008B4
:10DE300046F900086C0601084C0301087A03010842
:10DE4000AA03010802040108780401081805010862
:10DE5000B80501084C03010856090108E606010847
:10DE6000E60601083407010834070108A80701087D
:10DE7000A80701087C080108E60601080811010846
:10DE800024120108F812010884130108C8140108BB
:10DE9000881501087C160108501901085411010861
:10DEA000081C3044586C80728000010073616D70F2
:10DEB0006C65000073616D706C653A0D0A205379D2
:10DEC0006E7461783A2073616D706C65205B636F6E
:10DED0006C6F725D2F5B64697374616E63655D2F37
:10DEE0005B74656D705D2F5B68756D6964697479CD
:10DEF0005D2F5B7069725D2E0D0A0D0A0000000037
:10DF0000ACDE0208B4DE020831480108010000005E
:10DF100073747265616D000073747265616D3A0DA2
:10DF20000A2053796E7461783A2073747265616D5A
:10DF3000205B636F6C6F725D2F5B64697374616EDD
:10DF400063655D2F5B74656D705D2F5B68756D69D2
:10DF5000646974795D2F5B7069725D2028706572E9
:10DF6000696F6420696E206D7329202874696D655E
:10DF700020696E206D7329205B706F72745D205B69
:10DF80006D6F64756C655D2E0D0A0D0A0000000052
:10DF900010DF020818DF02088D4A0108FF000000A8
:10DFA00053656E736F72487562000000F2260108B7
:10DFB0003227010872270108B2270108F227010859
:10DFC000322801086C290108B02A0108EA2B01084F
:10DFD000242D01085265643A2025642C204772657F
:10DFE000656E3A2025642C20426C75653A202564C4
:10DFF0000D0A00005049523A2025640D0A00000025
:10E0000048756D69646974793A20252E34730D0A58
:10E010000000000054656D70657261747572653A38
:10E020002020252E34730D0A00000000446973740B
:10E03000616E63653A2025640D0A0000E837010827
:10E04000AC3801083C3C0108BA3A01083E390108E5
:10E05000FE3D0108123F0108943F01082E400108CF
:10E06000F84001080D0A0000636F6C6F7200000039
:10E0700064697374616E63650000000074656D709F
:10E080000000000068756D69646974790000000023
:10E0900070697200496E76616C69642041726775BF
:10E0A0006D656E74730D0A0053746F702073747213
:10E0B00065616D20210A0D00081C3044586C8000F9
:10E0C000AE6C0108EE6C0108726C0108906C0108DE
:10E0D0002E6D0108706D0108B26D0108F46D010824
:10E0E000586E0108966E0108626F74746F6D0000BF
:10E0F000746F7000081C3044586C80005265737453
:10E10000617274696E672E2E2E0D0A00486172646A
:10E110004661756C74204572726F720D0A000000C2
:10E12000537461636B204F766572666C6F770D0A6E
:10E1300000000000486561702073697A6520657889
:10E140006365656465640D0A00000000081C3044C6
:10E15000586C80004A616E20203520323032350004
:10E1600031343A33383A323300000000081C30446E
:10E17000586C8000BA980108A2980108A698010876
:10E18000AA980108AE980108B2980108B69801084B
:10E19000081C3044586C80000000000000000000A3
:10E1A000000000000000000000000000000000006F
:10E1B000000000000000000001000000020000005C
:10E1C000030000000400000006000000070000003B
:10E1D000080000000900000000000000000000002E
:10E1E000000000000000000001000000020000002C
:10E1F0000300000004000000081C3044586C80003C
:10E2000068656C70000000000D0A68656C703A0D5E
:10E210000A204C6973747320616C6C2074686520EB
:10E220007265676973746572656420636F6D6D6193
:10E230006E64732E2054797065202768656C702099
:10E24000706172616D732720746F206C6973742024
:10E25000617661696C61626C6520706172616D6587
:10E260007465727320616E642074686569722070D1
:10E270006F737369626C652076616C7565730D0AE6
:10E280000D0A000000E2020808E202085D9F010892
:10E29000FF000000496E636F727265637420636FE4
:10E2A0006D6D616E6420706172616D657465722858
:10E2B00073292E2020456E746572202268656C706B
:10E2C0002220746F20766965772061206C697374F1
:10E2D000206F6620617661696C61626C6520636F96
:10E2E0006D6D616E64732E0D0A0D0A00436F6D6DC6
:10E2F000616E64206E6F74207265636F676E697300
:10E3000065642E2020456E746572202268656C70ED
:10E310002220746F20766965772061206C697374A0
:10E32000206F6620617661696C61626C6520636F45
:10E330006D6D616E64732E0D0A0D0A00706172615D
:10E340006D73000049444C45000000000925630935
:10E3500025750925750925750D0A000098C4010861
:10E36000A2C40108ACC40108B6C40108C0C40108B5
:10E370000925750909257525250D0A000925750941
:10E38000093C3125250D0A00CAC701088CC70108C0
:10E390009AC70108A6C70108AEC70108D2C801087C
:10E3A00094C80108A2C80108AEC80108B6C801088F
:10E3B000546D72205376630024CF010824CF0108E6
:10E3C00024CF010888CF01089CCF0108CCCF0108D9
:10E3D00024CF010824CF010888CF01089CCF010871
:10E3E000546D725100000000081C3044586C8000CD
:10E3F000010002000400060008000A000C001000E2
:10E400002000400080000001081C3044586C80004F
:10E4100001010103070100000804020408010101D1
:10E42000520A0008820900089A090008B809000881
:10E430009A090008FC0900089A090008B8090008B0
:10E440008209000882090008FC090008B8090008D0
:10E45000A2090008A2090008A2090008060A00088B
:10E4600082090008820900089A090008900A000839
:10E470009A090008FC0900089A090008900A000897
:10E480008209000882090008FC090008900A0008B7
:10E49000A2090008A2090008A2090008881A0008B9
:10E4A0007A1A0008581A0008841A0008581A000836
:10E4B0006E1D0008581A0008841A00087A1A00080D
:10E4C0007A1A00086E1D0008841A0008401A000815
:10E4D000401A0008401A0008E01D00082E00000045
:10E4E00034000000CEFBFFFFCB0300000100000062
:10E4F0000000000035000000CEFBFFFFCB03000052
:10E500000100000000000000BC89D897B2D29C3CFA
:10E5100033A7A8D523F649393DA7F444FD0FA5320A
:10E520009D978CCF08BA5B25436FAC6428066811B1
:10E5300000202020202020202020282828282820D3
:10E5400020202020202020202020202020202020CB
:10E550002088101010101010101010101010101033
:10E560001004040404040404040404101010101023
:10E5700010104141414141410101010101010101ED
:10E58000010101010101010101010101101010103F
:10E5900010104242424242420202020202020202BF
:10E5A0000202020202020202020202021010101013
:10E5B000200000000000000000000000000000003B
:10E5C000000000000000000000000000000000004B
:10E5D000000000000000000000000000000000003B
:10E5E000000000000000000000000000000000002B
:10E5F000000000000000000000000000000000001B
:10E60000000000000000000000000000000000000A
:10E6100000000000000000000000000000000000FA
:10E6200000000000000000000000000000000000EA
:10E63000004300504F5349580042616C6C6F632097
:10E64000737563636565646564002F6275696C64E6
:10E650002F676E752D746F6F6C732D666F722D73CF
:10E66000746D33325F31322E332E72656C312E323F
:10E67000303234303932362D313731352F737263C1
:10E680002F6E65776C69622F6E65776C69622F6C8F
:10E690006962632F7374646C69622F6764746F615D
:10E6A0002D6765746865782E63002F6275696C64E8
:10E6B0002F676E752D746F6F6C732D666F722D736F
:10E6C000746D33325F31322E332E72656C312E32DF
:10E6D000303234303932362D313731352F73726361
:10E6E0002F6E65776C69622F6E65776C69622F6C2F
:10E6F0006962632F7374646C69622F6D70726563F5
:10E700002E63000005000000190000007D000000DD
:10E710000080E03779C34143176E05B5B5B893461D
:10E72000F5F93FE9034F384D321D30F94877825AE9
:10E730003CBF737FDD4F1575000000000000F03F07
:10E7400000000000000024400000000000005940CC
:10E750000000000000408F40000000000088C3401F
:10E7600000000000006AF8400000000080842E4194
:10E7700000000000D01263410000000084D79741E0
:10E780000000000065CDCD41000000205FA00242E6
:10E79000000000E876483742000000A2941A6D425B
:10E7A000000040E59C30A2420000901EC4BCD6424E
:10E7B00000003426F56B0C430080E03779C34143F9
:10E7C00000A0D8855734764300C84E676DC1AB436F
:10E7D000003D9160E458E143408CB5781DAF15448D
:10E7E00050EFE2D6E41A4B4492D54D06CFF0804468
:10E7F000F64AE1C7022DB544B49DD9794378EA447D
:10E80000494E4600696E66004E414E006E616E00D4
:10E810003031323334353637383961626364656696
:10E82000003031323334353637383941424344458C
:10E830004600300030303030303030303030303022
:10E840003030303020202020202020202020202088
:10E85000202020202C2066756E6374696F6E3A202C
:10E8600000617373657274696F6E202225732220B4
:10E870006661696C65643A2066696C65202225735F
:10E88000222C206C696E65202564257325730A008F
:10E89000496E66696E697479004E614E002F62752B
:10E8A000696C642F676E752D746F6F6C732D666F56
:10E8B000722D73746D33325F31322E332E72656C6C
:10E8C000312E32303234303932362D313731352F26
:10E8D0007372632F6E65776C69622F6E65776C69F2
:10E8E000622F6C6962632F7374646C69622F647445
:10E8F0006F612E63003030303030303030303030A7
:10E9000030303030302020202020202020202020B7
:08E9100020202020200000005F
:08E91800D41DFD7F0100000089
:08E92000D5660208E9000008B9
:04E92800C100000822
:10E92C00010016000000240000003D00000015004E
:10E93C00000000001D000000000009001E00000087
:10E94C000000000000001300000026002900000059
:10E95C0000000B000000000001002100000000007E
:10E96C003300000000001F00000000002C0000001D
:10E97C0000000000280000004600000000000D0010
:10E98C0000001200000049000000560000003A0090
:10E99C001200420000000000000000000000150002
:10E9AC000000000000000000000044001E003200C7
:10E9BC0005FA000000100E00001800000000000016
:10E9CC0000000000000000006000000000000100DA
:10E9DC00120000002CB3020830B3020834B3020852
:10E9EC0038B302083CB3020840B3020844B302082F
:10E9FC0048B302084CB3020850B3020854B30208DF
:10EA0C0058B302085CB3020864B302086CB3020882
:10EA1C0078B3020884B302088CB3020898B30208D6
:10EA2C00A0B3020890B40208C4B4020800B50208EE
:10EA3C000A09FF0118B6020844B6020870B60208AB
:10EA4C0044B7020870B702089CB70208C4B70208A2
:10EA5C00010016000000240000003D00000015001D
:10EA6C00000000001D000000000009001E00000056
:10EA7C000000000000001300000026002900000028
:10EA8C0000000B000000000001002100000000004D
:10EA9C003300000000001F00000000002C000000EC
:10EAAC0000000000280000004600000000000D00DF
:10EABC0000001200000049000000560000003A005F
:10EACC0012004200000000000000000000001500D1
:10EADC000000000000000000000044000CBB020815
:10EAEC00A0BD0208A4BD020801001600000024000D
:10EAFC0000003D0000001500000000001D0000009B
:10EB0C00000009001E0000000000000000001300BF
:10EB1C00000026002900000000000B00000000008F
:10EB2C0001002100000000003300000000001F0065
:10EB3C00000000002C000000000000002800000075
:10EB4C004600000000000D0000001200000049000B
:10EB5C000000560000003A001200420000000000C5
:10EB6C000000000000001500000000000000000084
:10EB7C00000044009CD20208B0D20208CCD2020899
:10EB8C00ECD20208FCD2020814D3020854D30208B7
:10EB9C0088D30208C8D30208ECD3020818D40208A0
:10EBAC0034D4020814D3020854D3020888D30208C0
:10EBBC0054D40208DCD4020810D5020838D5020857
:10EBCC004CD502087CD5020830D60208ECD20208DB
:10EBDC0044D602084CD6020868D6020830D6020881
:10EBEC007CD602089CD60208C4D60208ECD20208D5
:10EBFC0004D702082CD7020858D7020870D702088D
:10EC0C0084D70208ACD70208BCD70208D0D70208B8
:10EC1C00E8D7020808D8020840D802084CD80208E5
:10EC2C0060D8020878D8020890D80208ACD802083C
:10EC3C00BCD80208C4D80208D0D8020888D9020867
:10EC4C00C0D90208E4D90208C0D902081CDA0208AB
:10EC5C00C0D9020854DA020878DA020888DA020805
:10EC6C00A0DA020878DA0208C0DA0208DCDA020854
:10EC7C00F8DA02080CDB020860DB020878DA02081A
:10EC8C007CDB020890DB020890DB02080100160016
:10EC9C000000240000003D000000150000000000F2
:10ECAC001D000000000009001E0000000000000014
:10ECBC0000001300000026002900000000000B00DB
:10ECCC0000000000010021000000000033000000E3
:10ECDC0000001F00000000002C00000000000000DD
:10ECEC00280000004600000000000D00000012008B
:10ECFC00000049000000560000003A0012004200DB
:10ED0C0000000000000000000000150000000000E2
:10ED1C000000000000004400010016000000240068
:10ED2C0000003D0000001500000000001D00000068
:10ED3C00000009001E00000000000000000013008D
:10ED4C00000026002900000000000B00000000005D
:10ED5C0001002100000000003300000000001F0033
:10ED6C00000000002C000000000000002800000043
:10ED7C004600000000000D000000120000004900D9
:10ED8C000000560000003A00120042000000000093
:10ED9C000000000000001500000000000000000052
:10EDAC0000004400A8E00208010016000000240046
:10EDBC0000003D0000001500000000001D000000D8
:10EDCC00000009001E0000000000000000001300FD
:10EDDC00000026002900000000000B0000000000CD
:10EDEC0001002100000000003300000000001F00A3
:10EDFC00000000002C0000000000000028000000B3
:10EE0C004600000000000D00000012000000490048
:10EE1C000000560000003A00120042000000000002
:10EE2C0000000000000015000000000000000000C1
:10EE3C0000004400FCE002080024F400010016006D
:10EE4C000000240000003D00000015000000000040
:10EE5C001D000000000009001E0000000000000062
:10EE6C0000001300000026002900000000000B0029
:10EE7C000000000001002100000000003300000031
:10EE8C0000001F00000000002C000000000000002B
:10EE9C00280000004600000000000D0000001200D9
:10EEAC00000049000000560000003A001200420029
:10EEBC000000000000000000000015000000000031
:10EECC00000000000000440084E202080000000082
:10EEDC00A8050020AAAAAAAA0400000001000000AC
:10EEEC00FFFFFFFF00000200000000000000000018
:10EEFC00C8050020C8050020D0050020D005002042
:10EF0C00D8050020D8050020E0050020E0050020F1
:10EF1C00E8050020E8050020F0050020F0050020A1
:10EF2C00F8050020F805002000060020000600204F
:10EF3C0008060020080600201006002010060020FD
:10EF4C0018060020180600202006002020060020AD
:10EF5C00280600202806002030060020300600205D
:10EF6C00380600203806002040060020400600200D
:10EF7C0048060020480600205006002050060020BD
:10EF8C00580600205806002060060020600600206D
:10EF9C00680600206806002070060020700600201D
:10EFAC0078060020780600208006002080060020CD
:10EFBC00880600208806002090060020900600207D
:10EFCC009806002098060020A0060020A00600202D
:10EFDC00A8060020A8060020B0060020B0060020DD
:10EFEC00B8060020B8060020C0060020C00600208D
:10EFFC00C8060020C8060020D0060020D00600203D
:10F00C00D8060020D8060020E0060020E0060020EC
:10F01C00E8060020E8060020F0060020F00600209C
:10F02C00F8060020F806002000070020000700204A
:10F03C0008070020080700201007002010070020F8
:10F04C0018070020180700202007002020070020A8
:10F05C002807002028070020300700203007002058
:10F06C003807002038070020400700204007002008
:10F07C0048070020480700205007002050070020B8
:10F08C005807002058070020600700206007002068
:10F09C006807002068070020700700207007002018
:10F0AC0078070020780700208007002080070020C8
:10F0BC008807002088070020900700209007002078
:10F0CC009807002098070020A0070020A007002028
:10F0DC00A8070020A8070020B0070020B0070020D8
:10F0EC00B8070020B8070020C0070020C007002088
:10F0FC00C8070020C8070020D0070020D007002038
:10F10C00D8070020D8070020E0070020E0070020E7
:10F11C00E8070020E8070020F0070020F007002097
:10F12C00F8070020F8070020000800200008002045
:10F13C0008080020080800201008002010080020F3
:10F14C0018080020180800202008002020080020A3
:10F15C002808002028080020300800203008002053
:10F16C003808002038080020400800204008002003
:10F17C0048080020480800205008002050080020B3
:10F18C005808002058080020600800206008002063
:10F19C006808002068080020700800207008002013
:10F1AC0078080020780800208008002080080020C3
:10F1BC008808002088080020900800209008002073
:10F1CC009808002098080020A0080020A008002023
:10F1DC00A8080020A8080020B0080020B0080020D3
:10F1EC00B8080020B8080020C0080020C008002083
:10F1FC00C8080020C8080020D0080020D008002033
:10F20C00D8080020D8080020E0080020E0080020E2
:10F21C00E8080020E8080020F0080020F008002092
:10F22C00F8080020F8080020000900200009002040
:10F23C0008090020080900201009002010090020EE
:10F24C00180900201809002020090020200900209E
:10F25C00280900202809002030090020300900204E
:10F26C0038090020380900204009002040090020FE
:10F27C0048090020480900205009002050090020AE
:10F28C00580900205809002060090020600900205E
:10F29C00680900206809002070090020700900200E
:10F2AC0078090020780900208009002080090020BE
:10F2BC00880900208809002090090020900900206E
:10F2CC009809002098090020A0090020A00900201E
:10F2DC00A8090020A8090020B0090020B0090020CE
:10F2EC00B8090020B8090020C0090020C00900207E
:10F2FC0000000000030000002C9E012043000000D1
:10F30C0000000000000000000000000000000000F1
:10F31C00000000000000000000000000430000009E
:10F32C0000000000000000000000000000000000D1
:10F33C00000000000000000000000000430000007E
:10F34C0000000000000000000000000000000000B1
:10F35C00000000000000000000000000430000005E
:10F36C000000000000000000000000000000000091
:10F37C00000000000000000000000000430000003E
:10F38C000000000000000000000000000000000071
:10F39C00000000000000000000000000430000001E
:10F3AC000000000000000000000000000000000051
:10F3BC0000000000000000000000000043000000FE
:10F3CC000000000000000000000000000000000031
:10F3DC00000000000000000000000000D9780208C6
:10F3EC00C16F02080000000030E50208DCE40208EE
:10F3FC008FE802088FE802088FE802088FE80208FD
:10F40C008FE802088FE802088FE802088FE80208EC
:10F41C008FE80208FFFFFFFFFFFFFFFFFFFFFFFF6B
:10F42C00FFFF000001004153434949000000000068
:10F43C0000000000000000000000000000000000C0
:10F44C000000000000004153434949000000000047
:10F45C0000000000000000000000000000000000A0
:10F46C000000000000000000500B00200000000015
:10F47C00000000002C9E0120949E0120FC9E012087
:10F48C000000000000000000000000000000000070
:10F49C000000000000000000000000000000000060
:10F4AC000000000000000000000000000000000050
:10F4BC000000000000000000000000000000000040
:10F4CC000000000000000000000000000000000030
:10F4DC000000000000000000000000000000000020
:10F4EC000000000000000000000000000000000010
:10F4FC000000000000000000000000000000000000
:10F50C0000000000000000000100000000000000EE
:10F51C000E33CDAB34126DE6ECDE05000B000000B3
:10F52C0000000000000000000000000000000000CF
:10F53C0000000000000000000000000000000000BF
:10F54C0000000000000000000000000000000000AF
:10F55C00000000000000000000000000000000009F
:10F56C00000000000000000000000000000000008F
:10F57C00000000000000000000000000000000007F
:10F58C00000000000000000000000000000000006F
:10F59C006D9F012080B588B000AF786039601F2363
:10F5AC00FB1800221A707B68BB613B687B611A4BAD
:10F5BC005A69194B8021C9020A435A61EFF310832F
:10F5CC00FB60FB683B6172B6C0460FE07A69BB69B1
:10F5DC0012681A607B6904337B61BB690433BB61BD
:10F5EC001F217B181A787B1801321A701F23FB1805
:10F5FC001B783F2BEAD9C046074B1A69C0239B02E4
:10F60C001340F9D13B69BB60BB6883F31088C046DB
:0CF61C00C046BD4608B080BD0020024082
:10F6280000000000000000000000000000000000D2
:0DF6380000000000000000000000000000C5
:0400000508019AD97B
:00000001FF
